year,liInc,lvalue
1880,7.521727,
1900,7.779033,
1920,8.187912,
1929,8.358916,
1930,8.191359,10.52535
1931,8.106313,
1932,7.883553,
1933,7.962873,
1934,8.168097,
1935,8.186518,
1936,8.316171,
1937,8.345716,
1938,8.271865,
1939,8.3218,
1940,8.42704,10.18098
1941,8.666565,
1942,8.889807,
1943,9.070123,
1944,9.168372,
1945,9.206307,
1946,9.084064,
1947,9.012267,
1948,9.025072,
1949,8.984131,
1950,9.060176,10.65965
1951,9.124861,
1952,9.163436,
1953,9.203778,
1954,9.174995,
1955,9.293505,
1956,9.342083,
1957,9.355926,
1958,9.353341,
1959,9.383999,
1960,9.387465,11.10779
1961,9.395347,
1962,9.433191,
1963,9.47319,
1964,9.532358,
1965,9.58674,
1966,9.622794,
1967,9.648887,
1968,9.70015,
1969,9.746785,
1970,9.771292,11.21702
1971,9.807487,
1972,9.871167,
1973,9.922431,
1974,9.912892,
1975,9.920144,
1976,9.972712,
1977,9.996382,
1978,10.03255,
1979,10.02445,
1980,9.989583,11.45564
1981,9.992667,
1982,9.988283,
1983,10.02213,
1984,10.07542,
1985,10.10807,
1986,10.13853,
1987,10.1555,
1988,10.18352,
1989,10.21651,
1990,10.21933,11.45432
1991,10.22313,
1992,10.24864,
1993,10.24783,
1994,10.27144,
1995,10.29031,
1996,10.29609,
1997,10.31565,
1998,10.35091,
1999,10.36199,
2000,10.376,11.63898
2001,10.38885,
2002,10.40029,
2003,10.41202,
2004,10.45109,
2005,10.47103,
2006,10.48213,
2007,10.50301,
2008,10.50394,
2009,10.46488,
2010,10.46479,11.67038
1880,7.489309,
1900,7.798417,
1920,8.235553,
1929,8.309292,
1930,8.033339,10.26556
1931,8.050933,
1932,7.838749,
1933,7.893975,
1934,8.040858,
1935,8.132102,
1936,8.292293,
1937,8.29659,
1938,8.210843,
1939,8.301304,
1940,8.336432,9.80006
1941,8.565795,
1942,8.81025,
1943,8.90446,
1944,9.091178,
1945,9.145538,
1946,9.081475,
1947,8.924881,
1948,9.023924,
1949,8.959146,
1950,8.987251,10.56941
1951,9.035284,
1952,9.087132,
1953,9.115075,
1954,9.118398,
1955,9.214225,
1956,9.244577,
1957,9.223659,
1958,9.245675,
1959,9.313966,
1960,9.290584,10.85814
1961,9.352424,
1962,9.38007,
1963,9.415515,
1964,9.473493,
1965,9.513878,
1966,9.589711,
1967,9.617089,
1968,9.657036,
1969,9.702847,
1970,9.72933,11.0574
1971,9.770036,
1972,9.83745,
1973,9.931334,
1974,9.920173,
1975,9.8993,
1976,9.942925,
1977,9.972404,
1978,10.03329,
1979,10.00765,
1980,9.949932,11.36943
1981,9.975018,
1982,9.965545,
1983,9.989995,
1984,10.05044,
1985,10.07487,
1986,10.10009,
1987,10.09792,
1988,10.12428,
1989,10.14287,
1990,10.13824,11.30604
1991,10.1446,
1992,10.18528,
1993,10.18548,
1994,10.2072,
1995,10.22202,
1996,10.24157,
1997,10.25351,
1998,10.28493,
1999,10.29887,
2000,10.31197,11.48287
2001,10.33948,
2002,10.34025,
2003,10.36392,
2004,10.39858,
2005,10.40764,
2006,10.42194,
2007,10.4662,
2008,10.47045,
2009,10.44347,
2010,10.43947,11.52954
1880,9.090959,
1900,9.092475,
1920,8.99177,
1929,8.985769,
1930,8.863705,10.38833
1931,8.770864,
1932,8.584229,
1933,8.596343,
1934,8.724185,
1935,8.840256,
1936,8.933287,
1937,8.988145,
1938,8.954822,
1939,8.993767,
1940,9.015894,10.04122
1941,9.201903,
1942,9.461253,
1943,9.494744,
1944,9.521101,
1945,9.567185,
1946,9.477519,
1947,9.401174,
1948,9.433294,
1949,9.43392,
1950,9.469098,10.94263
1951,9.567527,
1952,9.604323,
1953,9.597432,
1954,9.578421,
1955,9.614642,
1956,9.655555,
1957,9.645031,
1958,9.617466,
1959,9.654301,
1960,9.680029,11.36298
1961,9.691997,
1962,9.711888,
1963,9.714829,
1964,9.748587,
1965,9.773069,
1966,9.813043,
1967,9.846457,
1968,9.920635,
1969,9.992331,
1970,10.02806,11.49183
1971,10.06098,
1972,10.10904,
1973,10.14071,
1974,10.11374,
1975,10.06957,
1976,10.10438,
1977,10.12878,
1978,10.18545,
1979,10.19993,
1980,10.1818,11.96823
1981,10.19322,
1982,10.16137,
1983,10.19625,
1984,10.25004,
1985,10.27808,
1986,10.30969,
1987,10.31225,
1988,10.31675,
1989,10.3135,
1990,10.29266,11.85418
1991,10.27766,
1992,10.27706,
1993,10.2813,
1994,10.30976,
1995,10.32121,
1996,10.34025,
1997,10.36699,
1998,10.41645,
1999,10.43026,
2000,10.46445,11.99342
2001,10.4663,
2002,10.46409,
2003,10.46958,
2004,10.51366,
2005,10.55321,
2006,10.57736,
2007,10.58877,
2008,10.56401,
2009,10.5038,
2010,10.49527,12.3391
1880,9.081814,
1900,9.209122,
1920,9.346071,
1929,9.496279,
1930,9.408072,11.23151
1931,9.334675,
1932,9.182886,
1933,9.174399,
1934,9.241313,
1935,9.31236,
1936,9.451729,
1937,9.44805,
1938,9.439402,
1939,9.466483,
1940,9.536064,10.9652
1941,9.668825,
1942,9.802771,
1943,9.929814,
1944,9.934515,
1945,9.911818,
1946,9.88188,
1947,9.759459,
1948,9.722942,
1949,9.725763,
1950,9.788183,11.4196
1951,9.816918,
1952,9.857781,
1953,9.869118,
1954,9.852208,
1955,9.922599,
1956,9.955718,
1957,9.955481,
1958,9.934345,
1959,9.98067,
1960,9.993586,11.67073
1961,10.00318,
1962,10.03537,
1963,10.05429,
1964,10.09548,
1965,10.12058,
1966,10.16107,
1967,10.18846,
1968,10.22827,
1969,10.25227,
1970,10.25423,11.82552
1971,10.25737,
1972,10.30671,
1973,10.33291,
1974,10.32644,
1975,10.32369,
1976,10.36114,
1977,10.38798,
1978,10.42518,
1979,10.43089,
1980,10.41114,12.37134
1981,10.40998,
1982,10.3947,
1983,10.418,
1984,10.46753,
1985,10.48538,
1986,10.51066,
1987,10.52604,
1988,10.54174,
1989,10.54143,
1990,10.53338,12.74646
1991,10.50856,
1992,10.51081,
1993,10.49484,
1994,10.50003,
1995,10.51587,
1996,10.53809,
1997,10.56367,
1998,10.62405,
1999,10.65178,
2000,10.70383,12.54938
2001,10.6904,
2002,10.6792,
2003,10.68351,
2004,10.71764,
2005,10.73717,
2006,10.76758,
2007,10.78699,
2008,10.76301,
2009,10.70084,
2010,10.70412,13.12489
1880,9.025313,
1900,9.071699,
1920,9.030548,
1929,9.040048,
1930,8.968112,10.69436
1931,8.864325,
1932,8.686688,
1933,8.73067,
1934,8.750678,
1935,8.90928,
1936,9.091041,
1937,9.04147,
1938,9.010158,
1939,9.046484,
1940,9.093067,10.44239
1941,9.218316,
1942,9.43714,
1943,9.527173,
1944,9.534955,
1945,9.622568,
1946,9.558021,
1947,9.534024,
1948,9.52531,
1949,9.525266,
1950,9.574939,11.12885
1951,9.66754,
1952,9.695317,
1953,9.650578,
1954,9.620584,
1955,9.677648,
1956,9.711537,
1957,9.750586,
1958,9.743806,
1959,9.784138,
1960,9.802431,11.46563
1961,9.824796,
1962,9.836521,
1963,9.850207,
1964,9.876213,
1965,9.918698,
1966,9.9525,
1967,9.97511,
1968,10.00741,
1969,10.04572,
1970,10.08164,11.54306
1971,10.12385,
1972,10.17419,
1973,10.21515,
1974,10.21018,
1975,10.20258,
1976,10.23119,
1977,10.25906,
1978,10.30465,
1979,10.31033,
1980,10.30377,12.10044
1981,10.32545,
1982,10.33177,
1983,10.34815,
1984,10.38608,
1985,10.39108,
1986,10.40144,
1987,10.39645,
1988,10.40804,
1989,10.43577,
1990,10.43501,11.88612
1991,10.43156,
1992,10.4494,
1993,10.46845,
1994,10.49097,
1995,10.51902,
1996,10.5449,
1997,10.57613,
1998,10.62334,
1999,10.65957,
2000,10.72111,12.31075
2001,10.73252,
2002,10.71049,
2003,10.69309,
2004,10.71663,
2005,10.73883,
2006,10.75941,
2007,10.77567,
2008,10.76691,
2009,10.69997,
2010,10.69581,12.40852
1880,8.702119,
1900,8.936901,
1920,9.111712,
1929,9.530447,
1930,9.447929,11.47616
1931,9.401694,
1932,9.251906,
1933,9.243933,
1934,9.326778,
1935,9.382298,
1936,9.498532,
1937,9.528255,
1938,9.436827,
1939,9.534721,
1940,9.62144,11.23406
1941,9.792287,
1942,9.902455,
1943,9.959993,
1944,9.94658,
1945,9.902589,
1946,9.828652,
1947,9.767382,
1948,9.700171,
1949,9.677192,
1950,9.794756,11.63494
1951,9.852419,
1952,9.896219,
1953,9.929402,
1954,9.903398,
1955,9.96018,
1956,10.02675,
1957,10.03969,
1958,9.941985,
1959,9.970423,
1960,9.985337,11.77144
1961,10.01446,
1962,10.04746,
1963,10.0583,
1964,10.09078,
1965,10.12576,
1966,10.17546,
1967,10.22605,
1968,10.23951,
1969,10.31408,
1970,10.30898,11.92516
1971,10.30929,
1972,10.35005,
1973,10.37931,
1974,10.36188,
1975,10.33982,
1976,10.36656,
1977,10.40104,
1978,10.43393,
1979,10.44348,
1980,10.44352,12.14287
1981,10.45729,
1982,10.47222,
1983,10.49864,
1984,10.56238,
1985,10.59041,
1986,10.63742,
1987,10.68256,
1988,10.73003,
1989,10.75814,
1990,10.7366,12.65156
1991,10.70419,
1992,10.74243,
1993,10.73957,
1994,10.74279,
1995,10.76304,
1996,10.7797,
1997,10.81735,
1998,10.86706,
1999,10.88451,
2000,10.93091,12.31255
2001,10.94125,
2002,10.91824,
2003,10.90337,
2004,10.94221,
2005,10.95452,
2006,10.99891,
2007,11.04373,
2008,11.02035,
2009,10.95974,
2010,10.95787,12.64246
1880,8.397723,
1900,8.709868,
1920,9.003485,
1929,9.534275,
1930,9.372156,11.11313
1931,9.363886,
1932,9.195938,
1933,9.204268,
1934,9.307327,
1935,9.371419,
1936,9.568701,
1937,9.624249,
1938,9.466274,
1939,9.605243,
1940,9.73208,11.13002
1941,9.807134,
1942,9.806649,
1943,9.874727,
1944,9.885145,
1945,9.875716,
1946,9.817938,
1947,9.744126,
1948,9.677244,
1949,9.758184,
1950,9.887103,11.36756
1951,9.850077,
1952,9.872245,
1953,9.906299,
1954,9.883327,
1955,9.971295,
1956,10.04996,
1957,9.977739,
1958,9.962973,
1959,9.980121,
1960,9.991719,11.47373
1961,9.983634,
1962,10.01343,
1963,10.03948,
1964,10.07809,
1965,10.13987,
1966,10.14848,
1967,10.16493,
1968,10.19827,
1969,10.224,
1970,10.2102,11.53465
1971,10.22936,
1972,10.27807,
1973,10.31836,
1974,10.29209,
1975,10.26665,
1976,10.29653,
1977,10.30537,
1978,10.32086,
1979,10.30825,
1980,10.30766,11.72996
1981,10.30442,
1982,10.31459,
1983,10.34293,
1984,10.39147,
1985,10.43171,
1986,10.45571,
1987,10.47925,
1988,10.50543,
1989,10.54682,
1990,10.52533,12.07707
1991,10.52403,
1992,10.51354,
1993,10.50101,
1994,10.50168,
1995,10.51223,
1996,10.53889,
1997,10.54543,
1998,10.59633,
1999,10.59798,
2000,10.62941,12.06576
2001,10.6437,
2002,10.65185,
2003,10.64816,
2004,10.68029,
2005,10.68524,
2006,10.70016,
2007,10.70497,
2008,10.68149,
2009,10.63263,
2010,10.63321,12.41236
1880,7.466169,
1900,8.022634,
1920,8.51973,
1929,8.843537,
1930,8.765415,10.59035
1931,8.694426,
1932,8.574535,
1933,8.531646,
1934,8.688074,
1935,8.747047,
1936,8.912092,
1937,8.955286,
1938,8.921458,
1939,9.008082,
1940,9.054646,10.50136
1941,9.158248,
1942,9.310802,
1943,9.500526,
1944,9.581849,
1945,9.61249,
1946,9.523645,
1947,9.386571,
1948,9.340179,
1949,9.357778,
1950,9.422836,11.05048
1951,9.409812,
1952,9.451343,
1953,9.504711,
1954,9.493206,
1955,9.566849,
1956,9.622132,
1957,9.613847,
1958,9.611971,
1959,9.666737,
1960,9.657068,11.42413
1961,9.656056,
1962,9.682878,
1963,9.71012,
1964,9.762716,
1965,9.807424,
1966,9.849998,
1967,9.900691,
1968,9.969179,
1969,10.03783,
1970,10.07121,11.39902
1971,10.09683,
1972,10.15761,
1973,10.20242,
1974,10.16707,
1975,10.13374,
1976,10.15256,
1977,10.18135,
1978,10.22571,
1979,10.2257,
1980,10.2269,11.74553
1981,10.24107,
1982,10.23232,
1983,10.27952,
1984,10.31909,
1985,10.34934,
1986,10.38074,
1987,10.39573,
1988,10.4208,
1989,10.45388,
1990,10.43807,11.81601
1991,10.41413,
1992,10.41917,
1993,10.4244,
1994,10.4326,
1995,10.4534,
1996,10.46832,
1997,10.48115,
1998,10.52544,
1999,10.53617,
2000,10.56516,11.85386
2001,10.56173,
2002,10.5679,
2003,10.57059,
2004,10.62023,
2005,10.64974,
2006,10.67892,
2007,10.69101,
2008,10.66682,
2009,10.60001,
2010,10.59617,12.30605
1880,7.567586,
1900,7.758634,
1920,8.291779,
1929,8.429908,
1930,8.330079,10.58236
1931,8.246311,
1932,8.098239,
1933,8.172096,
1934,8.321157,
1935,8.400052,
1936,8.501652,
1937,8.506491,
1938,8.447269,
1939,8.526621,
1940,8.606007,10.37616
1941,8.779745,
1942,8.980653,
1943,9.168036,
1944,9.287188,
1945,9.320213,
1946,9.198864,
1947,9.110489,
1948,9.140463,
1949,9.133345,
1950,9.217505,10.81696
1951,9.267019,
1952,9.308685,
1953,9.336617,
1954,9.310024,
1955,9.4055,
1956,9.443808,
1957,9.426062,
1958,9.431228,
1959,9.472238,
1960,9.477812,11.20732
1961,9.494581,
1962,9.539403,
1963,9.588839,
1964,9.636131,
1965,9.700723,
1966,9.758265,
1967,9.804506,
1968,9.848637,
1969,9.888192,
1970,9.902855,11.37391
1971,9.937285,
1972,10.00304,
1973,10.05033,
1974,10.02566,
1975,9.998985,
1976,10.04074,
1977,10.06407,
1978,10.10517,
1979,10.09427,
1980,10.06142,11.54043
1981,10.07401,
1982,10.08093,
1983,10.12748,
1984,10.19751,
1985,10.2343,
1986,10.28008,
1987,10.29757,
1988,10.32557,
1989,10.33643,
1990,10.3367,11.7378
1991,10.32617,
1992,10.35175,
1993,10.35953,
1994,10.38715,
1995,10.40938,
1996,10.43838,
1997,10.45547,
1998,10.49578,
1999,10.51556,
2000,10.54648,11.90648
2001,10.54624,
2002,10.53668,
2003,10.53193,
2004,10.54784,
2005,10.57018,
2006,10.5696,
2007,10.58675,
2008,10.5587,
2009,10.50745,
2010,10.5024,12.02857
1880,8.238292,
1900,8.620523,
1920,8.775472,
1929,8.940035,
1930,8.83256,10.82504
1931,8.692723,
1932,8.494209,
1933,8.39403,
1934,8.436881,
1935,8.849687,
1936,8.767832,
1937,9.006226,
1938,8.895804,
1939,8.948523,
1940,8.995178,10.51701
1941,9.145798,
1942,9.357311,
1943,9.504331,
1944,9.468643,
1945,9.530787,
1946,9.576997,
1947,9.419776,
1948,9.638786,
1949,9.475194,
1950,9.586891,11.00531
1951,9.57806,
1952,9.613711,
1953,9.565345,
1954,9.636074,
1955,9.569793,
1956,9.605329,
1957,9.672394,
1958,9.669016,
1959,9.678763,
1960,9.677891,11.24857
1961,9.725422,
1962,9.760247,
1963,9.809923,
1964,9.843383,
1965,9.932375,
1966,9.982183,
1967,9.959339,
1968,9.986116,
1969,10.03984,
1970,10.04059,11.32623
1971,10.03511,
1972,10.11461,
1973,10.23865,
1974,10.16921,
1975,10.18808,
1976,10.18892,
1977,10.22281,
1978,10.29213,
1979,10.25538,
1980,10.19112,11.63599
1981,10.21725,
1982,10.19341,
1983,10.18748,
1984,10.25099,
1985,10.25839,
1986,10.28549,
1987,10.30478,
1988,10.29226,
1989,10.32591,
1990,10.32447,11.29737
1991,10.30326,
1992,10.33329,
1993,10.29907,
1994,10.35917,
1995,10.36211,
1996,10.41439,
1997,10.43296,
1998,10.46485,
1999,10.4684,
2000,10.50149,11.60795
2001,10.49602,
2002,10.51258,
2003,10.5098,
2004,10.56275,
2005,10.55261,
2006,10.55952,
2007,10.60005,
2008,10.62478,
2009,10.59162,
2010,10.59257,11.70464
1880,8.730795,
1900,8.712549,
1920,8.832919,
1929,8.805725,
1930,8.806999,10.41752
1931,8.612987,
1932,8.402095,
1933,8.289145,
1934,8.797068,
1935,8.788209,
1936,8.943447,
1937,8.806939,
1938,8.828343,
1939,8.866108,
1940,8.919731,10.17475
1941,9.124979,
1942,9.452778,
1943,9.508483,
1944,9.556936,
1945,9.568969,
1946,9.546238,
1947,9.469622,
1948,9.444863,
1949,9.411152,
1950,9.43988,10.92838
1951,9.483797,
1952,9.560049,
1953,9.491313,
1954,9.490276,
1955,9.517225,
1956,9.584165,
1957,9.584079,
1958,9.570292,
1959,9.603258,
1960,9.588571,11.31689
1961,9.616384,
1962,9.662746,
1963,9.683421,
1964,9.706417,
1965,9.818812,
1966,9.801365,
1967,9.833998,
1968,9.847033,
1969,9.923857,
1970,9.949102,11.33764
1971,9.961435,
1972,10.0298,
1973,10.09507,
1974,10.12361,
1975,10.07643,
1976,10.11084,
1977,10.10811,
1978,10.14769,
1979,10.11249,
1980,10.08823,11.75869
1981,10.07239,
1982,10.03828,
1983,10.07782,
1984,10.09719,
1985,10.10746,
1986,10.11286,
1987,10.13104,
1988,10.16863,
1989,10.20672,
1990,10.21838,11.53479
1991,10.20319,
1992,10.23692,
1993,10.26699,
1994,10.28255,
1995,10.29615,
1996,10.30983,
1997,10.30816,
1998,10.35167,
1999,10.37535,
2000,10.40134,11.86142
2001,10.41223,
2002,10.4111,
2003,10.40422,
2004,10.45662,
2005,10.46642,
2006,10.49121,
2007,10.50543,
2008,10.47876,
2009,10.41369,
2010,10.41808,12.06897
1880,8.447664,
1900,8.868462,
1920,9.16067,
1929,9.450705,
1930,9.312704,11.29774
1931,9.220857,
1932,9.003157,
1933,8.951398,
1934,9.064812,
1935,9.168661,
1936,9.280365,
1937,9.36054,
1938,9.262487,
1939,9.360625,
1940,9.418985,10.89168
1941,9.540956,
1942,9.586202,
1943,9.721728,
1944,9.8019,
1945,9.834933,
1946,9.797167,
1947,9.728018,
1948,9.751246,
1949,9.692007,
1950,9.764196,11.31869
1951,9.790645,
1952,9.8027,
1953,9.850133,
1954,9.82822,
1955,9.874256,
1956,9.937952,
1957,9.932254,
1958,9.891161,
1959,9.93367,
1960,9.938254,11.64388
1961,9.961069,
1962,9.99044,
1963,10.00404,
1964,10.04008,
1965,10.09415,
1966,10.13271,
1967,10.15366,
1968,10.17734,
1969,10.20739,
1970,10.20444,11.67691
1971,10.22507,
1972,10.27146,
1973,10.32413,
1974,10.31023,
1975,10.30556,
1976,10.3333,
1977,10.36291,
1978,10.38796,
1979,10.37531,
1980,10.32828,11.91935
1981,10.33136,
1982,10.32903,
1983,10.33939,
1984,10.39227,
1985,10.40779,
1986,10.43837,
1987,10.45813,
1988,10.49112,
1989,10.50271,
1990,10.50756,11.86412
1991,10.48123,
1992,10.5159,
1993,10.50897,
1994,10.53082,
1995,10.55133,
1996,10.57683,
1997,10.60236,
1998,10.64276,
1999,10.64982,
2000,10.68086,12.06882
2001,10.67062,
2002,10.67166,
2003,10.67609,
2004,10.69784,
2005,10.70318,
2006,10.72782,
2007,10.75737,
2008,10.7517,
2009,10.69368,
2010,10.69179,12.25309
1880,8.121928,
1900,8.511478,
1920,8.807091,
1929,8.998474,
1930,8.856248,10.82422
1931,8.785501,
1932,8.544514,
1933,8.547878,
1934,8.714328,
1935,8.852302,
1936,8.974676,
1937,9.066871,
1938,8.940241,
1939,9.048821,
1940,9.105371,10.58272
1941,9.329779,
1942,9.458071,
1943,9.619682,
1944,9.654886,
1945,9.674622,
1946,9.553278,
1947,9.504255,
1948,9.528678,
1949,9.474966,
1950,9.577238,10.99033
1951,9.61799,
1952,9.636428,
1953,9.718513,
1954,9.637122,
1955,9.695349,
1956,9.732478,
1957,9.71652,
1958,9.676608,
1959,9.72496,
1960,9.745105,11.27842
1961,9.752389,
1962,9.809582,
1963,9.832311,
1964,9.870427,
1965,9.941873,
1966,9.974504,
1967,9.979905,
1968,10.01459,
1969,10.0473,
1970,10.01815,11.31764
1971,10.05015,
1972,10.10136,
1973,10.17646,
1974,10.13658,
1975,10.12277,
1976,10.175,
1977,10.20905,
1978,10.23953,
1979,10.22515,
1980,10.16796,11.54853
1981,10.16497,
1982,10.14199,
1983,10.15712,
1984,10.21825,
1985,10.23535,
1986,10.26718,
1987,10.28682,
1988,10.3065,
1989,10.337,
1990,10.33046,11.45803
1991,10.3125,
1992,10.34965,
1993,10.3605,
1994,10.3885,
1995,10.39205,
1996,10.40856,
1997,10.42707,
1998,10.47568,
1999,10.48242,
2000,10.50784,11.74163
2001,10.5003,
2002,10.50048,
2003,10.51273,
2004,10.52845,
2005,10.51907,
2006,10.52781,
2007,10.53676,
2008,10.5312,
2009,10.48614,
2010,10.48037,11.74193
1880,7.901837,
1900,8.538635,
1920,8.816736,
1929,8.861465,
1930,8.750838,10.54652
1931,8.691053,
1932,8.402039,
1933,8.388005,
1934,8.497894,
1935,8.699459,
1936,8.755148,
1937,8.819701,
1938,8.730912,
1939,8.742155,
1940,8.840422,10.2546
1941,9.054354,
1942,9.383016,
1943,9.53137,
1944,9.62523,
1945,9.599545,
1946,9.489661,
1947,9.49134,
1948,9.448289,
1949,9.430568,
1950,9.540483,10.85941
1951,9.554721,
1952,9.671421,
1953,9.610959,
1954,9.636314,
1955,9.616297,
1956,9.639871,
1957,9.655185,
1958,9.711823,
1959,9.704246,
1960,9.717402,11.18605
1961,9.735161,
1962,9.759051,
1963,9.777415,
1964,9.818318,
1965,9.868245,
1966,9.913363,
1967,9.930588,
1968,9.964293,
1969,10.00951,
1970,10.02667,11.20558
1971,10.06605,
1972,10.14102,
1973,10.21351,
1974,10.18809,
1975,10.18399,
1976,10.20701,
1977,10.22449,
1978,10.2483,
1979,10.26923,
1980,10.22869,11.56453
1981,10.24972,
1982,10.2638,
1983,10.26639,
1984,10.31256,
1985,10.32651,
1986,10.35217,
1987,10.35631,
1988,10.35601,
1989,10.35723,
1990,10.36319,11.42599
1991,10.35312,
1992,10.38116,
1993,10.38463,
1994,10.40088,
1995,10.4024,
1996,10.43473,
1997,10.46437,
1998,10.50939,
1999,10.51757,
2000,10.54394,11.62
2001,10.55695,
2002,10.54395,
2003,10.55678,
2004,10.57183,
2005,10.58013,
2006,10.616,
2007,10.64959,
2008,10.6792,
2009,10.62274,
2010,10.61646,11.72769
1880,7.780937,
1900,8.096271,
1920,8.433178,
1929,8.554194,
1930,8.390978,10.71258
1931,8.36817,
1932,8.150449,
1933,8.178847,
1934,8.278348,
1935,8.387245,
1936,8.475838,
1937,8.586213,
1938,8.469592,
1939,8.513408,
1940,8.556548,10.43423
1941,8.718864,
1942,8.926262,
1943,9.131795,
1944,9.204026,
1945,9.227436,
1946,9.174005,
1947,9.083158,
1948,9.146893,
1949,9.100056,
1950,9.142299,10.82609
1951,9.221341,
1952,9.271549,
1953,9.318955,
1954,9.300084,
1955,9.347275,
1956,9.39878,
1957,9.402573,
1958,9.405357,
1959,9.435499,
1960,9.436607,11.13078
1961,9.48493,
1962,9.526663,
1963,9.558372,
1964,9.578939,
1965,9.641394,
1966,9.69984,
1967,9.740668,
1968,9.782065,
1969,9.827488,
1970,9.840954,11.23717
1971,9.861182,
1972,9.92061,
1973,9.969339,
1974,9.970783,
1975,9.955998,
1976,9.999446,
1977,10.0437,
1978,10.07708,
1979,10.08738,
1980,10.02565,11.46445
1981,10.03041,
1982,10.03097,
1983,10.03127,
1984,10.10148,
1985,10.10803,
1986,10.11664,
1987,10.13565,
1988,10.17723,
1989,10.19971,
1990,10.20268,11.39288
1991,10.21114,
1992,10.24203,
1993,10.23579,
1994,10.25258,
1995,10.26056,
1996,10.28302,
1997,10.31102,
1998,10.35214,
1999,10.36511,
2000,10.40538,11.6576
2001,10.4004,
2002,10.40394,
2003,10.40024,
2004,10.42368,
2005,10.42995,
2006,10.44377,
2007,10.46053,
2008,10.461,
2009,10.44307,
2010,10.43018,11.68105
1880,8.039902,
1900,8.160353,
1920,8.495849,
1929,8.609965,
1930,8.486461,10.5327
1931,8.465608,
1932,8.290445,
1933,8.287337,
1934,8.412338,
1935,8.482385,
1936,8.595358,
1937,8.630273,
1938,8.636474,
1939,8.683512,
1940,8.689874,10.05117
1941,8.853329,
1942,9.025332,
1943,9.250013,
1944,9.340816,
1945,9.33389,
1946,9.185347,
1947,9.10906,
1948,9.170816,
1949,9.239259,
1950,9.266685,10.79884
1951,9.272406,
1952,9.309882,
1953,9.351801,
1954,9.341949,
1955,9.388132,
1956,9.446488,
1957,9.485487,
1958,9.469208,
1959,9.491314,
1960,9.476556,11.32628
1961,9.496248,
1962,9.522294,
1963,9.564584,
1964,9.599708,
1965,9.648396,
1966,9.705855,
1967,9.757724,
1968,9.801356,
1969,9.801069,
1970,9.813272,11.375
1971,9.839582,
1972,9.885174,
1973,9.931005,
1974,9.948374,
1975,9.959488,
1976,10.01605,
1977,10.04902,
1978,10.09961,
1979,10.10577,
1980,10.10318,11.69342
1981,10.13573,
1982,10.13147,
1983,10.12874,
1984,10.15099,
1985,10.1523,
1986,10.13171,
1987,10.11409,
1988,10.13776,
1989,10.15996,
1990,10.19031,11.53993
1991,10.19796,
1992,10.22477,
1993,10.23609,
1994,10.27062,
1995,10.28087,
1996,10.29168,
1997,10.31419,
1998,10.34651,
1999,10.33985,
2000,10.35446,11.6378
2001,10.39691,
2002,10.40036,
2003,10.40335,
2004,10.43011,
2005,10.4672,
2006,10.54662,
2007,10.59868,
2008,10.6151,
2009,10.56655,
2010,10.56425,11.75104
1880,8.789757,
1900,9.027038,
1920,9.250437,
1929,9.406311,
1930,9.349231,11.36082
1931,9.347236,
1932,9.239702,
1933,9.200528,
1934,9.254823,
1935,9.287156,
1936,9.376837,
1937,9.365904,
1938,9.300917,
1939,9.389596,
1940,9.456285,11.04944
1941,9.551506,
1942,9.623315,
1943,9.726336,
1944,9.738482,
1945,9.75321,
1946,9.705119,
1947,9.596656,
1948,9.57198,
1949,9.562145,
1950,9.663125,11.37469
1951,9.681666,
1952,9.704914,
1953,9.723703,
1954,9.706886,
1955,9.781574,
1956,9.825336,
1957,9.838207,
1958,9.816506,
1959,9.854665,
1960,9.870568,11.5807
1961,9.897557,
1962,9.935969,
1963,9.946284,
1964,9.979904,
1965,10.01904,
1966,10.06105,
1967,10.10413,
1968,10.14785,
1969,10.17258,
1970,10.18315,11.71962
1971,10.19918,
1972,10.24048,
1973,10.2627,
1974,10.23946,
1975,10.22315,
1976,10.2474,
1977,10.26915,
1978,10.29724,
1979,10.29649,
1980,10.29024,11.81379
1981,10.29742,
1982,10.33091,
1983,10.37758,
1984,10.45013,
1985,10.48666,
1986,10.5375,
1987,10.57624,
1988,10.62113,
1989,10.61889,
1990,10.59754,12.56343
1991,10.57872,
1992,10.59552,
1993,10.59667,
1994,10.61833,
1995,10.63737,
1996,10.66507,
1997,10.69663,
1998,10.74675,
1999,10.77412,
2000,10.83855,12.41928
2001,10.84458,
2002,10.83016,
2003,10.82434,
2004,10.85401,
2005,10.86692,
2006,10.90341,
2007,10.93592,
2008,10.92826,
2009,10.88702,
2010,10.8905,12.83219
1880,8.252877,
1900,8.624093,
1920,9.028388,
1929,9.240598,
1930,9.189957,11.03802
1931,9.173728,
1932,9.061692,
1933,9.020053,
1934,9.103926,
1935,9.129821,
1936,9.232096,
1937,9.269935,
1938,9.242707,
1939,9.30201,
1940,9.363566,10.81364
1941,9.517414,
1942,9.662961,
1943,9.745858,
1944,9.756958,
1945,9.725757,
1946,9.644048,
1947,9.538999,
1948,9.564628,
1949,9.571506,
1950,9.653833,11.24515
1951,9.679454,
1952,9.728736,
1953,9.759023,
1954,9.710848,
1955,9.769757,
1956,9.820108,
1957,9.824367,
1958,9.771553,
1959,9.791444,
1960,9.80984,11.43257
1961,9.840611,
1962,9.881572,
1963,9.89992,
1964,9.943801,
1965,9.98567,
1966,10.03055,
1967,10.07015,
1968,10.11611,
1969,10.17595,
1970,10.20233,11.62174
1971,10.22782,
1972,10.27501,
1973,10.30928,
1974,10.2972,
1975,10.28854,
1976,10.32187,
1977,10.34046,
1978,10.36695,
1979,10.35855,
1980,10.3449,12.01314
1981,10.34649,
1982,10.36456,
1983,10.40159,
1984,10.45408,
1985,10.49477,
1986,10.53355,
1987,10.55908,
1988,10.58943,
1989,10.60235,
1990,10.59244,12.22879
1991,10.57736,
1992,10.58274,
1993,10.58157,
1994,10.59483,
1995,10.59887,
1996,10.60925,
1997,10.63281,
1998,10.67568,
1999,10.70067,
2000,10.74124,12.17876
2001,10.75624,
2002,10.7648,
2003,10.77048,
2004,10.81107,
2005,10.8278,
2006,10.84494,
2007,10.86761,
2008,10.86782,
2009,10.84309,
2010,10.84603,12.7409
1880,8.117566,
1900,8.53961,
1920,8.85487,
1929,8.987679,
1930,8.965973,10.70181
1931,8.90544,
1932,8.749292,
1933,8.781417,
1934,8.866693,
1935,8.881885,
1936,9.025468,
1937,8.998863,
1938,8.941648,
1939,9.004293,
1940,9.059583,10.40189
1941,9.193414,
1942,9.395881,
1943,9.588802,
1944,9.571432,
1945,9.527822,
1946,9.494332,
1947,9.389073,
1948,9.369739,
1949,9.33468,
1950,9.333086,10.74181
1951,9.357404,
1952,9.426091,
1953,9.424987,
1954,9.416338,
1955,9.510005,
1956,9.549059,
1957,9.54657,
1958,9.555634,
1959,9.575753,
1960,9.598527,11.13078
1961,9.578764,
1962,9.610626,
1963,9.630875,
1964,9.696379,
1965,9.75458,
1966,9.787295,
1967,9.802372,
1968,9.838142,
1969,9.884494,
1970,9.912909,11.26166
1971,9.920576,
1972,9.961186,
1973,10.01107,
1974,10.00335,
1975,9.973156,
1976,10.04267,
1977,10.0505,
1978,10.06852,
1979,10.06191,
1980,10.0525,11.56717
1981,10.04938,
1982,10.06688,
1983,10.09856,
1984,10.15378,
1985,10.18806,
1986,10.2427,
1987,10.28068,
1988,10.31741,
1989,10.33791,
1990,10.31644,11.9414
1991,10.28945,
1992,10.30222,
1993,10.2985,
1994,10.31833,
1995,10.33147,
1996,10.3566,
1997,10.38196,
1998,10.43521,
1999,10.45312,
2000,10.47978,11.78724
2001,10.50574,
2002,10.51338,
2003,10.52508,
2004,10.55453,
2005,10.54105,
2006,10.55222,
2007,10.57425,
2008,10.5745,
2009,10.56381,
2010,10.55602,12.10085
1880,8.277089,
1900,8.530313,
1920,9.017958,
1929,9.269209,
1930,9.106909,11.15115
1931,9.004403,
1932,8.793692,
1933,8.718378,
1934,8.956285,
1935,9.090956,
1936,9.231625,
1937,9.298403,
1938,9.137817,
1939,9.241902,
1940,9.319019,10.75662
1941,9.467292,
1942,9.600202,
1943,9.796598,
1944,9.805573,
1945,9.734694,
1946,9.654604,
1947,9.616738,
1948,9.606789,
1949,9.594764,
1950,9.702025,11.17597
1951,9.72596,
1952,9.75314,
1953,9.84936,
1954,9.783242,
1955,9.862451,
1956,9.864659,
1957,9.846795,
1958,9.787825,
1959,9.828807,
1960,9.846922,11.44094
1961,9.83315,
1962,9.889752,
1963,9.928875,
1964,9.994528,
1965,10.06464,
1966,10.10635,
1967,10.10679,
1968,10.16004,
1969,10.16338,
1970,10.11998,11.55272
1971,10.14686,
1972,10.21425,
1973,10.2648,
1974,10.2253,
1975,10.20014,
1976,10.26141,
1977,10.31272,
1978,10.34112,
1979,10.32361,
1980,10.26348,11.59578
1981,10.23873,
1982,10.21856,
1983,10.25094,
1984,10.3096,
1985,10.3522,
1986,10.38907,
1987,10.38146,
1988,10.39753,
1989,10.4179,
1990,10.40043,11.5752
1991,10.3809,
1992,10.40464,
1993,10.41725,
1994,10.46289,
1995,10.47122,
1996,10.4778,
1997,10.49825,
1998,10.54228,
1999,10.55535,
2000,10.57616,11.94529
2001,10.56909,
2002,10.56131,
2003,10.57248,
2004,10.56824,
2005,10.55897,
2006,10.54897,
2007,10.55951,
2008,10.54237,
2009,10.49067,
2010,10.49926,11.9466
1880,8.277885,
1900,8.641454,
1920,8.792796,
1929,8.97997,
1930,8.920546,10.98632
1931,8.833367,
1932,8.702018,
1933,8.59965,
1934,8.716346,
1935,8.917647,
1936,8.955983,
1937,9.049387,
1938,8.981734,
1939,9.043534,
1940,9.048566,10.81133
1941,9.162536,
1942,9.316936,
1943,9.432104,
1944,9.475766,
1945,9.550729,
1946,9.537621,
1947,9.466485,
1948,9.52224,
1949,9.450114,
1950,9.516932,11.21649
1951,9.538174,
1952,9.551942,
1953,9.590989,
1954,9.592381,
1955,9.633064,
1956,9.645167,
1957,9.661178,
1958,9.676789,
1959,9.691337,
1960,9.71824,11.50548
1961,9.745234,
1962,9.776002,
1963,9.817073,
1964,9.835544,
1965,9.910227,
1966,9.956334,
1967,9.98691,
1968,10.03,
1969,10.06943,
1970,10.08405,11.57875
1971,10.09406,
1972,10.14256,
1973,10.24083,
1974,10.2079,
1975,10.18811,
1976,10.20838,
1977,10.25946,
1978,10.29698,
1979,10.29014,
1980,10.25746,11.92675
1981,10.25509,
1982,10.2604,
1983,10.28022,
1984,10.35716,
1985,10.37494,
1986,10.40759,
1987,10.42876,
1988,10.42425,
1989,10.4544,
1990,10.45203,11.77497
1991,10.43183,
1992,10.45903,
1993,10.44327,
1994,10.48087,
1995,10.50133,
1996,10.54134,
1997,10.56485,
1998,10.62673,
1999,10.64796,
2000,10.67943,12.00245
2001,10.6741,
2002,10.67984,
2003,10.69138,
2004,10.72116,
2005,10.71526,
2006,10.72701,
2007,10.75002,
2008,10.75089,
2009,10.69768,
2010,10.71042,12.28549
1880,8.168336,
1900,8.545526,
1920,8.809733,
1929,9.021101,
1930,8.944643,10.92712
1931,8.902347,
1932,8.711207,
1933,8.676022,
1934,8.741961,
1935,8.853966,
1936,8.944027,
1937,8.992597,
1938,8.947782,
1939,9.019724,
1940,9.043801,10.57688
1941,9.204502,
1942,9.331263,
1943,9.452324,
1944,9.538919,
1945,9.572858,
1946,9.541322,
1947,9.433947,
1948,9.471302,
1949,9.451386,
1950,9.513274,11.01774
1951,9.522875,
1952,9.569751,
1953,9.60766,
1954,9.594777,
1955,9.651643,
1956,9.684287,
1957,9.673165,
1958,9.709752,
1959,9.742888,
1960,9.740104,11.3448
1961,9.757581,
1962,9.798248,
1963,9.826151,
1964,9.856642,
1965,9.918755,
1966,9.945673,
1967,9.974036,
1968,10.02798,
1969,10.01334,
1970,10.03469,11.35525
1971,10.05789,
1972,10.10454,
1973,10.14702,
1974,10.10978,
1975,10.10938,
1976,10.14508,
1977,10.18343,
1978,10.21444,
1979,10.21429,
1980,10.16285,11.535
1981,10.17424,
1982,10.18215,
1983,10.21142,
1984,10.26615,
1985,10.29263,
1986,10.31915,
1987,10.32838,
1988,10.33851,
1989,10.3525,
1990,10.3378,11.56191
1991,10.3377,
1992,10.36151,
1993,10.36379,
1994,10.39144,
1995,10.40068,
1996,10.41936,
1997,10.44788,
1998,10.48557,
1999,10.49468,
2000,10.52324,11.69385
2001,10.52179,
2002,10.52853,
2003,10.53732,
2004,10.55698,
2005,10.55413,
2006,10.56819,
2007,10.59101,
2008,10.60962,
2009,10.56894,
2010,10.56275,11.85434
1880,7.530099,
1900,7.743587,
1920,8.080335,
1929,8.217454,
1930,7.902074,10.25788
1931,7.842959,
1932,7.621359,
1933,7.705965,
1934,7.954174,
1935,7.971992,
1936,8.20363,
1937,8.15641,
1938,8.062985,
1939,8.103027,
1940,8.145973,9.877863
1941,8.458611,
1942,8.716164,
1943,8.855084,
1944,9.0022,
1945,8.98033,
1946,8.87065,
1947,8.82227,
1948,8.924091,
1949,8.815127,
1950,8.892595,10.58687
1951,8.916552,
1952,8.962029,
1953,8.98918,
1954,8.967238,
1955,9.094337,
1956,9.08529,
1957,9.062258,
1958,9.117182,
1959,9.185696,
1960,9.160793,11.0229
1961,9.217289,
1962,9.233646,
1963,9.317494,
1964,9.34217,
1965,9.406135,
1966,9.463093,
1967,9.520186,
1968,9.573241,
1969,9.617573,
1970,9.651704,11.13069
1971,9.69146,
1972,9.772242,
1973,9.830765,
1974,9.811848,
1975,9.795193,
1976,9.859906,
1977,9.894577,
1978,9.918756,
1979,9.929326,
1980,9.878832,11.37903
1981,9.893543,
1982,9.882232,
1983,9.890932,
1984,9.938631,
1985,9.953618,
1986,9.966827,
1987,9.990569,
1988,10.01863,
1989,10.04916,
1990,10.04478,11.29081
1991,10.05067,
1992,10.08455,
1993,10.10658,
1994,10.14931,
1995,10.1608,
1996,10.18296,
1997,10.20359,
1998,10.24315,
1999,10.2513,
2000,10.26576,11.46345
2001,10.29449,
2002,10.29258,
2003,10.30569,
2004,10.33355,
2005,10.36724,
2006,10.37068,
2007,10.4076,
2008,10.41133,
2009,10.38007,
2010,10.38823,11.46802
1880,9.240931,
1900,9.335924,
1920,8.88082,
1929,8.974443,
1930,8.829927,10.38875
1931,8.662632,
1932,8.620909,
1933,8.559875,
1934,8.731331,
1935,8.973433,
1936,8.96628,
1937,9.002997,
1938,9.025672,
1939,9.070286,
1940,9.128557,10.20613
1941,9.303119,
1942,9.437094,
1943,9.622004,
1944,9.632945,
1945,9.630783,
1946,9.629908,
1947,9.617085,
1948,9.64239,
1949,9.51363,
1950,9.664509,10.91894
1951,9.675955,
1952,9.664981,
1953,9.650755,
1954,9.621978,
1955,9.69397,
1956,9.697953,
1957,9.693192,
1958,9.706667,
1959,9.673184,
1960,9.681767,11.3448
1961,9.64514,
1962,9.793411,
1963,9.764335,
1964,9.765821,
1965,9.822265,
1966,9.862655,
1967,9.859373,
1968,9.869748,
1969,9.933231,
1970,9.973011,11.33877
1971,9.974858,
1972,10.08105,
1973,10.15993,
1974,10.1262,
1975,10.11882,
1976,10.12734,
1977,10.12998,
1978,10.20167,
1979,10.16206,
1980,10.1337,11.76952
1981,10.15514,
1982,10.13777,
1983,10.14544,
1984,10.15288,
1985,10.13022,
1986,10.16059,
1987,10.16431,
1988,10.15387,
1989,10.20242,
1990,10.20173,11.50691
1991,10.21778,
1992,10.2249,
1993,10.24897,
1994,10.23501,
1995,10.23755,
1996,10.24628,
1997,10.26288,
1998,10.31621,
1999,10.3213,
2000,10.35034,11.79531
2001,10.39725,
2002,10.39535,
2003,10.42157,
2004,10.45932,
2005,10.48087,
2006,10.5059,
2007,10.53696,
2008,10.54293,
2009,10.49643,
2010,10.51005,12.04099
1880,7.27395,
1900,7.581527,
1920,8.310798,
1929,8.383982,
1930,8.278443,10.54472
1931,8.209309,
1932,8.027,
1933,8.18113,
1934,8.34722,
1935,8.404276,
1936,8.483157,
1937,8.536819,
1938,8.459441,
1939,8.543216,
1940,8.566748,10.29365
1941,8.78413,
1942,8.985824,
1943,9.121098,
1944,9.201858,
1945,9.251099,
1946,9.219809,
1947,9.122516,
1948,9.153782,
1949,9.133335,
1950,9.228837,10.75103
1951,9.255951,
1952,9.267756,
1953,9.295028,
1954,9.304371,
1955,9.364435,
1956,9.399216,
1957,9.35715,
1958,9.383164,
1959,9.424805,
1960,9.438685,11.03547
1961,9.46453,
1962,9.516581,
1963,9.546776,
1964,9.60218,
1965,9.649335,
1966,9.718866,
1967,9.756067,
1968,9.801966,
1969,9.854698,
1970,9.871028,11.26976
1971,9.895392,
1972,9.969215,
1973,10.02136,
1974,10.00057,
1975,9.97754,
1976,10.02185,
1977,10.03804,
1978,10.07502,
1979,10.06045,
1980,10.0343,11.51574
1981,10.04695,
1982,10.0475,
1983,10.09403,
1984,10.16606,
1985,10.19841,
1986,10.24172,
1987,10.26728,
1988,10.30113,
1989,10.32409,
1990,10.31548,11.65752
1991,10.30274,
1992,10.33843,
1993,10.35135,
1994,10.372,
1995,10.39069,
1996,10.41117,
1997,10.44128,
1998,10.48092,
1999,10.49878,
2000,10.524,11.88006
2001,10.51204,
2002,10.49879,
2003,10.49389,
2004,10.52686,
2005,10.54328,
2006,10.5492,
2007,10.56941,
2008,10.55527,
2009,10.50823,
2010,10.50747,11.9205
1880,8.649366,
1900,8.654263,
1920,8.562901,
1929,8.522074,
1930,8.342972,10.54435
1931,7.972888,
1932,7.987845,
1933,7.872237,
1934,8.045261,
1935,8.408963,
1936,8.263627,
1937,8.54007,
1938,8.422113,
1939,8.551174,
1940,8.64952,10.19087
1941,8.995637,
1942,9.125126,
1943,9.439395,
1944,9.486311,
1945,9.47707,
1946,9.438864,
1947,9.611433,
1948,9.535205,
1949,9.374854,
1950,9.484872,10.84725
1951,9.471547,
1952,9.358397,
1953,9.364447,
1954,9.378513,
1955,9.475919,
1956,9.505808,
1957,9.500106,
1958,9.625464,
1959,9.516792,
1960,9.581507,11.23842
1961,9.4642,
1962,9.80347,
1963,9.701582,
1964,9.673293,
1965,9.809793,
1966,9.795789,
1967,9.799524,
1968,9.807288,
1969,9.872084,
1970,9.866277,11.26704
1971,9.954965,
1972,10.09532,
1973,10.37627,
1974,10.26005,
1975,10.21322,
1976,10.12802,
1977,10.09913,
1978,10.25762,
1979,10.17395,
1980,9.998325,11.71186
1981,10.16616,
1982,10.17301,
1983,10.17777,
1984,10.2074,
1985,10.20917,
1986,10.21385,
1987,10.22039,
1988,10.10849,
1989,10.18874,
1990,10.23506,11.3988
1991,10.21266,
1992,10.27015,
1993,10.24385,
1994,10.29784,
1995,10.26193,
1996,10.34594,
1997,10.30304,
1998,10.3932,
1999,10.38528,
2000,10.43741,11.50461
2001,10.44702,
2002,10.4532,
2003,10.51217,
2004,10.50847,
2005,10.53982,
2006,10.53534,
2007,10.61017,
2008,10.69019,
2009,10.65862,
2010,10.70847,11.60005
1880,8.166298,
1900,8.663803,
1920,8.762775,
1929,8.963673,
1930,8.851654,10.84132
1931,8.723788,
1932,8.524421,
1933,8.473477,
1934,8.407845,
1935,8.815043,
1936,8.775121,
1937,8.787615,
1938,8.778455,
1939,8.785127,
1940,8.875612,10.473
1941,9.046732,
1942,9.343976,
1943,9.502303,
1944,9.55405,
1945,9.613515,
1946,9.530961,
1947,9.464114,
1948,9.586984,
1949,9.470292,
1950,9.609715,10.93959
1951,9.583332,
1952,9.63809,
1953,9.576662,
1954,9.616896,
1955,9.55653,
1956,9.558427,
1957,9.676794,
1958,9.704832,
1959,9.694832,
1960,9.726437,11.19674
1961,9.717708,
1962,9.778987,
1963,9.784498,
1964,9.792541,
1965,9.880105,
1966,9.936695,
1967,9.940289,
1968,9.956007,
1969,10.01391,
1970,10.01851,11.22447
1971,10.05818,
1972,10.12042,
1973,10.2106,
1974,10.14189,
1975,10.18019,
1976,10.16577,
1977,10.17982,
1978,10.24953,
1979,10.21595,
1980,10.14656,11.56981
1981,10.19292,
1982,10.20442,
1983,10.20644,
1984,10.26841,
1985,10.28689,
1986,10.30246,
1987,10.31565,
1988,10.33787,
1989,10.34434,
1990,10.35841,11.39089
1991,10.34871,
1992,10.36545,
1993,10.35805,
1994,10.39089,
1995,10.40872,
1996,10.4601,
1997,10.45842,
1998,10.50272,
1999,10.52466,
2000,10.5482,11.67249
2001,10.56326,
2002,10.56029,
2003,10.59489,
2004,10.60933,
2005,10.60978,
2006,10.60906,
2007,10.65552,
2008,10.67759,
2009,10.63341,
2010,10.63346,11.73776
1880,8.402997,
1900,8.672532,
1920,8.927641,
1929,9.125454,
1930,9.088861,10.79055
1931,9.036757,
1932,8.872942,
1933,8.901647,
1934,9.005554,
1935,9.030841,
1936,9.090475,
1937,9.106278,
1938,9.066866,
1939,9.132891,
1940,9.158507,10.62304
1941,9.3095,
1942,9.389119,
1943,9.46807,
1944,9.52783,
1945,9.558413,
1946,9.510506,
1947,9.430655,
1948,9.41276,
1949,9.407215,
1950,9.452714,10.98598
1951,9.490384,
1952,9.516884,
1953,9.556299,
1954,9.578503,
1955,9.654143,
1956,9.67815,
1957,9.700147,
1958,9.674809,
1959,9.725218,
1960,9.741462,11.32628
1961,9.768218,
1962,9.805345,
1963,9.80563,
1964,9.842626,
1965,9.884382,
1966,9.944741,
1967,9.979418,
1968,10.02205,
1969,10.06152,
1970,10.04187,11.49822
1971,10.05128,
1972,10.095,
1973,10.13218,
1974,10.10636,
1975,10.08158,
1976,10.135,
1977,10.16605,
1978,10.21145,
1979,10.22054,
1980,10.21619,11.80342
1981,10.23058,
1982,10.2574,
1983,10.30871,
1984,10.37142,
1985,10.41671,
1986,10.46946,
1987,10.50637,
1988,10.53384,
1989,10.53094,
1990,10.47836,12.33381
1991,10.47686,
1992,10.48471,
1993,10.47563,
1994,10.50825,
1995,10.52997,
1996,10.57096,
1997,10.58136,
1998,10.64,
1999,10.66335,
2000,10.72451,12.08775
2001,10.71686,
2002,10.71332,
2003,10.70704,
2004,10.73994,
2005,10.73191,
2006,10.75727,
2007,10.78173,
2008,10.76758,
2009,10.72685,
2010,10.72752,12.48616
1880,8.646711,
1900,8.933824,
1920,9.140369,
1929,9.420703,
1930,9.364056,11.53339
1931,9.318975,
1932,9.197125,
1933,9.134851,
1934,9.19486,
1935,9.259801,
1936,9.369402,
1937,9.385849,
1938,9.338598,
1939,9.424795,
1940,9.508281,11.21503
1941,9.612207,
1942,9.706954,
1943,9.850962,
1944,9.917634,
1945,9.912956,
1946,9.793534,
1947,9.68736,
1948,9.658616,
1949,9.655254,
1950,9.747727,11.50417
1951,9.777269,
1952,9.813396,
1953,9.860019,
1954,9.846039,
1955,9.885999,
1956,9.934358,
1957,9.942747,
1958,9.872834,
1959,9.917234,
1960,9.938178,11.7033
1961,9.951259,
1962,9.996632,
1963,10.00795,
1964,10.04559,
1965,10.08567,
1966,10.12509,
1967,10.15856,
1968,10.20059,
1969,10.24519,
1970,10.25679,11.84256
1971,10.27422,
1972,10.318,
1973,10.34678,
1974,10.32709,
1975,10.31192,
1976,10.34366,
1977,10.37234,
1978,10.40268,
1979,10.3979,
1980,10.38972,12.04963
1981,10.39794,
1982,10.41309,
1983,10.45253,
1984,10.50408,
1985,10.53164,
1986,10.57112,
1987,10.60447,
1988,10.65077,
1989,10.66916,
1990,10.66361,12.56035
1991,10.63866,
1992,10.66844,
1993,10.65889,
1994,10.66281,
1995,10.68535,
1996,10.70962,
1997,10.74138,
1998,10.78263,
1999,10.79378,
2000,10.85014,12.33564
2001,10.8468,
2002,10.83868,
2003,10.82826,
2004,10.85463,
2005,10.86199,
2006,10.90218,
2007,10.93804,
2008,10.9327,
2009,10.88204,
2010,10.88788,12.82995
1880,7.719236,
1900,8.307926,
1920,8.608494,
1929,8.59278,
1930,8.416886,9.479208
1931,8.361216,
1932,8.143953,
1933,8.206583,
1934,8.336604,
1935,8.488639,
1936,8.631375,
1937,8.651731,
1938,8.601684,
1939,8.669884,
1940,8.719416,9.283155
1941,8.899217,
1942,9.093284,
1943,9.231814,
1944,9.345037,
1945,9.390658,
1946,9.293487,
1947,9.241404,
1948,9.26911,
1949,9.303308,
1950,9.342145,10.90154
1951,9.379175,
1952,9.415674,
1953,9.422987,
1954,9.427506,
1955,9.485196,
1956,9.52474,
1957,9.557056,
1958,9.587566,
1959,9.617121,
1960,9.592609,11.32628
1961,9.616497,
1962,9.630274,
1963,9.63958,
1964,9.66437,
1965,9.700341,
1966,9.729436,
1967,9.742315,
1968,9.785426,
1969,9.812673,
1970,9.844943,11.26424
1971,9.870983,
1972,9.932137,
1973,9.966199,
1974,9.961273,
1975,9.977954,
1976,10.01082,
1977,10.04101,
1978,10.08362,
1979,10.07978,
1980,10.05217,11.74773
1981,10.06254,
1982,10.06845,
1983,10.0877,
1984,10.11921,
1985,10.14685,
1986,10.14978,
1987,10.1478,
1988,10.15287,
1989,10.16325,
1990,10.1671,11.72083
1991,10.17551,
1992,10.18875,
1993,10.20601,
1994,10.2229,
1995,10.24137,
1996,10.24775,
1997,10.25965,
1998,10.29738,
1999,10.29445,
2000,10.31954,11.87821
2001,10.37595,
2002,10.36937,
2003,10.37299,
2004,10.40904,
2005,10.43536,
2006,10.44959,
2007,10.47643,
2008,10.49069,
2009,10.45667,
2010,10.46038,11.96674
1880,9.52436,
1900,9.302345,
1920,9.289457,
1929,9.362513,
1930,9.33963,10.46096
1931,9.205286,
1932,9.131845,
1933,9.07484,
1934,9.158993,
1935,9.31238,
1936,9.536221,
1937,9.413447,
1938,9.447326,
1939,9.560149,
1940,9.593126,10.39138
1941,9.637813,
1942,9.99483,
1943,9.904256,
1944,9.867401,
1945,9.927944,
1946,9.932311,
1947,9.802932,
1948,9.719818,
1949,9.754588,
1950,9.84718,11.34303
1951,9.877375,
1952,9.939093,
1953,9.950917,
1954,9.930068,
1955,9.980071,
1956,9.951051,
1957,9.947764,
1958,9.944092,
1959,9.99502,
1960,10.02834,11.67733
1961,10.04066,
1962,10.10583,
1963,10.09035,
1964,10.09067,
1965,10.10234,
1966,10.12468,
1967,10.14774,
1968,10.22193,
1969,10.25172,
1970,10.28105,11.80201
1971,10.29453,
1972,10.32523,
1973,10.35764,
1974,10.31451,
1975,10.30862,
1976,10.34772,
1977,10.38182,
1978,10.4403,
1979,10.42338,
1980,10.39003,12.16922
1981,10.37651,
1982,10.34716,
1983,10.35272,
1984,10.37463,
1985,10.39391,
1986,10.41909,
1987,10.42729,
1988,10.46383,
1989,10.47662,
1990,10.46871,12.03212
1991,10.46351,
1992,10.49556,
1993,10.49871,
1994,10.51878,
1995,10.53272,
1996,10.55544,
1997,10.5657,
1998,10.60432,
1999,10.61766,
2000,10.62841,12.15098
2001,10.6051,
2002,10.59199,
2003,10.60998,
2004,10.66567,
2005,10.71176,
2006,10.69951,
2007,10.70658,
2008,10.66345,
2009,10.57652,
2010,10.56149,12.57064
1880,8.745783,
1900,9.087305,
1920,9.373908,
1929,9.645066,
1930,9.562512,11.54223
1931,9.495588,
1932,9.336304,
1933,9.311852,
1934,9.363565,
1935,9.402528,
1936,9.499689,
1937,9.49852,
1938,9.460536,
1939,9.518954,
1940,9.564137,11.18385
1941,9.650573,
1942,9.707047,
1943,9.817192,
1944,9.905527,
1945,9.95049,
1946,9.899327,
1947,9.780395,
1948,9.728055,
1949,9.714652,
1950,9.774836,11.47927
1951,9.775289,
1952,9.78293,
1953,9.816746,
1954,9.823853,
1955,9.881575,
1956,9.918911,
1957,9.929346,
1958,9.928647,
1959,9.975748,
1960,9.993397,11.68389
1961,10.01194,
1962,10.04151,
1963,10.05862,
1964,10.10473,
1965,10.13937,
1966,10.17626,
1967,10.2173,
1968,10.2668,
1969,10.26113,
1970,10.26815,11.80329
1971,10.28456,
1972,10.32073,
1973,10.33607,
1974,10.31374,
1975,10.3001,
1976,10.31333,
1977,10.33536,
1978,10.35555,
1979,10.34319,
1980,10.32879,11.75869
1981,10.34039,
1982,10.36362,
1983,10.40059,
1984,10.45573,
1985,10.48446,
1986,10.52802,
1987,10.55443,
1988,10.60169,
1989,10.6237,
1990,10.63679,12.35067
1991,10.59453,
1992,10.60654,
1993,10.59295,
1994,10.59588,
1995,10.61705,
1996,10.63801,
1997,10.66712,
1998,10.69738,
1999,10.7133,
2000,10.73966,12.19708
2001,10.73594,
2002,10.71947,
2003,10.71969,
2004,10.76459,
2005,10.79674,
2006,10.83844,
2007,10.88902,
2008,10.8783,
2009,10.82241,
2010,10.83331,12.65856
1880,8.288248,
1900,8.71125,
1920,9.000886,
1929,9.242726,
1930,9.114642,11.17725
1931,9.04413,
1932,8.810427,
1933,8.82297,
1934,8.958979,
1935,9.063669,
1936,9.189287,
1937,9.241116,
1938,9.117636,
1939,9.224653,
1940,9.286652,10.93293
1941,9.4583,
1942,9.572404,
1943,9.719146,
1944,9.748073,
1945,9.746437,
1946,9.640353,
1947,9.572284,
1948,9.587937,
1949,9.54268,
1950,9.631439,11.27833
1951,9.688416,
1952,9.712487,
1953,9.760384,
1954,9.7232,
1955,9.787786,
1956,9.81803,
1957,9.812471,
1958,9.75552,
1959,9.808473,
1960,9.825179,11.55129
1961,9.821177,
1962,9.856427,
1963,9.878179,
1964,9.92135,
1965,9.973019,
1966,10.02019,
1967,10.0294,
1968,10.07687,
1969,10.10491,
1970,10.09343,11.5625
1971,10.1062,
1972,10.15585,
1973,10.201,
1974,10.19056,
1975,10.16702,
1976,10.21213,
1977,10.25329,
1978,10.28061,
1979,10.27499,
1980,10.237,11.7411
1981,10.22482,
1982,10.21401,
1983,10.24183,
1984,10.2984,
1985,10.32204,
1986,10.34649,
1987,10.35385,
1988,10.37692,
1989,10.39551,
1990,10.3961,11.62194
1991,10.37479,
1992,10.39701,
1993,10.3995,
1994,10.428,
1995,10.4376,
1996,10.44713,
1997,10.48084,
1998,10.52412,
1999,10.53486,
2000,10.55187,11.83665
2001,10.54383,
2002,10.54756,
2003,10.55221,
2004,10.56233,
2005,10.56008,
2006,10.56805,
2007,10.58147,
2008,10.57335,
2009,10.53818,
2010,10.54127,11.85434
1880,,
1900,8.0425,
1920,8.663625,
1929,8.706986,
1930,8.523482,10.44948
1931,8.409321,
1932,8.183617,
1933,8.259789,
1934,8.362453,
1935,8.508185,
1936,8.575132,
1937,8.691152,
1938,8.629923,
1939,8.651389,
1940,8.710552,9.961715
1941,8.809318,
1942,9.077074,
1943,9.243446,
1944,9.416759,
1945,9.419016,
1946,9.315707,
1947,9.254827,
1948,9.283998,
1949,9.324746,
1950,9.294084,10.81562
1951,9.338667,
1952,9.40256,
1953,9.447812,
1954,9.428459,
1955,9.470456,
1956,9.507581,
1957,9.512155,
1958,9.565558,
1959,9.590526,
1960,9.604864,11.0229
1961,9.609047,
1962,9.621146,
1963,9.636514,
1964,9.689791,
1965,9.745477,
1966,9.780589,
1967,9.822524,
1968,9.868081,
1969,9.90534,
1970,9.931049,11.11072
1971,9.95348,
1972,10.00113,
1973,10.05799,
1974,10.0505,
1975,10.06207,
1976,10.09,
1977,10.12204,
1978,10.16011,
1979,10.18644,
1980,10.18212,11.50457
1981,10.22673,
1982,10.24375,
1983,10.20539,
1984,10.23548,
1985,10.24337,
1986,10.23566,
1987,10.21051,
1988,10.22141,
1989,10.24432,
1990,10.24828,11.34418
1991,10.22906,
1992,10.24892,
1993,10.24817,
1994,10.25907,
1995,10.26034,
1996,10.28075,
1997,10.30522,
1998,10.33878,
1999,10.35309,
2000,10.39799,11.4536
2001,10.43286,
2002,10.41661,
2003,10.41957,
2004,10.46677,
2005,10.49277,
2006,10.53917,
2007,10.55688,
2008,10.60839,
2009,10.50517,
2010,10.51937,11.54587
1880,8.568302,
1900,8.825203,
1920,9.052632,
1929,9.093674,
1930,9.021313,10.80208
1931,8.931187,
1932,8.745725,
1933,8.741949,
1934,8.91394,
1935,8.942122,
1936,9.102235,
1937,9.08438,
1938,9.058959,
1939,9.144552,
1940,9.204766,10.55618
1941,9.449637,
1942,9.65948,
1943,9.812818,
1944,9.801044,
1945,9.754681,
1946,9.688309,
1947,9.638989,
1948,9.652911,
1949,9.6384,
1950,9.660146,11.08526
1951,9.684669,
1952,9.708981,
1953,9.702752,
1954,9.669641,
1955,9.732124,
1956,9.76405,
1957,9.723231,
1958,9.718277,
1959,9.774299,
1960,9.774844,11.30741
1961,9.792645,
1962,9.828383,
1963,9.848498,
1964,9.891251,
1965,9.935195,
1966,9.96729,
1967,9.99161,
1968,10.02422,
1969,10.04257,
1970,10.0532,11.43028
1971,10.07689,
1972,10.13805,
1973,10.18148,
1974,10.18647,
1975,10.18067,
1976,10.2338,
1977,10.25783,
1978,10.29565,
1979,10.28836,
1980,10.24338,12.00976
1981,10.21381,
1982,10.18263,
1983,10.2149,
1984,10.25065,
1985,10.26278,
1986,10.29025,
1987,10.30063,
1988,10.32909,
1989,10.35416,
1990,10.35543,11.67709
1991,10.3458,
1992,10.35501,
1993,10.37013,
1994,10.40015,
1995,10.43219,
1996,10.45581,
1997,10.47855,
1998,10.50878,
1999,10.52465,
2000,10.55303,12.21969
2001,10.54298,
2002,10.54582,
2003,10.54929,
2004,10.56453,
2005,10.56351,
2006,10.58837,
2007,10.60303,
2008,10.60065,
2009,10.55021,
2010,10.54809,12.45076
1880,8.512268,
1900,8.832391,
1920,9.052716,
1929,9.246659,
1930,9.190062,11.17821
1931,9.111922,
1932,8.928553,
1933,8.907621,
1934,9.019653,
1935,9.069873,
1936,9.203509,
1937,9.225124,
1938,9.123275,
1939,9.203918,
1940,9.275603,10.86946
1941,9.402192,
1942,9.501912,
1943,9.629605,
1944,9.700011,
1945,9.701151,
1946,9.624555,
1947,9.54591,
1948,9.519608,
1949,9.508013,
1950,9.596561,11.09312
1951,9.620247,
1952,9.644486,
1953,9.694191,
1954,9.649964,
1955,9.70104,
1956,9.761246,
1957,9.780948,
1958,9.749364,
1959,9.775629,
1960,9.786045,11.27842
1961,9.79108,
1962,9.825306,
1963,9.841866,
1964,9.88821,
1965,9.932955,
1966,9.975457,
1967,10.01178,
1968,10.04794,
1969,10.07708,
1970,10.08871,11.31259
1971,10.09849,
1972,10.15382,
1973,10.19054,
1974,10.185,
1975,10.18012,
1976,10.21883,
1977,10.25087,
1978,10.27799,
1979,10.27176,
1980,10.23881,11.59834
1981,10.24103,
1982,10.24914,
1983,10.26423,
1984,10.3007,
1985,10.3269,
1986,10.35614,
1987,10.37472,
1988,10.40775,
1989,10.43654,
1990,10.4379,11.7151
1991,10.43391,
1992,10.44692,
1993,10.44577,
1994,10.45231,
1995,10.46255,
1996,10.48211,
1997,10.50678,
1998,10.55941,
1999,10.57277,
2000,10.60012,11.76986
2001,10.59081,
2002,10.59943,
2003,10.60355,
2004,10.62621,
2005,10.62781,
2006,10.65194,
2007,10.68259,
2008,10.68452,
2009,10.65297,
2010,10.65652,11.97863
1880,8.739672,
1900,8.991079,
1920,9.184119,
1929,9.371747,
1930,9.29192,11.34534
1931,9.283368,
1932,9.17657,
1933,9.201367,
1934,9.240924,
1935,9.291322,
1936,9.373675,
1937,9.366064,
1938,9.302825,
1939,9.385407,
1940,9.420596,11.0523
1941,9.589283,
1942,9.692193,
1943,9.677511,
1944,9.719186,
1945,9.700275,
1946,9.68535,
1947,9.613371,
1948,9.518394,
1949,9.490768,
1950,9.59897,11.44061
1951,9.62461,
1952,9.633144,
1953,9.675225,
1954,9.662427,
1955,9.724791,
1956,9.730913,
1957,9.711432,
1958,9.717305,
1959,9.765311,
1960,9.7721,11.46563
1961,9.803761,
1962,9.848043,
1963,9.872759,
1964,9.913468,
1965,9.962,
1966,10.01532,
1967,10.05548,
1968,10.08861,
1969,10.08837,
1970,10.09591,11.59518
1971,10.09771,
1972,10.13982,
1973,10.15095,
1974,10.12958,
1975,10.12516,
1976,10.15913,
1977,10.18187,
1978,10.1992,
1979,10.19853,
1980,10.19863,11.78237
1981,10.2074,
1982,10.2201,
1983,10.25949,
1984,10.3126,
1985,10.34213,
1986,10.38422,
1987,10.40764,
1988,10.45591,
1989,10.48823,
1990,10.45763,12.365
1991,10.42449,
1992,10.43595,
1993,10.44323,
1994,10.44527,
1995,10.46847,
1996,10.47865,
1997,10.50894,
1998,10.54385,
1999,10.55111,
2000,10.57946,12.0855
2001,10.60741,
2002,10.62212,
2003,10.63974,
2004,10.66446,
2005,10.6673,
2006,10.68561,
2007,10.71847,
2008,10.71233,
2009,10.68506,
2010,10.6927,12.60069
1880,7.391533,
1900,7.619728,
1920,8.256138,
1929,8.180444,
1930,8.092112,10.52535
1931,8.021854,
1932,7.864915,
1933,8.012519,
1934,8.168166,
1935,8.239487,
1936,8.342291,
1937,8.364825,
1938,8.297387,
1939,8.411574,
1940,8.521256,10.46789
1941,8.720021,
1942,8.940412,
1943,9.05564,
1944,9.158895,
1945,9.164743,
1946,9.116209,
1947,8.998045,
1948,9.059087,
1949,9.027922,
1950,9.077063,10.79319
1951,9.190825,
1952,9.241213,
1953,9.264742,
1954,9.199018,
1955,9.256546,
1956,9.26686,
1957,9.254358,
1958,9.24841,
1959,9.296721,
1960,9.311956,10.97094
1961,9.343386,
1962,9.399462,
1963,9.427185,
1964,9.482719,
1965,9.556947,
1966,9.634366,
1967,9.677164,
1968,9.729743,
1969,9.777984,
1970,9.80208,11.27713
1971,9.825881,
1972,9.890121,
1973,9.940913,
1974,9.939119,
1975,9.912522,
1976,9.961668,
1977,9.974292,
1978,10.00708,
1979,10.00308,
1980,9.978165,11.49042
1981,9.986475,
1982,9.980163,
1983,10.02402,
1984,10.08912,
1985,10.11551,
1986,10.14789,
1987,10.17137,
1988,10.2029,
1989,10.22696,
1990,10.23367,11.58341
1991,10.21812,
1992,10.23381,
1993,10.24133,
1994,10.26725,
1995,10.28177,
1996,10.3017,
1997,10.32359,
1998,10.36683,
1999,10.38735,
2000,10.41708,11.74797
2001,10.41113,
2002,10.41137,
2003,10.41216,
2004,10.4364,
2005,10.45232,
2006,10.46878,
2007,10.48632,
2008,10.47434,
2009,10.43329,
2010,10.43279,11.80793
1880,8.649366,
1900,8.523902,
1920,8.729747,
1929,8.618957,
1930,8.491321,10.68528
1931,8.194206,
1932,8.051826,
1933,7.766289,
1934,8.071019,
1935,8.530301,
1936,8.303944,
1937,8.531167,
1938,8.540403,
1939,8.62787,
1940,8.666718,10.18594
1941,8.890859,
1942,9.253662,
1943,9.311446,
1944,9.436502,
1945,9.516681,
1946,9.478031,
1947,9.453094,
1948,9.561625,
1949,9.280356,
1950,9.413704,10.84984
1951,9.494834,
1952,9.354403,
1953,9.433088,
1954,9.437531,
1955,9.356936,
1956,9.398946,
1957,9.533816,
1958,9.546446,
1959,9.420856,
1960,9.591678,11.13078
1961,9.572729,
1962,9.678483,
1963,9.625932,
1964,9.599431,
1965,9.716523,
1966,9.77983,
1967,9.781757,
1968,9.814439,
1969,9.849735,
1970,9.874995,11.12991
1971,9.913461,
1972,10.01914,
1973,10.1945,
1974,10.09203,
1975,10.1,
1976,10.02527,
1977,10.08825,
1978,10.15448,
1979,10.14566,
1980,10.01843,11.53227
1981,10.07584,
1982,10.07142,
1983,10.07408,
1984,10.15318,
1985,10.14172,
1986,10.16887,
1987,10.18626,
1988,10.18292,
1989,10.2082,
1990,10.24816,11.282
1991,10.24304,
1992,10.27583,
1993,10.27459,
1994,10.3158,
1995,10.29333,
1996,10.3642,
1997,10.36039,
1998,10.41705,
1999,10.43968,
2000,10.46932,11.57216
2001,10.49448,
2002,10.48727,
2003,10.54744,
2004,10.58467,
2005,10.58627,
2006,10.56627,
2007,10.63164,
2008,10.67549,
2009,10.62256,
2010,10.63142,11.70118
1880,7.513403,
1900,7.922181,
1920,8.329226,
1929,8.51574,
1930,8.390209,10.59414
1931,8.319627,
1932,8.083506,
1933,8.169451,
1934,8.324578,
1935,8.383497,
1936,8.511358,
1937,8.569643,
1938,8.481967,
1939,8.534979,
1940,8.616127,10.30688
1941,8.819294,
1942,8.969582,
1943,9.172585,
1944,9.325753,
1945,9.356556,
1946,9.229276,
1947,9.115501,
1948,9.115826,
1949,9.11533,
1950,9.181462,10.82325
1951,9.194176,
1952,9.224374,
1953,9.297034,
1954,9.288154,
1955,9.332562,
1956,9.387702,
1957,9.392712,
1958,9.397657,
1959,9.445642,
1960,9.440805,11.07229
1961,9.47411,
1962,9.510052,
1963,9.542637,
1964,9.588543,
1965,9.652184,
1966,9.715158,
1967,9.74445,
1968,9.806924,
1969,9.825266,
1970,9.841106,11.23131
1971,9.877656,
1972,9.946033,
1973,10.00556,
1974,9.990252,
1975,9.973129,
1976,10.01997,
1977,10.04605,
1978,10.09232,
1979,10.08101,
1980,10.03966,11.50457
1981,10.04452,
1982,10.04599,
1983,10.07414,
1984,10.13514,
1985,10.16292,
1986,10.2038,
1987,10.23247,
1988,10.26405,
1989,10.27831,
1990,10.27873,11.53822
1991,10.27701,
1992,10.31927,
1993,10.33224,
1994,10.35505,
1995,10.37783,
1996,10.38539,
1997,10.40236,
1998,10.44717,
1999,10.46177,
2000,10.47939,11.72775
2001,10.48315,
2002,10.48939,
2003,10.4976,
2004,10.52046,
2005,10.52499,
2006,10.53445,
2007,10.55376,
2008,10.53794,
2009,10.49921,
2010,10.50683,11.8087
1880,7.701847,
1900,8.232999,
1920,8.729844,
1929,8.75818,
1930,8.632893,10.62634
1931,8.556177,
1932,8.390092,
1933,8.407231,
1934,8.516614,
1935,8.600984,
1936,8.720546,
1937,8.802293,
1938,8.788381,
1939,8.83403,
1940,8.873418,10.23125
1941,9.012036,
1942,9.218841,
1943,9.43275,
1944,9.517819,
1945,9.508682,
1946,9.41298,
1947,9.366945,
1948,9.345243,
1949,9.429274,
1950,9.465057,10.92031
1951,9.478248,
1952,9.508894,
1953,9.522671,
1954,9.537093,
1955,9.58322,
1956,9.6189,
1957,9.624532,
1958,9.608066,
1959,9.639419,
1960,9.62683,11.13078
1961,9.650803,
1962,9.666452,
1963,9.688119,
1964,9.733648,
1965,9.780161,
1966,9.828817,
1967,9.876806,
1968,9.925172,
1969,9.954044,
1970,9.97418,11.19977
1971,9.98809,
1972,10.03994,
1973,10.0894,
1974,10.08877,
1975,10.10571,
1976,10.15043,
1977,10.1773,
1978,10.22758,
1979,10.23719,
1980,10.22171,11.59834
1981,10.26065,
1982,10.25628,
1983,10.25616,
1984,10.29394,
1985,10.31228,
1986,10.29898,
1987,10.28204,
1988,10.29484,
1989,10.30635,
1990,10.3193,11.55856
1991,10.30679,
1992,10.332,
1993,10.33647,
1994,10.34902,
1995,10.36515,
1996,10.39098,
1997,10.43572,
1998,10.48384,
1999,10.50154,
2000,10.54526,11.60795
2001,10.54075,
2002,10.51752,
2003,10.5174,
2004,10.54749,
2005,10.58367,
2006,10.60495,
2007,10.63447,
2008,10.66045,
2009,10.57484,
2010,10.58259,11.73106
1880,7.993072,
1900,8.523933,
1920,8.761631,
1929,8.899163,
1930,8.818931,10.65915
1931,8.626097,
1932,8.527082,
1933,8.555061,
1934,8.57871,
1935,8.77601,
1936,8.931405,
1937,8.861732,
1938,8.87863,
1939,8.923103,
1940,8.965532,10.54632
1941,9.129551,
1942,9.421178,
1943,9.609101,
1944,9.520649,
1945,9.564401,
1946,9.457644,
1947,9.396098,
1948,9.3854,
1949,9.402594,
1950,9.456853,11.16429
1951,9.518275,
1952,9.532415,
1953,9.52842,
1954,9.501795,
1955,9.563845,
1956,9.603976,
1957,9.628972,
1958,9.613677,
1959,9.648689,
1960,9.664207,11.48973
1961,9.680713,
1962,9.735801,
1963,9.744524,
1964,9.776721,
1965,9.801548,
1966,9.818887,
1967,9.833232,
1968,9.855979,
1969,9.874095,
1970,9.905831,11.52195
1971,9.936828,
1972,9.989867,
1973,10.01296,
1974,10.00157,
1975,10.00206,
1976,10.05252,
1977,10.08695,
1978,10.12009,
1979,10.11188,
1980,10.07137,12.02657
1981,10.06908,
1982,10.07212,
1983,10.09456,
1984,10.13144,
1985,10.14407,
1986,10.15836,
1987,10.14893,
1988,10.14793,
1989,10.15839,
1990,10.16872,11.70356
1991,10.16916,
1992,10.18098,
1993,10.19457,
1994,10.22306,
1995,10.24927,
1996,10.27887,
1997,10.31008,
1998,10.34959,
1999,10.36123,
2000,10.39445,12.17944
2001,10.41038,
2002,10.39999,
2003,10.38894,
2004,10.41499,
2005,10.45141,
2006,10.47655,
2007,10.51015,
2008,10.50635,
2009,10.44086,
2010,10.43318,12.29079
1880,7.55644,
1900,8.013028,
1920,8.480721,
1929,8.660867,
1930,8.565384,10.74982
1931,8.616374,
1932,8.458613,
1933,8.512091,
1934,8.602304,
1935,8.671206,
1936,8.76506,
1937,8.809649,
1938,8.748841,
1939,8.852212,
1940,8.939222,10.67287
1941,9.111737,
1942,9.307959,
1943,9.320422,
1944,9.368572,
1945,9.399798,
1946,9.37058,
1947,9.24787,
1948,9.293248,
1949,9.288282,
1950,9.382827,11.04578
1951,9.430048,
1952,9.472003,
1953,9.479575,
1954,9.486252,
1955,9.541751,
1956,9.572409,
1957,9.554956,
1958,9.542781,
1959,9.589975,
1960,9.601026,11.33558
1961,9.626663,
1962,9.673553,
1963,9.705581,
1964,9.773952,
1965,9.821983,
1966,9.863111,
1967,9.912159,
1968,9.964232,
1969,10.0109,
1970,10.0182,11.5399
1971,10.05124,
1972,10.11195,
1973,10.15427,
1974,10.14793,
1975,10.1436,
1976,10.18182,
1977,10.21258,
1978,10.24897,
1979,10.25048,
1980,10.24545,11.8055
1981,10.25238,
1982,10.26709,
1983,10.30709,
1984,10.36051,
1985,10.39219,
1986,10.43127,
1987,10.45549,
1988,10.48524,
1989,10.49975,
1990,10.48212,11.98176
1991,10.47197,
1992,10.48386,
1993,10.48829,
1994,10.50369,
1995,10.51024,
1996,10.52115,
1997,10.54998,
1998,10.58933,
1999,10.61657,
2000,10.64939,12.02666
2001,10.67102,
2002,10.67002,
2003,10.68516,
2004,10.71717,
2005,10.74147,
2006,10.76033,
2007,10.78816,
2008,10.7787,
2009,10.74423,
2010,10.74253,12.46257
1880,8.237545,
1900,8.565276,
1920,8.801349,
1929,9.039124,
1930,8.965036,10.92241
1931,8.864557,
1932,8.70334,
1933,8.683232,
1934,8.776876,
1935,8.837188,
1936,8.948631,
1937,8.945899,
1938,8.906749,
1939,8.992765,
1940,9.038172,10.74714
1941,9.210063,
1942,9.291718,
1943,9.418994,
1944,9.424879,
1945,9.484057,
1946,9.453446,
1947,9.351625,
1948,9.332503,
1949,9.277081,
1950,9.304299,10.99849
1951,9.363852,
1952,9.377895,
1953,9.407181,
1954,9.415203,
1955,9.466165,
1956,9.534823,
1957,9.540728,
1958,9.522468,
1959,9.569704,
1960,9.604625,11.22816
1961,9.631836,
1962,9.662377,
1963,9.676482,
1964,9.727074,
1965,9.790541,
1966,9.867161,
1967,9.892384,
1968,9.932301,
1969,9.958881,
1970,9.973107,11.4966
1971,9.98999,
1972,10.03703,
1973,10.06095,
1974,10.02592,
1975,10.00771,
1976,10.05111,
1977,10.05649,
1978,10.10932,
1979,10.1073,
1980,10.08385,11.67701
1981,10.101,
1982,10.10871,
1983,10.13412,
1984,10.18338,
1985,10.22003,
1986,10.26665,
1987,10.30272,
1988,10.33198,
1989,10.36812,
1990,10.34126,12.03003
1991,10.31276,
1992,10.34137,
1993,10.33818,
1994,10.35365,
1995,10.36454,
1996,10.38403,
1997,10.40829,
1998,10.46579,
1999,10.49656,
2000,10.53434,11.90917
2001,10.5507,
2002,10.55241,
2003,10.56157,
2004,10.59532,
2005,10.58658,
2006,10.62126,
2007,10.65375,
2008,10.65283,
2009,10.63837,
2010,10.6441,12.25409
1880,8.589528,
1900,9.001997,
1920,9.087095,
1929,9.199384,
1930,9.103496,10.72716
1931,8.989257,
1932,8.808125,
1933,8.793156,
1934,8.926263,
1935,9.007565,
1936,9.143443,
1937,9.160453,
1938,9.150125,
1939,9.220995,
1940,9.284139,10.56299
1941,9.506339,
1942,9.728935,
1943,9.875968,
1944,9.897542,
1945,9.801629,
1946,9.704464,
1947,9.639328,
1948,9.63982,
1949,9.634686,
1950,9.700585,11.13136
1951,9.710383,
1952,9.743327,
1953,9.781847,
1954,9.779514,
1955,9.8016,
1956,9.813761,
1957,9.821815,
1958,9.795951,
1959,9.832386,
1960,9.838174,11.41562
1961,9.868011,
1962,9.914751,
1963,9.921806,
1964,9.953048,
1965,10.0106,
1966,10.07761,
1967,10.10088,
1968,10.13601,
1969,10.14842,
1970,10.11787,11.60472
1971,10.11514,
1972,10.16132,
1973,10.21528,
1974,10.21952,
1975,10.23566,
1976,10.27166,
1977,10.2932,
1978,10.34337,
1979,10.34599,
1980,10.3127,12.03817
1981,10.30503,
1982,10.29475,
1983,10.31859,
1984,10.33744,
1985,10.3477,
1986,10.38276,
1987,10.38931,
1988,10.40703,
1989,10.43616,
1990,10.44833,12.00779
1991,10.45413,
1992,10.47183,
1993,10.46789,
1994,10.47992,
1995,10.48606,
1996,10.51821,
1997,10.55202,
1998,10.61117,
1999,10.64662,
2000,10.67363,12.3209
2001,10.66256,
2002,10.65174,
2003,10.65255,
2004,10.69327,
2005,10.68511,
2006,10.71952,
2007,10.76313,
2008,10.7654,
2009,10.71147,
2010,10.70392,12.57896
1880,8.164096,
1900,8.1788,
1920,8.849684,
1929,9.10123,
1930,8.987682,11.09305
1931,8.860511,
1932,8.703778,
1933,8.672051,
1934,8.774033,
1935,8.94473,
1936,9.0465,
1937,9.074573,
1938,9.01147,
1939,9.03974,
1940,9.096193,10.87785
1941,9.252882,
1942,9.403229,
1943,9.540577,
1944,9.575661,
1945,9.615858,
1946,9.557098,
1947,9.48945,
1948,9.514716,
1949,9.493177,
1950,9.565102,11.23187
1951,9.632591,
1952,9.650225,
1953,9.664118,
1954,9.620564,
1955,9.68034,
1956,9.725752,
1957,9.727004,
1958,9.705584,
1959,9.767164,
1960,9.766432,11.48973
1961,9.776591,
1962,9.813269,
1963,9.818992,
1964,9.86898,
1965,9.916327,
1966,9.968989,
1967,9.989549,
1968,10.02694,
1969,10.06197,
1970,10.06702,11.53673
1971,10.08721,
1972,10.13724,
1973,10.18516,
1974,10.172,
1975,10.16521,
1976,10.20146,
1977,10.24135,
1978,10.27618,
1979,10.27769,
1980,10.24323,11.81585
1981,10.22948,
1982,10.22294,
1983,10.2297,
1984,10.27392,
1985,10.28414,
1986,10.31585,
1987,10.33127,
1988,10.3402,
1989,10.36797,
1990,10.36049,11.60607
1991,10.34712,
1992,10.37935,
1993,10.38597,
1994,10.41562,
1995,10.42579,
1996,10.44559,
1997,10.47541,
1998,10.53169,
1999,10.54793,
2000,10.56729,11.91543
2001,10.57178,
2002,10.5789,
2003,10.58264,
2004,10.59714,
2005,10.59609,
2006,10.61375,
2007,10.62723,
2008,10.62053,
2009,10.58763,
2010,10.595,12.06536
1880,7.598295,
1900,8.076923,
1920,8.679425,
1929,8.723453,
1930,8.628656,10.81487
1931,8.581872,
1932,8.362037,
1933,8.420907,
1934,8.58209,
1935,8.6369,
1936,8.768156,
1937,8.803106,
1938,8.700161,
1939,8.763438,
1940,8.804187,10.55917
1941,8.956755,
1942,9.061159,
1943,9.189715,
1944,9.276759,
1945,9.33429,
1946,9.292191,
1947,9.266196,
1948,9.261119,
1949,9.187456,
1950,9.208461,10.86142
1951,9.247632,
1952,9.281672,
1953,9.296824,
1954,9.248315,
1955,9.32585,
1956,9.426956,
1957,9.4705,
1958,9.439171,
1959,9.457612,
1960,9.457767,10.98418
1961,9.473971,
1962,9.517159,
1963,9.553786,
1964,9.604553,
1965,9.661694,
1966,9.698148,
1967,9.730603,
1968,9.751359,
1969,9.767727,
1970,9.819709,11.13648
1971,9.857018,
1972,9.912022,
1973,9.939221,
1974,9.936167,
1975,9.962534,
1976,10.00136,
1977,10.03568,
1978,10.0635,
1979,10.05672,
1980,10.01985,11.58288
1981,10.00507,
1982,10.00856,
1983,10.00184,
1984,10.03784,
1985,10.04961,
1986,10.06395,
1987,10.06381,
1988,10.09883,
1989,10.11863,
1990,10.14064,11.34002
1991,10.14342,
1992,10.17769,
1993,10.17685,
1994,10.19414,
1995,10.19746,
1996,10.2096,
1997,10.2294,
1998,10.26909,
1999,10.27506,
2000,10.29403,11.48287
2001,10.32719,
2002,10.34198,
2003,10.33864,
2004,10.35236,
2005,10.3555,
2006,10.38686,
2007,10.40521,
2008,10.42292,
2009,10.41509,
2010,10.41847,11.46802
1880,8.929676,
1900,9.054971,
1920,9.242932,
1929,9.09831,
1930,8.978125,10.67135
1931,8.873252,
1932,8.735842,
1933,8.775445,
1934,8.853652,
1935,9.019764,
1936,9.108809,
1937,9.166672,
1938,9.109585,
1939,9.167504,
1940,9.184876,10.48132
1941,9.394944,
1942,9.486982,
1943,9.625476,
1944,9.672626,
1945,9.677376,
1946,9.672082,
1947,9.636927,
1948,9.628588,
1949,9.666533,
1950,9.699135,11.08013
1951,9.754247,
1952,9.711114,
1953,9.713308,
1954,9.666738,
1955,9.702021,
1956,9.738077,
1957,9.76554,
1958,9.758035,
1959,9.794727,
1960,9.791619,11.46563
1961,9.811963,
1962,9.848249,
1963,9.847002,
1964,9.854341,
1965,9.894215,
1966,9.922887,
1967,9.965892,
1968,9.984434,
1969,10.01839,
1970,10.04886,11.4261
1971,10.09106,
1972,10.1568,
1973,10.23502,
1974,10.26231,
1975,10.26384,
1976,10.27995,
1977,10.33783,
1978,10.40343,
1979,10.41161,
1980,10.3891,12.03321
1981,10.38408,
1982,10.36568,
1983,10.28446,
1984,10.29679,
1985,10.31421,
1986,10.30333,
1987,10.27047,
1988,10.26663,
1989,10.31969,
1990,10.35624,11.59156
1991,10.35225,
1992,10.36241,
1993,10.36948,
1994,10.37736,
1995,10.37871,
1996,10.38975,
1997,10.4341,
1998,10.48858,
1999,10.53113,
2000,10.57139,11.76573
2001,10.60803,
2002,10.6137,
2003,10.6444,
2004,10.68845,
2005,10.73995,
2006,10.82191,
2007,10.83378,
2008,10.87534,
2009,10.7512,
2010,10.75634,12.04898
