year,lagliInc,dliInc
1880,,
1900,7.521727,1.28653
1920,7.779033,2.044394
1929,,
1930,,
1931,,
1932,,
1933,,
1934,,
1935,,
1936,,
1937,,
1938,,
1939,,
1940,8.187912,1.195641
1941,,
1942,,
1943,,
1944,,
1945,,
1946,,
1947,,
1948,,
1949,8.358916,3.126073
1950,8.191359,4.344087
1951,8.106313,5.09274
1952,7.883553,6.399415
1953,7.962873,6.204529
1954,8.168097,5.034494
1955,8.186518,5.534935
1956,8.316171,5.129561
1957,8.345716,5.05105
1958,8.271865,5.407381
1959,8.3218,5.310993
1960,8.42704,4.802122
1961,8.666565,3.643909
1962,8.889807,2.716923
1963,9.070123,2.015338
1964,9.168372,1.81993
1965,9.206307,1.902161
1966,9.084064,2.693653
1967,9.012267,3.183098
1968,9.025072,3.375392
1969,8.984131,3.813272
1970,9.060176,3.555579
1971,9.124861,3.413129
1972,9.163436,3.538656
1973,9.203778,3.593264
1974,9.174995,3.689485
1975,9.293505,3.133197
1976,9.342083,3.153143
1977,9.355926,3.202281
1978,9.353341,3.396034
1979,9.383999,3.202233
1980,9.387465,3.010592
1981,9.395347,2.986603
1982,9.433191,2.775459
1983,9.47319,2.744689
1984,9.532358,2.715325
1985,9.58674,2.606664
1986,9.622794,2.578692
1987,9.648887,2.533078
1988,9.70015,2.416844
1989,9.746785,2.348623
1990,9.771292,2.2402
1991,9.807487,2.078233
1992,9.871167,1.887341
1993,9.922431,1.626997
1994,9.912892,1.792722
1995,9.920144,1.85081
1996,9.972712,1.616912
1997,9.996382,1.596322
1998,10.03255,1.591792
1999,10.02445,1.687741
2000,9.989583,1.932063
2001,9.992667,1.980901
2002,9.988283,2.060027
2003,10.02213,1.949472
2004,10.07542,1.878343
2005,10.10807,1.814804
2006,10.13853,1.717992
2007,10.1555,1.737542
2008,10.18352,1.602125
2009,10.21651,1.241832
2010,10.21933,1.227274
1880,,
1900,7.489309,1.545537
1920,7.798417,2.185681
1929,,
1930,,
1931,,
1932,,
1933,,
1934,,
1935,,
1936,,
1937,,
1938,,
1939,,
1940,8.235553,.5043936
1941,,
1942,,
1943,,
1944,,
1945,,
1946,,
1947,,
1948,,
1949,8.309292,3.249273
1950,8.033339,4.769564
1951,8.050933,4.921756
1952,7.838749,6.241913
1953,7.893975,6.105502
1954,8.040858,5.387697
1955,8.132102,5.410614
1956,8.292293,4.761424
1957,8.29659,4.635344
1958,8.210843,5.17416
1959,8.301304,5.06331
1960,8.336432,4.770761
1961,8.565795,3.933144
1962,8.81025,2.849097
1963,8.90446,2.555275
1964,9.091178,1.911573
1965,9.145538,1.841698
1966,9.081475,2.54118
1967,8.924881,3.461041
1968,9.023924,3.16556
1969,8.959146,3.7185
1970,8.987251,3.710394
1971,9.035284,3.673759
1972,9.087132,3.751593
1973,9.115075,4.081292
1974,9.118398,4.008875
1975,9.214225,3.425374
1976,9.244577,3.49174
1977,9.223659,3.74373
1978,9.245675,3.938098
1979,9.313966,3.468428
1980,9.290584,3.296742
1981,9.352424,3.112969
1982,9.38007,2.927375
1983,9.415515,2.8724
1984,9.473493,2.884717
1985,9.513878,2.804942
1986,9.589711,2.551875
1987,9.617089,2.404141
1988,9.657036,2.336226
1989,9.702847,2.200141
1990,9.72933,2.044573
1991,9.770036,1.87284
1992,9.83745,1.739149
1993,9.931334,1.270738
1994,9.920173,1.435113
1995,9.8993,1.613626
1996,9.942925,1.493216
1997,9.972404,1.40553
1998,10.03329,1.258197
1999,10.00765,1.456099
2000,9.949932,1.810184
2001,9.975018,1.822314
2002,9.965545,1.873512
2003,9.989995,1.869602
2004,10.05044,1.740708
2005,10.07487,1.663876
2006,10.10009,1.609263
2007,10.09792,1.841412
2008,10.12428,1.730838
2009,10.14287,1.502967
2010,10.13824,1.506133
1880,,
1900,9.090959,.0075817
1920,9.092475,-.5035257
1929,,
1930,,
1931,,
1932,,
1933,,
1934,,
1935,,
1936,,
1937,,
1938,,
1939,,
1940,8.99177,.1206207
1941,,
1942,,
1943,,
1944,,
1945,,
1946,,
1947,,
1948,,
1949,8.985769,2.240753
1950,8.863705,3.026967
1951,8.770864,3.983316
1952,8.584229,5.10047
1953,8.596343,5.005445
1954,8.724185,4.271178
1955,8.840256,3.871932
1956,8.933287,3.611341
1957,8.988145,3.284431
1958,8.954822,3.313222
1959,8.993767,3.30267
1960,9.015894,3.320675
1961,9.201903,2.450466
1962,9.461253,1.253176
1963,9.494744,1.100426
1964,9.521101,1.137428
1965,9.567185,1.02942
1966,9.477519,1.677618
1967,9.401174,2.226415
1968,9.433294,2.436705
1969,9.43392,2.792053
1970,9.469098,2.794824
1971,9.567527,2.467265
1972,9.604323,2.523565
1973,9.597432,2.716389
1974,9.578421,2.676597
1975,9.614642,2.274637
1976,9.655555,2.244129
1977,9.645031,2.418737
1978,9.617466,2.839909
1979,9.654301,2.728133
1980,9.680029,2.508864
1981,9.691997,2.506118
1982,9.711888,2.247386
1983,9.714829,2.407093
1984,9.748587,2.507253
1985,9.773069,2.525039
1986,9.813043,2.483215
1987,9.846457,2.328968
1988,9.920635,1.980572
1989,9.992331,1.60583
1990,10.02806,1.322999
1991,10.06098,1.083407
1992,10.10904,.8401299
1993,10.14071,.7029581
1994,10.11374,.9801006
1995,10.06957,1.258206
1996,10.10438,1.179347
1997,10.12878,1.191044
1998,10.18545,1.155005
1999,10.19993,1.151662
2000,10.1818,1.41325
2001,10.19322,1.36538
2002,10.16137,1.513643
2003,10.19625,1.366639
2004,10.25004,1.31813
2005,10.27808,1.375647
2006,10.30969,1.338377
2007,10.31225,1.382585
2008,10.31675,1.236286
2009,10.3135,.9515285
2010,10.29266,1.01306
1880,,
1900,9.081814,.6365395
1920,9.209122,.6847477
1929,,
1930,,
1931,,
1932,,
1933,,
1934,,
1935,,
1936,,
1937,,
1938,,
1939,,
1940,9.346071,.9499645
1941,,
1942,,
1943,,
1944,,
1945,,
1946,,
1947,,
1948,,
1949,9.496279,1.147423
1950,9.408072,1.900558
1951,9.334675,2.411218
1952,9.182886,3.374476
1953,9.174399,3.473592
1954,9.241313,3.054476
1955,9.31236,3.051195
1956,9.451729,2.519946
1957,9.44805,2.53715
1958,9.439402,2.474718
1959,9.466483,2.570934
1960,9.536064,2.287607
1961,9.668825,1.671786
1962,9.802771,1.163015
1963,9.929814,.6223536
1964,9.934515,.8048296
1965,9.911818,1.04382
1966,9.88188,1.395926
1967,9.759459,2.145019
1968,9.722942,2.526617
1969,9.725763,2.632527
1970,9.788183,2.330213
1971,9.816918,2.202282
1972,9.857781,2.24463
1973,9.869118,2.318983
1974,9.852208,2.371173
1975,9.922599,2.005472
1976,9.955718,2.02713
1977,9.955481,2.16249
1978,9.934345,2.454181
1979,9.98067,2.25112
1980,9.993586,2.08776
1981,10.00318,2.033992
1982,10.03537,1.796632
1983,10.05429,1.818552
1984,10.09548,1.860247
1985,10.12058,1.823997
1986,10.16107,1.747961
1987,10.18846,1.68787
1988,10.22827,1.567388
1989,10.25227,1.445799
1990,10.25423,1.395769
1991,10.25737,1.255937
1992,10.30671,1.020494
1993,10.33291,.8096457
1994,10.32644,.8679581
1995,10.32369,.9609032
1996,10.36114,.8847427
1997,10.38798,.8784628
1998,10.42518,.9943247
1999,10.43089,1.104445
2000,10.41114,1.46348
2001,10.40998,1.402073
2002,10.3947,1.42252
2003,10.418,1.327553
2004,10.46753,1.250558
2005,10.48538,1.258965
2006,10.51066,1.284604
2007,10.52604,1.304774
2008,10.54174,1.106343
2009,10.54143,.7970428
2010,10.53338,.8537197
1880,,
1900,9.025313,.2319288
1920,9.071699,-.2057552
1929,,
1930,,
1931,,
1932,,
1933,,
1934,,
1935,,
1936,,
1937,,
1938,,
1939,,
1940,9.030548,.3125954
1941,,
1942,,
1943,,
1944,,
1945,,
1946,,
1947,,
1948,,
1949,9.040048,2.42609
1950,8.968112,3.034134
1951,8.864325,4.016075
1952,8.686688,5.043144
1953,8.73067,4.599543
1954,8.750678,4.349527
1955,8.90928,3.841839
1956,9.091041,3.102484
1957,9.04147,3.54558
1958,9.010158,3.668242
1959,9.046484,3.688269
1960,9.093067,3.54682
1961,9.218316,3.032398
1962,9.43714,1.996908
1963,9.527173,1.615171
1964,9.534955,1.70629
1965,9.622568,1.480651
1966,9.558021,1.972399
1967,9.534024,2.205429
1968,9.52531,2.410498
1969,9.525266,2.602277
1970,9.574939,2.533488
1971,9.66754,2.281532
1972,9.695317,2.394366
1973,9.650578,2.822847
1974,9.620584,2.947965
1975,9.677648,2.62466
1976,9.711537,2.598257
1977,9.750586,2.542372
1978,9.743806,2.804222
1979,9.784138,2.630982
1980,9.802431,2.506719
1981,9.824796,2.503271
1982,9.836521,2.476225
1983,9.850207,2.489705
1984,9.876213,2.549357
1985,9.918698,2.361898
1986,9.9525,2.244711
1987,9.97511,2.106681
1988,10.00741,2.003155
1989,10.04572,1.950259
1990,10.08164,1.766853
1991,10.12385,1.538558
1992,10.17419,1.376061
1993,10.21515,1.266518
1994,10.21018,1.403985
1995,10.20258,1.582189
1996,10.23119,1.568561
1997,10.25906,1.585364
1998,10.30465,1.593451
1999,10.31033,1.746178
2000,10.30377,2.086658
2001,10.32545,2.035346
2002,10.33177,1.893601
2003,10.34815,1.724706
2004,10.38608,1.652741
2005,10.39108,1.738739
2006,10.40144,1.789856
2007,10.39645,1.896138
2008,10.40804,1.794343
2009,10.43577,1.321001
2010,10.43501,1.304016
1880,,
1900,8.702119,1.173911
1920,8.936901,.8740568
1929,,
1930,,
1931,,
1932,,
1933,,
1934,,
1935,,
1936,,
1937,,
1938,,
1939,,
1940,9.111712,2.548637
1941,,
1942,,
1943,,
1944,,
1945,,
1946,,
1947,,
1948,,
1949,9.530447,.7337236
1950,9.447929,1.734133
1951,9.401694,2.253623
1952,9.251906,3.221564
1953,9.243933,3.427348
1954,9.326778,2.883096
1955,9.382298,2.889414
1956,9.498532,2.641096
1957,9.528255,2.557201
1958,9.436827,2.525792
1959,9.534721,2.178507
1960,9.62144,1.819487
1961,9.792287,1.110864
1962,9.902455,.7250357
1963,9.959993,.4915333
1964,9.94658,.7210064
1965,9.902589,1.115842
1966,9.828652,1.734061
1967,9.767382,2.293358
1968,9.700171,2.696681
1969,9.677192,3.184462
1970,9.794756,2.571101
1971,9.852419,2.284331
1972,9.896219,2.269177
1973,9.929402,2.249517
1974,9.903398,2.292428
1975,9.96018,1.898198
1976,10.02675,1.699018
1977,10.03969,1.806746
1978,9.941985,2.459702
1979,9.970423,2.365284
1980,9.985337,2.290936
1981,10.01446,2.214165
1982,10.04746,2.123785
1983,10.0583,2.201724
1984,10.09078,2.357969
1985,10.12576,2.323251
1986,10.17546,2.309771
1987,10.22605,2.282538
1988,10.23951,2.452598
1989,10.31408,2.220292
1990,10.30898,2.138104
1991,10.30929,1.97454
1992,10.35005,1.96187
1993,10.37931,1.801314
1994,10.36188,1.90455
1995,10.33982,2.116079
1996,10.36656,2.065701
1997,10.40104,2.081542
1998,10.43393,2.16568
1999,10.44348,2.205133
2000,10.44352,2.436919
2001,10.45729,2.419786
2002,10.47222,2.230105
2003,10.49864,2.023611
2004,10.56238,1.899157
2005,10.59041,1.820555
2006,10.63742,1.807456
2007,10.68256,1.805849
2008,10.73003,1.451635
2009,10.75814,1.00801
2010,10.7366,1.106377
1880,,
1900,8.397723,1.560726
1920,8.709868,1.468081
1929,,
1930,,
1931,,
1932,,
1933,,
1934,,
1935,,
1936,,
1937,,
1938,,
1939,,
1940,9.003485,3.642974
1941,,
1942,,
1943,,
1944,,
1945,,
1946,,
1947,,
1948,,
1949,9.534275,1.119547
1950,9.372156,2.574735
1951,9.363886,2.430954
1952,9.195938,3.381534
1953,9.204268,3.510156
1954,9.307327,2.879996
1955,9.371419,2.999382
1956,9.568701,2.406301
1957,9.624249,1.767449
1958,9.466274,2.483492
1959,9.605243,1.87439
1960,9.73208,1.298199
1961,9.807134,.8825016
1962,9.806649,1.033921
1963,9.874727,.8237457
1964,9.885145,.9647322
1965,9.875716,1.320777
1966,9.817938,1.652694
1967,9.744126,2.10403
1968,9.677244,2.605128
1969,9.758184,2.329087
1970,9.887103,1.615472
1971,9.850077,1.8964
1972,9.872245,2.029142
1973,9.906299,2.060318
1974,9.883327,2.04381
1975,9.971295,1.47676
1976,10.04996,1.232848
1977,9.977739,1.638169
1978,9.962973,1.789451
1979,9.980121,1.640668
1980,9.991719,1.579685
1981,9.983634,1.603947
1982,10.01343,1.50578
1983,10.03948,1.517277
1984,10.07809,1.566901
1985,10.13987,1.459212
1986,10.14848,1.53615
1987,10.16493,1.571569
1988,10.19827,1.535783
1989,10.224,1.614075
1990,10.2102,1.575642
1991,10.22936,1.473346
1992,10.27807,1.177354
1993,10.31836,.9132147
1994,10.29209,1.047964
1995,10.26665,1.227932
1996,10.29653,1.21182
1997,10.30537,1.200304
1998,10.32086,1.377354
1999,10.30825,1.448631
2000,10.30766,1.608787
2001,10.30442,1.696396
2002,10.31459,1.686306
2003,10.34293,1.526122
2004,10.39147,1.444068
2005,10.43171,1.267643
2006,10.45571,1.222291
2007,10.47925,1.128607
2008,10.50543,.8803272
2009,10.54682,.4290581
2010,10.52533,.539422
1880,,
1900,7.466169,2.782321
1920,8.022634,2.48548
1929,,
1930,,
1931,,
1932,,
1933,,
1934,,
1935,,
1936,,
1937,,
1938,,
1939,,
1940,8.51973,2.67458
1941,,
1942,,
1943,,
1944,,
1945,,
1946,,
1947,,
1948,,
1949,8.843537,2.571201
1950,8.765415,3.287106
1951,8.694426,3.576932
1952,8.574535,4.384036
1953,8.531646,4.865327
1954,8.688074,4.02566
1955,8.747047,4.099007
1956,8.912092,3.5502
1957,8.955286,3.292804
1958,8.921458,3.452563
1959,9.008082,3.293271
1960,9.054646,3.012114
1961,9.158248,2.489042
1962,9.310802,1.860375
1963,9.500526,1.047969
1964,9.581849,.904336
1965,9.61249,.9746695
1966,9.523645,1.631761
1967,9.386571,2.570601
1968,9.340179,3.144999
1969,9.357778,3.400245
1970,9.422836,3.241868
1971,9.409812,3.435068
1972,9.451343,3.531351
1973,9.504711,3.488555
1974,9.493206,3.369341
1975,9.566849,2.834435
1976,9.622132,2.652116
1977,9.613847,2.837515
1978,9.611971,3.06869
1979,9.666737,2.794824
1980,9.657068,2.849174
1981,9.656056,2.925062
1982,9.682878,2.747221
1983,9.71012,2.846975
1984,9.762716,2.781854
1985,9.807424,2.709603
1986,9.849998,2.653708
1987,9.900691,2.475181
1988,9.969179,2.258081
1989,10.03783,2.080288
1990,10.07121,1.834278
1991,10.09683,1.586542
1992,10.15761,1.307788
1993,10.20242,1.109886
1994,10.16707,1.327648
1995,10.13374,1.598325
1996,10.15256,1.578827
1997,10.18135,1.498985
1998,10.22571,1.498642
1999,10.2257,1.552343
2000,10.2269,1.691303
2001,10.24107,1.603284
2002,10.23232,1.677904
2003,10.27952,1.455374
2004,10.31909,1.505704
2005,10.34934,1.501999
2006,10.38074,1.490912
2007,10.39573,1.476426
2008,10.4208,1.230106
2009,10.45388,.730629
2010,10.43807,.7905436
1880,,
1900,7.567586,.9552383
1920,7.758634,2.665722
1929,,
1930,,
1931,,
1932,,
1933,,
1934,,
1935,,
1936,,
1937,,
1938,,
1939,,
1940,8.291779,1.57114
1941,,
1942,,
1943,,
1944,,
1945,,
1946,,
1947,,
1948,,
1949,8.429908,3.517184
1950,8.330079,4.437127
1951,8.246311,5.10354
1952,8.098239,6.052232
1953,8.172096,5.822606
1954,8.321157,4.944334
1955,8.400052,5.027242
1956,8.501652,4.710779
1957,8.506491,4.597855
1958,8.447269,4.919791
1959,8.526621,4.728084
1960,8.606007,4.359026
1961,8.779745,3.574181
1962,8.980653,2.793751
1963,9.168036,2.104015
1964,9.287188,1.744719
1965,9.320213,1.902547
1966,9.198864,2.797008
1967,9.110489,3.470087
1968,9.140463,3.540869
1969,9.133345,3.774238
1970,9.217505,3.426752
1971,9.267019,3.351331
1972,9.308685,3.471775
1973,9.336617,3.568583
1974,9.310024,3.578191
1975,9.4055,2.967424
1976,9.443808,2.984676
1977,9.426062,3.190026
1978,9.431228,3.369694
1979,9.472238,3.110156
1980,9.477812,2.918048
1981,9.494581,2.897139
1982,9.539403,2.707629
1983,9.588839,2.693195
1984,9.636131,2.806888
1985,9.700723,2.667875
1986,9.758265,2.609062
1987,9.804506,2.46532
1988,9.848637,2.384691
1989,9.888192,2.241178
1990,9.902855,2.169242
1991,9.937285,1.944408
1992,10.00304,1.743546
1993,10.05033,1.545973
1994,10.02566,1.807418
1995,9.998985,2.051983
1996,10.04074,1.988173
1997,10.06407,1.957016
1998,10.10517,1.953073
1999,10.09427,2.106452
2000,10.06142,2.425318
2001,10.07401,2.361135
2002,10.08093,2.278781
2003,10.12748,2.022281
2004,10.19751,1.751657
2005,10.2343,1.679416
2006,10.28008,1.447601
2007,10.29757,1.445875
2008,10.32557,1.165619
2009,10.33643,.8550882
2010,10.3367,.828495
1880,,
1900,8.238292,1.911159
1920,8.620523,.7747412
1929,,
1930,,
1931,,
1932,,
1933,,
1934,,
1935,,
1936,,
1937,,
1938,,
1939,,
1940,8.775472,1.098533
1941,,
1942,,
1943,,
1944,,
1945,,
1946,,
1947,,
1948,,
1949,8.940035,2.675796
1950,8.83256,3.771658
1951,8.692723,4.426684
1952,8.494209,5.59751
1953,8.39403,5.856576
1954,8.436881,5.995965
1955,8.849687,3.600531
1956,8.767832,4.187484
1957,9.006226,3.330841
1958,8.895804,3.866057
1959,8.948523,3.651204
1960,8.995178,3.413563
1961,9.145798,2.898121
1962,9.357311,2.01468
1963,9.504331,1.527963
1964,9.468643,1.873698
1965,9.530787,2.007937
1966,9.576997,2.025933
1967,9.419776,2.697816
1968,9.638786,1.73665
1969,9.475194,2.823248
1970,9.586891,2.26851
1971,9.57806,2.285242
1972,9.613711,2.504511
1973,9.565345,3.366532
1974,9.636074,2.665658
1975,9.569793,3.091445
1976,9.605329,2.917981
1977,9.672394,2.75208
1978,9.669016,3.115559
1979,9.678763,2.883086
1980,9.677891,2.566133
1981,9.725422,2.459135
1982,9.760247,2.165813
1983,9.809923,1.887808
1984,9.843383,2.038054
1985,9.932375,1.630073
1986,9.982183,1.516552
1987,9.959339,1.727195
1988,9.986116,1.530738
1989,10.03984,1.430316
1990,10.04059,1.419401
1991,10.03511,1.340733
1992,10.11461,1.093359
1993,10.23865,.3021097
1994,10.16921,.9498262
1995,10.18808,.8701468
1996,10.18892,1.127343
1997,10.22281,1.050739
1998,10.29213,.8636189
1999,10.25538,1.065116
2000,10.19112,1.551857
2001,10.21725,1.393833
2002,10.19341,1.595826
2003,10.18748,1.611595
2004,10.25099,1.558776
2005,10.25839,1.471109
2006,10.28549,1.370111
2007,10.30478,1.476355
2008,10.29226,1.662583
2009,10.32591,1.328578
2010,10.32447,1.340489
1880,,
1900,8.730795,-.0912285
1920,8.712549,.6018496
1929,,
1930,,
1931,,
1932,,
1933,,
1934,,
1935,,
1936,,
1937,,
1938,,
1939,,
1940,8.832919,.4340601
1941,,
1942,,
1943,,
1944,,
1945,,
1946,,
1947,,
1948,,
1949,8.805725,3.027134
1950,8.806999,3.164406
1951,8.612987,4.354053
1952,8.402095,5.789771
1953,8.289145,6.010838
1954,8.797068,3.466043
1955,8.788209,3.645082
1956,8.943447,3.203588
1957,8.806939,3.885698
1958,8.828343,3.709745
1959,8.866108,3.685751
1960,8.919731,3.344197
1961,9.124979,2.457023
1962,9.452778,1.049843
1963,9.508483,.874691
1964,9.556936,.7474041
1965,9.568969,1.249218
1966,9.546238,1.275635
1967,9.469622,1.82188
1968,9.444863,2.010846
1969,9.411152,2.563524
1970,9.43988,2.54611
1971,9.483797,2.388191
1972,9.560049,2.348752
1973,9.491313,3.018775
1974,9.490276,3.166671
1975,9.517225,2.796011
1976,9.584165,2.633376
1977,9.584079,2.620163
1978,9.570292,2.887011
1979,9.603258,2.546144
1980,9.588571,2.498307
1981,9.616384,2.280049
1982,9.662746,1.877666
1983,9.683421,1.972013
1984,9.706417,1.953883
1985,9.818812,1.443238
1986,9.801365,1.55746
1987,9.833998,1.48519
1988,9.847033,1.607966
1989,9.923857,1.414294
1990,9.949102,1.346393
1991,9.961435,1.208749
1992,10.0298,1.035609
1993,10.09507,.8596277
1994,10.12361,.7947063
1995,10.07643,1.098623
1996,10.11084,.9949732
1997,10.10811,1.000237
1998,10.14769,1.019859
1999,10.11249,1.314311
2000,10.08823,1.565561
2001,10.07239,1.699185
2002,10.03828,1.864119
2003,10.07782,1.63198
2004,10.09719,1.797109
2005,10.10746,1.794815
2006,10.11286,1.891785
2007,10.13104,1.871958
2008,10.16863,1.550651
2009,10.20672,1.034865
2010,10.21838,.9984732
1880,,
1900,8.447664,2.103987
1920,8.868462,1.461043
1929,,
1930,,
1931,,
1932,,
1933,,
1934,,
1935,,
1936,,
1937,,
1938,,
1939,,
1940,9.16067,1.291575
1941,,
1942,,
1943,,
1944,,
1945,,
1946,,
1947,,
1948,,
1949,9.450705,1.206512
1950,9.312704,2.257462
1951,9.220857,2.84894
1952,9.003157,3.997717
1953,8.951398,4.493675
1954,9.064812,3.817043
1955,9.168661,3.527975
1956,9.280365,3.287935
1957,9.36054,2.858567
1958,9.262487,3.143368
1959,9.360625,2.865224
1960,9.418985,2.596345
1961,9.540956,2.100563
1962,9.586202,2.021194
1963,9.721728,1.411567
1964,9.8019,1.190882
1965,9.834933,1.296077
1966,9.797167,1.677728
1967,9.728018,2.128186
1968,9.751246,2.130489
1969,9.692007,2.576895
1970,9.764196,2.201209
1971,9.790645,2.172136
1972,9.8027,2.343793
1973,9.850133,2.369986
1974,9.82822,2.41003
1975,9.874256,2.15652
1976,9.937952,1.976743
1977,9.932254,2.153282
1978,9.891161,2.483978
1979,9.93367,2.20818
1980,9.938254,1.95014
1981,9.961069,1.851449
1982,9.99044,1.692953
1983,10.00404,1.676736
1984,10.04008,1.76095
1985,10.09415,1.568208
1986,10.13271,1.528282
1987,10.15366,1.522393
1988,10.17734,1.568885
1989,10.20739,1.476598
1990,10.20444,1.515613
1991,10.22507,1.280766
1992,10.27146,1.222186
1993,10.32413,.924201
1994,10.31023,1.102958
1995,10.30556,1.228862
1996,10.3333,1.217647
1997,10.36291,1.197267
1998,10.38796,1.273994
1999,10.37531,1.372557
2000,10.32828,1.762867
2001,10.33136,1.696286
2002,10.32903,1.713166
2003,10.33939,1.683493
2004,10.39227,1.527886
2005,10.40779,1.476936
2006,10.43837,1.447268
2007,10.45813,1.496196
2008,10.49112,1.302896
2009,10.50271,.9548759
2010,10.50756,.9211397
1880,,
1900,8.121928,1.947751
1920,8.511478,1.478062
1929,,
1930,,
1931,,
1932,,
1933,,
1934,,
1935,,
1936,,
1937,,
1938,,
1939,,
1940,8.807091,1.491404
1941,,
1942,,
1943,,
1944,,
1945,,
1946,,
1947,,
1948,,
1949,8.998474,2.38246
1950,8.856248,3.604951
1951,8.785501,4.16244
1952,8.544514,5.459571
1953,8.547878,5.853171
1954,8.714328,4.613972
1955,8.852302,4.215236
1956,8.974676,3.78901
1957,9.066871,3.248248
1958,8.940241,3.681836
1959,9.048821,3.380694
1960,9.105371,3.198667
1961,9.329779,2.113051
1962,9.458071,1.757555
1963,9.619682,1.063142
1964,9.654886,1.077704
1965,9.674622,1.336255
1966,9.553278,2.106128
1967,9.504255,2.378249
1968,9.528678,2.429571
1969,9.474966,2.861686
1970,9.577238,2.204537
1971,9.61799,2.160783
1972,9.636428,2.324638
1973,9.718513,2.289734
1974,9.637122,2.497301
1975,9.695349,2.137108
1976,9.732478,2.212586
1977,9.71652,2.46264
1978,9.676608,2.814627
1979,9.72496,2.500973
1980,9.745105,2.114296
1981,9.752389,2.062917
1982,9.809582,1.66204
1983,9.832311,1.624041
1984,9.870427,1.73913
1985,9.941873,1.467404
1986,9.974504,1.463366
1987,9.979905,1.534557
1988,10.01459,1.45956
1989,10.0473,1.448503
1990,10.01815,1.561565
1991,10.05015,1.311774
1992,10.10136,1.241484
1993,10.17646,.920186
1994,10.13658,1.259584
1995,10.12277,1.346378
1996,10.175,1.167836
1997,10.20905,1.090097
1998,10.23953,1.18073
1999,10.22515,1.286311
2000,10.16796,1.699376
2001,10.16497,1.676641
2002,10.14199,1.792469
2003,10.15712,1.778064
2004,10.21825,1.550975
2005,10.23535,1.418571
2006,10.26718,1.303148
2007,10.28682,1.249733
2008,10.3065,1.123471
2009,10.337,.7456923
2010,10.33046,.7495451
1880,,
1900,7.901837,3.18399
1920,8.538635,1.390505
1929,,
1930,,
1931,,
1932,,
1933,,
1934,,
1935,,
1936,,
1937,,
1938,,
1939,,
1940,8.816736,.1184273
1941,,
1942,,
1943,,
1944,,
1945,,
1946,,
1947,,
1948,,
1949,8.861465,2.845516
1950,8.750838,3.948226
1951,8.691053,4.318337
1952,8.402039,6.346912
1953,8.388005,6.114769
1954,8.497894,5.692101
1955,8.699459,4.584188
1956,8.755148,4.423614
1957,8.819701,4.177418
1958,8.730912,4.904552
1959,8.742155,4.810452
1960,8.840422,4.384904
1961,9.054354,3.404036
1962,9.383016,1.880178
1963,9.53137,1.230226
1964,9.62523,.9654427
1965,9.599545,1.343498
1966,9.489661,2.118506
1967,9.49134,2.19624
1968,9.448289,2.580018
1969,9.430568,2.894707
1970,9.540483,2.43094
1971,9.554721,2.556639
1972,9.671421,2.34798
1973,9.610959,3.012733
1974,9.636314,2.758884
1975,9.616297,2.838449
1976,9.639871,2.835693
1977,9.655185,2.846503
1978,9.711823,2.682371
1979,9.704246,2.824912
1980,9.717402,2.556443
1981,9.735161,2.572789
1982,9.759051,2.523732
1983,9.777415,2.444882
1984,9.818318,2.471218
1985,9.868245,2.291327
1986,9.913363,2.194014
1987,9.930588,2.128592
1988,9.964293,1.958609
1989,10.00951,1.738591
1990,10.02667,1.682587
1991,10.06605,1.435375
1992,10.14102,1.20069
1993,10.21351,.8555984
1994,10.18809,1.063919
1995,10.18399,1.092067
1996,10.20701,1.13862
1997,10.22449,1.199403
1998,10.2483,1.305447
1999,10.26923,1.241703
2000,10.22869,1.576223
2001,10.24972,1.53616
2002,10.2638,1.400771
2003,10.26639,1.451917
2004,10.31256,1.29632
2005,10.32651,1.268101
2006,10.35217,1.319151
2007,10.35631,1.466441
2008,10.35601,1.61593
2009,10.35723,1.327543
2010,10.36319,1.266356
1880,,
1900,7.780937,1.576667
1920,8.096271,1.684537
1929,,
1930,,
1931,,
1932,,
1933,,
1934,,
1935,,
1936,,
1937,,
1938,,
1939,,
1940,8.433178,.6168509
1941,,
1942,,
1943,,
1944,,
1945,,
1946,,
1947,,
1948,,
1949,8.554194,2.729306
1950,8.390978,3.756604
1951,8.36817,4.265857
1952,8.150449,5.605502
1953,8.178847,5.700541
1954,8.278348,5.108681
1955,8.387245,4.800148
1956,8.475838,4.614711
1957,8.586213,4.081798
1958,8.469592,4.678826
1959,8.513408,4.610457
1960,8.556548,4.400296
1961,8.718864,3.830328
1962,8.926262,3.002005
1963,9.131795,2.132888
1964,9.204026,1.874566
1965,9.227436,2.069788
1966,9.174005,2.629175
1967,9.083158,3.287549
1968,9.146893,3.175864
1969,9.100056,3.637161
1970,9.142299,3.493276
1971,9.221341,3.199205
1972,9.271549,3.245306
1973,9.318955,3.25192
1974,9.300084,3.353496
1975,9.347275,3.043618
1976,9.39878,3.00333
1977,9.402573,3.205638
1978,9.405357,3.358593
1979,9.435499,3.25942
1980,9.436607,2.945194
1981,9.48493,2.72738
1982,9.526663,2.521553
1983,9.558372,2.364464
1984,9.578939,2.612724
1985,9.641394,2.333188
1986,9.69984,2.083988
1987,9.740668,1.974931
1988,9.782065,1.975808
1989,9.827488,1.861115
1990,9.840954,1.808639
1991,9.861182,1.749773
1992,9.92061,1.607108
1993,9.969339,1.33224
1994,9.970783,1.408973
1995,9.955998,1.522799
1996,9.999446,1.417851
1997,10.0437,1.336575
1998,10.07708,1.375322
1999,10.08738,1.388621
2000,10.02565,1.898685
2001,10.03041,1.849961
2002,10.03097,1.864853
2003,10.03127,1.844878
2004,10.10148,1.61099
2005,10.10803,1.609612
2006,10.11664,1.635642
2007,10.13565,1.624374
2008,10.17723,1.418881
2009,10.19971,1.216793
2010,10.20268,1.137495
1880,,
1900,8.039902,.6022549
1920,8.160353,1.67748
1929,,
1930,,
1931,,
1932,,
1933,,
1934,,
1935,,
1936,,
1937,,
1938,,
1939,,
1940,8.495849,.9701252
1941,,
1942,,
1943,,
1944,,
1945,,
1946,,
1947,,
1948,,
1949,8.609965,3.146467
1950,8.486461,3.901119
1951,8.465608,4.03399
1952,8.290445,5.097184
1953,8.287337,5.322318
1954,8.412338,4.648051
1955,8.482385,4.528737
1956,8.595358,4.255652
1957,8.630273,4.276071
1958,8.636474,4.163671
1959,8.683512,4.039011
1960,8.689874,3.933411
1961,8.853329,3.214598
1962,9.025332,2.484808
1963,9.250013,1.572852
1964,9.340816,1.29446
1965,9.33389,1.572533
1966,9.185347,2.602544
1967,9.10906,3.243318
1968,9.170816,3.152699
1969,9.239259,2.809052
1970,9.266685,2.73294
1971,9.272406,2.835884
1972,9.309882,2.876458
1973,9.351801,2.896018
1974,9.341949,3.032126
1975,9.388132,2.856779
1976,9.446488,2.847824
1977,9.485487,2.81765
1978,9.469208,3.152013
1979,9.491314,3.07229
1980,9.476556,3.133111
1981,9.496248,3.197389
1982,9.522294,3.045893
1983,9.564584,2.820759
1984,9.599708,2.756414
1985,9.648396,2.519531
1986,9.705855,2.12925
1987,9.757724,1.781812
1988,9.801356,1.682029
1989,9.801069,1.794457
1990,9.813272,1.885176
1991,9.839582,1.791868
1992,9.885174,1.697984
1993,9.931005,1.52544
1994,9.948374,1.611218
1995,9.959488,1.606932
1996,10.01605,1.378112
1997,10.04902,1.325889
1998,10.09961,1.234488
1999,10.10577,1.170411
2000,10.10318,1.256394
2001,10.13573,1.3059
2002,10.13147,1.344428
2003,10.12874,1.373067
2004,10.15099,1.395617
2005,10.1523,1.574464
2006,10.13171,2.074566
2007,10.11409,2.422948
2008,10.13776,2.386684
2009,10.15996,2.032952
2010,10.19031,1.869721
1880,,
1900,8.789757,1.186404
1920,9.027038,1.116996
1929,,
1930,,
1931,,
1932,,
1933,,
1934,,
1935,,
1936,,
1937,,
1938,,
1939,,
1940,9.250437,1.029243
1941,,
1942,,
1943,,
1944,,
1945,,
1946,,
1947,,
1948,,
1949,9.406311,.779171
1950,9.349231,1.569471
1951,9.347236,1.672153
1952,9.239702,2.326059
1953,9.200528,2.615876
1954,9.254823,2.260318
1955,9.287156,2.472091
1956,9.376837,2.242494
1957,9.365904,2.361517
1958,9.300917,2.577949
1959,9.389596,2.325344
1960,9.456285,2.071414
1961,9.551506,1.730256
1962,9.623315,1.563272
1963,9.726336,1.099744
1964,9.738482,1.207113
1965,9.75321,1.329145
1966,9.705119,1.779652
1967,9.596656,2.53736
1968,9.57198,2.879376
1969,9.562145,3.052182
1970,9.663125,2.600107
1971,9.681666,2.587547
1972,9.704914,2.677851
1973,9.723703,2.694964
1974,9.706886,2.662883
1975,9.781574,2.207899
1976,9.825336,2.110305
1977,9.838207,2.154737
1978,9.816506,2.403665
1979,9.854665,2.209148
1980,9.870568,2.098351
1981,9.897557,1.999307
1982,9.935969,1.974697
1983,9.946284,2.156491
1984,9.979904,2.351122
1985,10.01904,2.338085
1986,10.06105,2.382264
1987,10.10413,2.360582
1988,10.14785,2.366385
1989,10.17258,2.231531
1990,10.18315,2.071991
1991,10.19918,1.897731
1992,10.24048,1.775174
1993,10.2627,1.669869
1994,10.23946,1.894331
1995,10.22315,2.071056
1996,10.2474,2.088385
1997,10.26915,2.13738
1998,10.29724,2.247534
1999,10.29649,2.388144
2000,10.29024,2.741575
2001,10.29742,2.735815
2002,10.33091,2.496266
2003,10.37758,2.233777
2004,10.45013,2.019424
2005,10.48666,1.90134
2006,10.5375,1.829543
2007,10.57624,1.798387
2008,10.62113,1.535621
2009,10.61889,1.340685
2010,10.59754,1.464791
1880,,
1900,8.252877,1.856079
1920,8.624093,2.021475
1929,,
1930,,
1931,,
1932,,
1933,,
1934,,
1935,,
1936,,
1937,,
1938,,
1939,,
1940,9.028388,1.675892
1941,,
1942,,
1943,,
1944,,
1945,,
1946,,
1947,,
1948,,
1949,9.240598,1.654539
1950,9.189957,2.319384
1951,9.173728,2.528629
1952,9.061692,3.335218
1953,9.020053,3.694849
1954,9.103926,3.034611
1955,9.129821,3.199682
1956,9.232096,2.940063
1957,9.269935,2.77216
1958,9.242707,2.644229
1959,9.30201,2.447171
1960,9.363566,2.231369
1961,9.517414,1.615982
1962,9.662961,1.093054
1963,9.745858,.7703066
1964,9.756958,.9342146
1965,9.725757,1.299567
1966,9.644048,1.932492
1967,9.538999,2.65574
1968,9.564628,2.75743
1969,9.571506,3.022218
1970,9.653833,2.7425
1971,9.679454,2.741847
1972,9.728736,2.731371
1973,9.759023,2.751265
1974,9.710848,2.931781
1975,9.769757,2.593904
1976,9.820108,2.508817
1977,9.824367,2.580452
1978,9.771553,2.97698
1979,9.791444,2.835507
1980,9.80984,2.675309
1981,9.840611,2.529411
1982,9.881572,2.414951
1983,9.89992,2.508349
1984,9.943801,2.551374
1985,9.98567,2.545514
1986,10.03055,2.515035
1987,10.07015,2.444692
1988,10.11611,2.366595
1989,10.17595,2.13202
1990,10.20233,1.950545
1991,10.22782,1.747708
1992,10.27501,1.538649
1993,10.30928,1.361485
1994,10.2972,1.488152
1995,10.28854,1.551652
1996,10.32187,1.436872
1997,10.34046,1.461773
1998,10.36695,1.543641
1999,10.35855,1.710625
2000,10.3449,1.981711
2001,10.34649,2.048731
2002,10.36456,2.001185
2003,10.40159,1.844473
2004,10.45408,1.784978
2005,10.49477,1.66513
2006,10.53355,1.556954
2007,10.55908,1.54263
2008,10.58943,1.391931
2009,10.60235,1.20368
2010,10.59244,1.267924
1880,,
1900,8.117566,2.110219
1920,8.53961,1.5763
1929,,
1930,,
1931,,
1932,,
1933,,
1934,,
1935,,
1936,,
1937,,
1938,,
1939,,
1940,8.85487,1.023564
1941,,
1942,,
1943,,
1944,,
1945,,
1946,,
1947,,
1948,,
1949,8.987679,1.735001
1950,8.965973,1.835566
1951,8.90544,2.259817
1952,8.749292,3.383994
1953,8.781417,3.21785
1954,8.866693,2.748227
1955,8.881885,3.140602
1956,9.025468,2.617955
1957,8.998863,2.738533
1958,8.941648,3.069935
1959,9.004293,2.857299
1960,9.059583,2.694721
1961,9.193414,1.926751
1962,9.395881,1.073728
1963,9.588802,.2103615
1964,9.571432,.624733
1965,9.527822,1.13379
1966,9.494332,1.464815
1967,9.389073,2.066493
1968,9.369739,2.342019
1969,9.33468,2.749071
1970,9.333086,2.899113
1971,9.357404,2.815862
1972,9.426091,2.675476
1973,9.424987,2.930393
1974,9.416338,2.935047
1975,9.510005,2.315755
1976,9.549059,2.468038
1977,9.54657,2.519641
1978,9.555634,2.56443
1979,9.575753,2.430801
1980,9.598527,2.26984
1981,9.578764,2.353086
1982,9.610626,2.28126
1983,9.630875,2.338424
1984,9.696379,2.287006
1985,9.75458,2.167392
1986,9.787295,2.277017
1987,9.802372,2.391548
1988,9.838142,2.396321
1989,9.884494,2.267084
1990,9.912909,2.017655
1991,9.920576,1.844363
1992,9.961186,1.705184
1993,10.01107,1.437192
1994,10.00335,1.574931
1995,9.973156,1.791558
1996,10.04267,1.569662
1997,10.0505,1.657286
1998,10.06852,1.833448
1999,10.06191,1.956034
2000,10.0525,2.136431
2001,10.04938,2.281804
2002,10.06688,2.232494
2003,10.09856,2.132626
2004,10.15378,2.003727
2005,10.18806,1.76496
2006,10.2427,1.547627
2007,10.28068,1.467838
2008,10.31741,1.285462
2009,10.33791,1.129508
2010,10.31644,1.197915
1880,,
1900,8.277089,1.266117
1920,8.530313,2.438226
1929,,
1930,,
1931,,
1932,,
1933,,
1934,,
1935,,
1936,,
1937,,
1938,,
1939,,
1940,9.017958,1.505308
1941,,
1942,,
1943,,
1944,,
1945,,
1946,,
1947,,
1948,,
1949,9.269209,1.627774
1950,9.106909,2.975583
1951,9.004403,3.607783
1952,8.793692,4.797244
1953,8.718378,5.654907
1954,8.956285,4.134784
1955,9.090956,3.857474
1956,9.231625,3.165174
1957,9.298403,2.741961
1958,9.137817,3.250036
1959,9.241902,2.934523
1960,9.319019,2.639513
1961,9.467292,1.82929
1962,9.600202,1.447754
1963,9.796598,.6613827
1964,9.805573,.9447765
1965,9.734694,1.649747
1966,9.654604,2.25872
1967,9.616738,2.450275
1968,9.606789,2.766247
1969,9.594764,2.843103
1970,9.702025,2.089782
1971,9.72596,2.104506
1972,9.75314,2.305527
1973,9.84936,2.077208
1974,9.783242,2.210293
1975,9.862451,1.688428
1976,9.864659,1.983747
1977,9.846795,2.329645
1978,9.787825,2.766476
1979,9.828807,2.474031
1980,9.846922,2.082801
1981,9.83315,2.027922
1982,9.889752,1.644063
1983,9.928875,1.610303
1984,9.994528,1.575346
1985,10.06464,1.437774
1986,10.10635,1.413598
1987,10.10679,1.373339
1988,10.16004,1.187477
1989,10.16338,1.272569
1990,10.11998,1.40223
1991,10.14686,1.170216
1992,10.21425,.9519958
1993,10.2648,.762248
1994,10.2253,1.187925
1995,10.20014,1.355443
1996,10.26141,1.081944
1997,10.31272,.9276438
1998,10.34112,1.005812
1999,10.32361,1.158676
2000,10.26348,1.563382
2001,10.23873,1.651773
2002,10.21856,1.713729
2003,10.25094,1.607723
2004,10.3096,1.29323
2005,10.3522,1.033845
2006,10.38907,.7994986
2007,10.38146,.890255
2008,10.39753,.7241678
2009,10.4179,.3638601
2010,10.40043,.4941368
1880,,
1900,8.277885,1.817842
1920,8.641454,.756712
1929,,
1930,,
1931,,
1932,,
1933,,
1934,,
1935,,
1936,,
1937,,
1938,,
1939,,
1940,8.792796,1.278849
1941,,
1942,,
1943,,
1944,,
1945,,
1946,,
1947,,
1948,,
1949,8.97997,2.350721
1950,8.920546,2.981935
1951,8.833367,3.524032
1952,8.702018,4.24962
1953,8.59965,4.956694
1954,8.716346,4.380178
1955,8.917647,3.577085
1956,8.955983,3.445921
1957,9.049387,3.058953
1958,8.981734,3.475275
1959,9.043534,3.239012
1960,9.048566,3.34837
1961,9.162536,2.913494
1962,9.316936,2.295332
1963,9.432104,1.924844
1964,9.475766,1.798887
1965,9.550729,1.79749
1966,9.537621,2.093568
1967,9.466485,2.602124
1968,9.52224,2.538819
1969,9.450114,3.096571
1970,9.516932,2.835612
1971,9.538174,2.779422
1972,9.551942,2.95311
1973,9.590989,3.249192
1974,9.592381,3.077579
1975,9.633064,2.775207
1976,9.645167,2.816081
1977,9.661178,2.9914
1978,9.676789,3.100939
1979,9.691337,2.994013
1980,9.71824,2.696095
1981,9.745234,2.549257
1982,9.776002,2.422013
1983,9.817073,2.315722
1984,9.835544,2.608066
1985,9.910227,2.323575
1986,9.956334,2.256274
1987,9.98691,2.209268
1988,10.03,1.97125
1989,10.06943,1.924872
1990,10.08405,1.83989
1991,10.09406,1.688862
1992,10.14256,1.582313
1993,10.24083,1.01222
1994,10.2079,1.36487
1995,10.18811,1.566124
1996,10.20838,1.664767
1997,10.25946,1.526947
1998,10.29698,1.64875
1999,10.29014,1.789098
2000,10.25746,2.109866
2001,10.25509,2.095051
2002,10.2604,2.097178
2003,10.28022,2.055831
2004,10.35716,1.820011
2005,10.37494,1.70157
2006,10.40759,1.597085
2007,10.42876,1.606293
2008,10.42425,1.633196
2009,10.4544,1.216373
2010,10.45203,1.291914
1880,,
1900,8.168336,1.885948
1920,8.545526,1.321039
1929,,
1930,,
1931,,
1932,,
1933,,
1934,,
1935,,
1936,,
1937,,
1938,,
1939,,
1940,8.809733,1.17034
1941,,
1942,,
1943,,
1944,,
1945,,
1946,,
1947,,
1948,,
1949,9.021101,2.151427
1950,8.944643,2.843156
1951,8.902347,3.102641
1952,8.711207,4.292717
1953,8.676022,4.658194
1954,8.741961,4.264083
1955,8.853966,3.988385
1956,8.944027,3.701301
1957,8.992597,3.402843
1958,8.947782,3.809853
1959,9.019724,3.615823
1960,9.043801,3.481512
1961,9.204502,2.765393
1962,9.331263,2.334929
1963,9.452324,1.869135
1964,9.538919,1.588612
1965,9.572858,1.729484
1966,9.541322,2.021756
1967,9.433947,2.700448
1968,9.471302,2.783365
1969,9.451386,2.809782
1970,9.513274,2.607098
1971,9.522875,2.675071
1972,9.569751,2.673926
1973,9.60766,2.696781
1974,9.594777,2.57503
1975,9.651643,2.288704
1976,9.684287,2.303977
1977,9.673165,2.551332
1978,9.709752,2.523451
1979,9.742888,2.357011
1980,9.740104,2.113729
1981,9.757581,2.083302
1982,9.798248,1.919527
1983,9.826151,1.926365
1984,9.856642,2.047534
1985,9.918755,1.869369
1986,9.945673,1.86739
1987,9.974036,1.771741
1988,10.02798,1.552691
1989,10.01334,1.695771
1990,10.03469,1.515508
1991,10.05789,1.399031
1992,10.10454,1.284866
1993,10.14702,1.083879
1994,10.10978,1.408267
1995,10.10938,1.45648
1996,10.14508,1.371379
1997,10.18343,1.322231
1998,10.21444,1.355634
1999,10.21429,1.401925
2000,10.16285,1.801958
2001,10.17424,1.737738
2002,10.18215,1.731887
2003,10.21142,1.629491
2004,10.26615,1.454134
2005,10.29263,1.307497
2006,10.31915,1.245174
2007,10.32838,1.313152
2008,10.33851,1.355543
2009,10.3525,1.082239
2010,10.3378,1.124749
1880,,
1900,7.530099,1.067438
1920,7.743587,1.683741
1929,,
1930,,
1931,,
1932,,
1933,,
1934,,
1935,,
1936,,
1937,,
1938,,
1939,,
1940,8.080335,.3281927
1941,,
1942,,
1943,,
1944,,
1945,,
1946,,
1947,,
1948,,
1949,8.217454,2.988367
1950,7.902074,4.952607
1951,7.842959,5.367961
1952,7.621359,6.703346
1953,7.705965,6.416073
1954,7.954174,5.065322
1955,7.971992,5.61172
1956,8.20363,4.408298
1957,8.15641,4.529238
1958,8.062985,5.270982
1959,8.103027,5.413342
1960,8.145973,5.0741
1961,8.458611,3.793392
1962,8.716164,2.587414
1963,8.855084,2.31205
1964,9.0022,1.699848
1965,8.98033,2.129021
1966,8.87065,2.962213
1967,8.82227,3.48958
1968,8.924091,3.245749
1969,8.815127,4.012227
1970,8.892595,3.795543
1971,8.916552,3.87454
1972,8.962029,4.051065
1973,8.98918,4.207926
1974,8.967238,4.223046
1975,9.094337,3.504281
1976,9.08529,3.873081
1977,9.062258,4.161596
1978,9.117182,4.007869
1979,9.185696,3.718152
1980,9.160793,3.590193
1981,9.217289,3.381271
1982,9.233646,3.242927
1983,9.317494,2.867188
1984,9.34217,2.982306
1985,9.406135,2.737417
1986,9.463093,2.518673
1987,9.520186,2.351913
1988,9.573241,2.22693
1989,9.617573,2.15796
1990,9.651704,1.965375
1991,9.69146,1.796036
1992,9.772242,1.561522
1993,9.830765,1.379066
1994,9.811848,1.687288
1995,9.795193,1.828055
1996,9.859906,1.615286
1997,9.894577,1.545076
1998,9.918756,1.621957
1999,9.929326,1.609874
2000,9.878832,1.934652
2001,9.893543,2.004752
2002,9.882232,2.051754
2003,9.890932,2.073793
2004,9.938631,1.974602
2005,9.953618,2.068095
2006,9.966827,2.019238
2007,9.990569,2.085137
2008,10.01863,1.963511
2009,10.04916,1.654549
2010,10.04478,1.717262
1880,,
1900,9.240931,.474968
1920,9.335924,-2.275519
1929,,
1930,,
1931,,
1932,,
1933,,
1934,,
1935,,
1936,,
1937,,
1938,,
1939,,
1940,8.88082,1.238685
1941,,
1942,,
1943,,
1944,,
1945,,
1946,,
1947,,
1948,,
1949,8.974443,2.695932
1950,8.829927,4.172907
1951,8.662632,5.066614
1952,8.620909,5.220361
1953,8.559875,5.454402
1954,8.731331,4.453235
1955,8.973433,3.602681
1956,8.96628,3.658366
1957,9.002997,3.450975
1958,9.025672,3.404975
1959,9.070286,3.014493
1960,9.128557,2.766051
1961,9.303119,1.710105
1962,9.437094,1.781588
1963,9.622004,.7116556
1964,9.632945,.664382
1965,9.630783,.957408
1966,9.629908,1.163735
1967,9.617085,1.211438
1968,9.64239,1.136789
1969,9.51363,2.098007
1970,9.664509,1.542511
1971,9.675955,1.494517
1972,9.664981,2.080345
1973,9.650755,2.545896
1974,9.621978,2.521095
1975,9.69397,2.124271
1976,9.697953,2.146916
1977,9.693192,2.183919
1978,9.706667,2.475033
1979,9.673184,2.444353
1980,9.681767,2.259645
1981,9.64514,2.55002
1982,9.793411,1.721802
1983,9.764335,1.905503
1984,9.765821,1.935296
1985,9.822265,1.539783
1986,9.862655,1.489692
1987,9.859373,1.524696
1988,9.869748,1.420612
1989,9.933231,1.345944
1990,9.973011,1.143603
1991,9.974858,1.214619
1992,10.08105,.7192469
1993,10.15993,.4451704
1994,10.1262,.5440712
1995,10.11882,.5936241
1996,10.12734,.5947351
1997,10.12998,.664506
1998,10.20167,.5726719
1999,10.16206,.796237
2000,10.1337,1.083221
2001,10.15514,1.210556
2002,10.13777,1.287899
2003,10.14544,1.380682
2004,10.15288,1.532221
2005,10.13022,1.753263
2006,10.16059,1.726546
2007,10.16431,1.863227
2008,10.15387,1.945305
2009,10.20242,1.470032
2010,10.20173,1.541595
1880,,
1900,7.27395,1.537886
1920,7.581527,3.646352
1929,,
1930,,
1931,,
1932,,
1933,,
1934,,
1935,,
1936,,
1937,,
1938,,
1939,,
1940,8.310798,1.27975
1941,,
1942,,
1943,,
1944,,
1945,,
1946,,
1947,,
1948,,
1949,8.383982,3.746767
1950,8.278443,4.751968
1951,8.209309,5.233212
1952,8.027,6.203775
1953,8.18113,5.569487
1954,8.34722,4.785752
1955,8.404276,4.800797
1956,8.483157,4.580293
1957,8.536819,4.101653
1958,8.459441,4.618616
1959,8.543216,4.407945
1960,8.566748,4.359689
1961,8.78413,3.401999
1962,8.985824,2.653785
1963,9.121098,2.128391
1964,9.201858,2.00161
1965,9.251099,1.991181
1966,9.219809,2.495289
1967,9.122516,3.167758
1968,9.153782,3.240919
1969,9.133335,3.606815
1970,9.228837,3.210955
1971,9.255951,3.197207
1972,9.267756,3.507299
1973,9.295028,3.631673
1974,9.304371,3.480992
1975,9.364435,3.065524
1976,9.399216,3.11317
1977,9.35715,3.40445
1978,9.383164,3.459263
1979,9.424805,3.178234
1980,9.438685,2.978077
1981,9.46453,2.912116
1982,9.516581,2.654614
1983,9.546776,2.736254
1984,9.60218,2.819395
1985,9.649335,2.745376
1986,9.718866,2.614293
1987,9.756067,2.556067
1988,9.801966,2.495799
1989,9.854698,2.346935
1990,9.871028,2.222257
1991,9.895392,2.036715
1992,9.969215,1.84607
1993,10.02136,1.649923
1994,10.00057,1.857147
1995,9.97754,2.065763
1996,10.02185,1.946607
1997,10.03804,2.016187
1998,10.07502,2.029495
1999,10.06045,2.191663
2000,10.0343,2.448516
2001,10.04695,2.32542
2002,10.0475,2.256408
2003,10.09403,1.999297
2004,10.16606,1.803985
2005,10.19841,1.724353
2006,10.24172,1.537356
2007,10.26728,1.510653
2008,10.30113,1.270723
2009,10.32409,.9207201
2010,10.31548,.9599447
1880,,
1900,8.649366,.0244808
1920,8.654263,-.4568052
1929,,
1930,,
1931,,
1932,,
1933,,
1934,,
1935,,
1936,,
1937,,
1938,,
1939,,
1940,8.562901,.4330921
1941,,
1942,,
1943,,
1944,,
1945,,
1946,,
1947,,
1948,,
1949,8.522074,4.263902
1950,8.342972,5.7095
1951,7.972888,7.493298
1952,7.987845,6.852763
1953,7.872237,7.46105
1954,8.045261,6.66626
1955,8.408963,5.334778
1956,8.263627,6.210904
1957,8.54007,4.800181
1958,8.422113,6.016755
1959,8.551174,4.828091
1960,8.64952,4.659934
1961,8.995637,2.342815
1962,9.125126,3.391719
1963,9.439395,1.310935
1964,9.486311,.9349108
1965,9.47707,1.663613
1966,9.438864,1.784625
1967,9.611433,.9404564
1968,9.535205,1.360416
1969,9.374854,2.486148
1970,9.484872,1.907024
1971,9.471547,2.417088
1972,9.358397,3.684597
1973,9.364447,5.059118
1974,9.378513,4.407659
1975,9.475919,3.686519
1976,9.505808,3.111072
1977,9.500106,2.995119
1978,9.625464,3.160753
1979,9.516792,3.285766
1980,9.581507,2.084093
1981,9.4642,3.509789
1982,9.80347,1.847692
1983,9.701582,2.380962
1984,9.673293,2.670541
1985,9.809793,1.996908
1986,9.795789,2.090297
1987,9.799524,2.104311
1988,9.807288,1.50599
1989,9.872084,1.58329
1990,9.866277,1.843929
1991,9.954965,1.28849
1992,10.09532,.8741617
1993,10.37627,-.6621075
1994,10.26005,.1889515
1995,10.21322,.2435255
1996,10.12802,1.089587
1997,10.09913,1.019554
1998,10.25762,.6779194
1999,10.17395,1.05669
2000,9.998325,2.19543
2001,10.16616,1.404309
2002,10.17301,1.400938
2003,10.17777,1.671977
2004,10.2074,1.505351
2005,10.20917,1.653242
2006,10.21385,1.607471
2007,10.22039,1.948934
2008,10.10849,2.908516
2009,10.18874,2.349405
2010,10.23506,2.367015
1880,,
1900,8.166298,2.487526
1920,8.663803,.4948616
1929,,
1930,,
1931,,
1932,,
1933,,
1934,,
1935,,
1936,,
1937,,
1938,,
1939,,
1940,8.762775,.5641842
1941,,
1942,,
1943,,
1944,,
1945,,
1946,,
1947,,
1948,,
1949,8.963673,2.533097
1950,8.851654,3.790302
1951,8.723788,4.297719
1952,8.524421,5.568347
1953,8.473477,5.515924
1954,8.407845,6.045251
1955,8.815043,3.707433
1956,8.775121,3.916531
1957,8.787615,4.445896
1958,8.778455,4.631886
1959,8.785127,4.548526
1960,8.875612,4.254122
1961,9.046732,3.354878
1962,9.343976,2.175055
1963,9.502303,1.410975
1964,9.55405,1.192451
1965,9.613515,1.332951
1966,9.530961,2.02867
1967,9.464114,2.380877
1968,9.586984,1.845117
1969,9.470292,2.718105
1970,9.609715,2.043977
1971,9.583332,2.374215
1972,9.63809,2.411652
1973,9.576662,3.169665
1974,9.616896,2.624965
1975,9.55653,3.118296
1976,9.558427,3.036714
1977,9.676794,2.51513
1978,9.704832,2.723503
1979,9.694832,2.605577
1980,9.726437,2.100625
1981,9.717708,2.376075
1982,9.778987,2.127175
1983,9.784498,2.109685
1984,9.792541,2.379365
1985,9.880105,2.033911
1986,9.936695,1.828809
1987,9.940289,1.876793
1988,9.956007,1.909323
1989,10.01391,1.652112
1990,10.01851,1.699476
1991,10.05818,1.452694
1992,10.12042,1.225162
1993,10.2106,.7372618
1994,10.14189,1.245017
1995,10.18019,1.142664
1996,10.16577,1.471653
1997,10.17982,1.392994
1998,10.24953,1.26595
1999,10.21595,1.543574
2000,10.14656,2.008214
2001,10.19292,1.851664
2002,10.20442,1.779323
2003,10.20644,1.942258
2004,10.26841,1.704602
2005,10.28689,1.614442
2006,10.30246,1.533008
2007,10.31565,1.699338
2008,10.33787,1.698599
2009,10.34434,1.445374
2010,10.35841,1.375275
1880,,
1900,8.402997,1.347675
1920,8.672532,1.275544
1929,,
1930,,
1931,,
1932,,
1933,,
1934,,
1935,,
1936,,
1937,,
1938,,
1939,,
1940,8.927641,1.154332
1941,,
1942,,
1943,,
1944,,
1945,,
1946,,
1947,,
1948,,
1949,9.125454,1.408806
1950,9.088861,1.819263
1951,9.036757,2.268138
1952,8.872942,3.219709
1953,8.901647,3.273263
1954,9.005554,2.864742
1955,9.030841,3.116512
1956,9.090475,2.938375
1957,9.106278,2.969341
1958,9.066866,3.039718
1959,9.132891,2.961636
1960,9.158507,2.914772
1961,9.3095,2.293591
1962,9.389119,2.081127
1963,9.46807,1.687799
1964,9.52783,1.573977
1965,9.558413,1.629848
1966,9.510506,2.171178
1967,9.430655,2.743812
1968,9.41276,3.046474
1969,9.407215,3.271546
1970,9.452714,2.94579
1971,9.490384,2.804484
1972,9.516884,2.890558
1973,9.556299,2.8794
1974,9.578503,2.639279
1975,9.654143,2.137184
1976,9.67815,2.28426
1977,9.700147,2.329493
1978,9.674809,2.683225
1979,9.725218,2.476625
1980,9.741462,2.373648
1981,9.768218,2.311826
1982,9.805345,2.260299
1983,9.80563,2.515421
1984,9.842626,2.643991
1985,9.884382,2.661629
1986,9.944741,2.623591
1987,9.979418,2.634764
1988,10.02205,2.558904
1989,10.06152,2.347088
1990,10.04187,2.182436
1991,10.05128,2.127876
1992,10.095,1.948581
1993,10.13218,1.717234
1994,10.10636,2.009478
1995,10.08158,2.24195
1996,10.135,2.179785
1997,10.16605,2.076578
1998,10.21145,2.142735
1999,10.22054,2.214031
2000,10.21619,2.541614
2001,10.23058,2.431397
2002,10.2574,2.279582
2003,10.30871,1.991639
2004,10.37142,1.84258
2005,10.41671,1.576004
2006,10.46946,1.439037
2007,10.50637,1.376796
2008,10.53384,1.168714
2009,10.53094,.9795332
2010,10.47836,1.245794
1880,,
1900,8.646711,1.435561
1920,8.933824,1.032729
1929,,
1930,,
1931,,
1932,,
1933,,
1934,,
1935,,
1936,,
1937,,
1938,,
1939,,
1940,9.140369,1.839557
1941,,
1942,,
1943,,
1944,,
1945,,
1946,,
1947,,
1948,,
1949,9.420703,1.172757
1950,9.364056,1.918359
1951,9.318975,2.29147
1952,9.197125,3.081355
1953,9.134851,3.625841
1954,9.19486,3.255892
1955,9.259801,3.130989
1956,9.369402,2.824779
1957,9.385849,2.784491
1958,9.338598,2.67118
1959,9.424795,2.462196
1960,9.508281,2.149487
1961,9.612207,1.695256
1962,9.706954,1.448388
1963,9.850962,.7849264
1964,9.917634,.6397629
1965,9.912956,.8635759
1966,9.793534,1.657796
1967,9.68736,2.355986
1968,9.658616,2.70988
1969,9.655254,2.949672
1970,9.747727,2.5453
1971,9.777269,2.484741
1972,9.813396,2.523022
1973,9.860019,2.433825
1974,9.846039,2.405276
1975,9.885999,2.129607
1976,9.934358,2.046533
1977,9.942747,2.14798
1978,9.872834,2.64925
1979,9.917234,2.40335
1980,9.938178,2.257719
1981,9.951259,2.23341
1982,9.996632,2.082295
1983,10.00795,2.222896
1984,10.04559,2.292466
1985,10.08567,2.229843
1986,10.12509,2.230144
1987,10.15856,2.229576
1988,10.20059,2.25091
1989,10.24519,2.11988
1990,10.25679,2.034092
1991,10.27422,1.822214
1992,10.318,1.752219
1993,10.34678,1.560545
1994,10.32709,1.678581
1995,10.31192,1.867151
1996,10.34366,1.829786
1997,10.37234,1.845179
1998,10.40268,1.899724
1999,10.3979,1.97938
2000,10.38972,2.30207
2001,10.39794,2.244301
2002,10.41309,2.127957
2003,10.45253,1.878686
2004,10.50408,1.752744
2005,10.53164,1.651745
2006,10.57112,1.655269
2007,10.60447,1.667852
2008,10.65077,1.409616
2009,10.66916,1.064358
2010,10.66361,1.121349
1880,,
1900,7.719236,2.943451
1920,8.307926,1.502838
1929,,
1930,,
1931,,
1932,,
1933,,
1934,,
1935,,
1936,,
1937,,
1938,,
1939,,
1940,8.608494,.5546093
1941,,
1942,,
1943,,
1944,,
1945,,
1946,,
1947,,
1948,,
1949,8.59278,3.552642
1950,8.416886,4.626293
1951,8.361216,5.089798
1952,8.143953,6.358604
1953,8.206583,6.08202
1954,8.336604,5.454512
1955,8.488639,4.982786
1956,8.631375,4.466825
1957,8.651731,4.526629
1958,8.601684,4.929414
1959,8.669884,4.736185
1960,8.719416,4.365969
1961,8.899217,3.586402
1962,9.093284,2.684951
1963,9.231814,2.038827
1964,9.345037,1.596661
1965,9.390658,1.548414
1966,9.293487,2.179747
1967,9.241404,2.504559
1968,9.26911,2.581582
1969,9.303308,2.546821
1970,9.342145,2.51399
1971,9.379175,2.45904
1972,9.415674,2.582316
1973,9.422987,2.71606
1974,9.427506,2.668834
1975,9.485196,2.463789
1976,9.52474,2.430406
1977,9.557056,2.419748
1978,9.587566,2.480264
1979,9.617121,2.313299
1980,9.592609,2.297792
1981,9.616497,2.230239
1982,9.630274,2.190895
1983,9.63958,2.240596
1984,9.66437,2.274218
1985,9.700341,2.232547
1986,9.729436,2.101698
1987,9.742315,2.027407
1988,9.785426,1.837244
1989,9.812673,1.752906
1990,9.844943,1.610794
1991,9.870983,1.522617
1992,9.932137,1.28305
1993,9.966199,1.199079
1994,9.961273,1.308117
1995,9.977954,1.317096
1996,10.01082,1.184659
1997,10.04101,1.093197
1998,10.08362,1.068783
1999,10.07978,1.07336
2000,10.05217,1.336856
2001,10.06254,1.567016
2002,10.06845,1.504593
2003,10.0877,1.426463
2004,10.11921,1.449156
2005,10.14685,1.442537
2006,10.14978,1.499071
2007,10.1478,1.64319
2008,10.15287,1.689057
2009,10.16325,1.467085
2010,10.1671,1.466374
1880,,
1900,9.52436,-1.110072
1920,9.302345,-.0644398
1929,,
1930,,
1931,,
1932,,
1933,,
1934,,
1935,,
1936,,
1937,,
1938,,
1939,,
1940,9.289457,1.518345
1941,,
1942,,
1943,,
1944,,
1945,,
1946,,
1947,,
1948,,
1949,9.362513,1.960378
1950,9.33963,2.537751
1951,9.205286,3.360443
1952,9.131845,4.036236
1953,9.07484,4.380388
1954,9.158993,3.855376
1955,9.31238,3.338456
1956,9.536221,2.074151
1957,9.413447,2.671585
1958,9.447326,2.48383
1959,9.560149,2.174354
1960,9.593126,2.176061
1961,9.637813,2.014213
1962,9.99483,.5550098
1963,9.904256,.9304714
1964,9.867401,1.116357
1965,9.927944,.8719778
1966,9.932311,.9618282
1967,9.802932,1.724038
1968,9.719818,2.510562
1969,9.754588,2.485666
1970,9.84718,2.169337
1971,9.877375,2.085786
1972,9.939093,1.930671
1973,9.950917,2.033634
1974,9.930068,1.922188
1975,9.980071,1.642723
1976,9.951051,1.983333
1977,9.947764,2.170296
1978,9.944092,2.481046
1979,9.99502,2.141824
1980,10.02834,1.808462
1981,10.04066,1.679254
1982,10.10583,1.206641
1983,10.09035,1.311841
1984,10.09067,1.419768
1985,10.10234,1.457872
1986,10.12468,1.472044
1987,10.14774,1.397734
1988,10.22193,1.209502
1989,10.25172,1.124506
1990,10.28105,.9383106
1991,10.29453,.8448839
1992,10.32523,.8516788
1993,10.35764,.7053518
1994,10.31451,1.02139
1995,10.30862,1.120539
1996,10.34772,1.038613
1997,10.38182,.9193707
1998,10.4403,.8200741
1999,10.42338,.971365
2000,10.39003,1.191893
2001,10.37651,1.142983
2002,10.34716,1.224155
2003,10.35272,1.286306
2004,10.37463,1.455231
2005,10.39391,1.589251
2006,10.41909,1.402135
2007,10.42729,1.396475
2008,10.46383,.9981108
2009,10.47662,.4995012
2010,10.46871,.463891
1880,,
1900,8.745783,1.707611
1920,9.087305,1.433015
1929,,
1930,,
1931,,
1932,,
1933,,
1934,,
1935,,
1936,,
1937,,
1938,,
1939,,
1940,9.373908,.9511471
1941,,
1942,,
1943,,
1944,,
1945,,
1946,,
1947,,
1948,,
1949,9.645066,.347929
1950,9.562512,1.061616
1951,9.495588,1.398501
1952,9.336304,2.233133
1953,9.311852,2.524467
1954,9.363565,2.301435
1955,9.402528,2.395234
1956,9.499689,2.096109
1957,9.49852,2.154131
1958,9.460536,2.340555
1959,9.518954,2.283969
1960,9.564137,2.146297
1961,9.650573,1.80685
1962,9.707047,1.672301
1963,9.817192,1.207161
1964,9.905527,.9960175
1965,9.95049,.9443998
1966,9.899327,1.384654
1967,9.780395,2.184505
1968,9.728055,2.693725
1969,9.714652,2.732401
1970,9.774836,2.466555
1971,9.775289,2.546382
1972,9.78293,2.688985
1973,9.816746,2.596602
1974,9.823853,2.449412
1975,9.881575,2.092605
1976,9.918911,1.972089
1977,9.929346,2.030053
1978,9.928647,2.134495
1979,9.975748,1.837192
1980,9.993397,1.676979
1981,10.01194,1.642222
1982,10.04151,1.610546
1983,10.05862,1.709814
1984,10.10473,1.754999
1985,10.13937,1.725426
1986,10.17626,1.758828
1987,10.2173,1.685658
1988,10.2668,1.674442
1989,10.26113,1.812844
1990,10.26815,1.843204
1991,10.28456,1.549821
1992,10.32073,1.429052
1993,10.33607,1.284423
1994,10.31374,1.410708
1995,10.3001,1.584773
1996,10.31333,1.623402
1997,10.33536,1.658826
1998,10.35555,1.709146
1999,10.34319,1.850581
2000,10.32879,2.054348
2001,10.34039,1.977787
2002,10.36362,1.779256
2003,10.40059,1.595516
2004,10.45573,1.544299
2005,10.48446,1.561427
2006,10.52802,1.552091
2007,10.55443,1.672978
2008,10.60169,1.38308
2009,10.6237,.9935474
2010,10.63679,.9826374
1880,,
1900,8.288248,2.115011
1920,8.71125,1.448178
1929,,
1930,,
1931,,
1932,,
1933,,
1934,,
1935,,
1936,,
1937,,
1938,,
1939,,
1940,9.000886,1.428828
1941,,
1942,,
1943,,
1944,,
1945,,
1946,,
1947,,
1948,,
1949,9.242726,1.499767
1950,9.114642,2.583985
1951,9.04413,3.221426
1952,8.810427,4.510303
1953,8.82297,4.687066
1954,8.958979,3.821106
1955,9.063669,3.620586
1956,9.189287,3.143716
1957,9.241116,2.856779
1958,9.117636,3.189421
1959,9.224653,2.919097
1960,9.286652,2.692637
1961,9.4583,1.814389
1962,9.572404,1.420116
1963,9.719146,.7951641
1964,9.748073,.8663845
1965,9.746437,1.132908
1966,9.640353,1.89919
1967,9.572284,2.2856
1968,9.587937,2.444668
1969,9.54268,2.811174
1970,9.631439,2.309947
1971,9.688416,2.088933
1972,9.712487,2.216825
1973,9.760384,2.203069
1974,9.7232,2.336788
1975,9.787786,1.896162
1976,9.81803,1.970501
1977,9.812471,2.20407
1978,9.75552,2.625461
1979,9.808473,2.332592
1980,9.825179,2.059126
1981,9.821177,2.018218
1982,9.856427,1.787925
1983,9.878179,1.81828
1984,9.92135,1.885266
1985,9.973019,1.745119
1986,10.02019,1.631513
1987,10.0294,1.622252
1988,10.07687,1.500244
1989,10.10491,1.452985
1990,10.09343,1.513381
1991,10.1062,1.342945
1992,10.15585,1.205812
1993,10.201,.9925175
1994,10.19056,1.18721
1995,10.16702,1.352906
1996,10.21213,1.174974
1997,10.25329,1.137795
1998,10.28061,1.217537
1999,10.27499,1.299343
2000,10.237,1.574316
2001,10.22482,1.595063
2002,10.21401,1.667728
2003,10.24183,1.551867
2004,10.2984,1.319628
2005,10.32204,1.1902
2006,10.34649,1.107798
2007,10.35385,1.138082
2008,10.37692,.9821415
2009,10.39551,.7133293
2010,10.3961,.7258463
1880,,
1900,,
1920,8.0425,3.105621
1929,,
1930,,
1931,,
1932,,
1933,,
1934,,
1935,,
1936,,
1937,,
1938,,
1939,,
1940,8.663625,.2346373
1941,,
1942,,
1943,,
1944,,
1945,,
1946,,
1947,,
1948,,
1949,8.706986,3.088799
1950,8.523482,3.853006
1951,8.409321,4.64673
1952,8.183617,6.094718
1953,8.259789,5.940118
1954,8.362453,5.330029
1955,8.508185,4.811354
1956,8.575132,4.662242
1957,8.691152,4.105015
1958,8.629923,4.678178
1959,8.651389,4.695683
1960,8.710552,4.47156
1961,8.809318,3.998647
1962,9.077074,2.720361
1963,9.243446,1.965337
1964,9.416759,1.365161
1965,9.419016,1.632304
1966,9.315707,2.324409
1967,9.254827,2.838488
1968,9.283998,2.920413
1969,9.324746,2.90297
1970,9.294084,3.184829
1971,9.338667,3.074064
1972,9.40256,2.99283
1973,9.447812,3.050914
1974,9.428459,3.110218
1975,9.470456,2.958074
1976,9.507581,2.912087
1977,9.512155,3.049412
1978,9.565558,2.972746
1979,9.590526,2.97956
1980,9.604864,2.886262
1981,9.609047,3.088393
1982,9.621146,3.112998
1983,9.636514,2.844377
1984,9.689791,2.728467
1985,9.745477,2.489486
1986,9.780589,2.275333
1987,9.822524,1.939936
1988,9.868081,1.766634
1989,9.90534,1.694884
1990,9.931049,1.586165
1991,9.95348,1.377921
1992,10.00113,1.238956
1993,10.05799,.9508896
1994,10.0505,1.042838
1995,10.06207,.9913397
1996,10.09,.9537554
1997,10.12204,.9158993
1998,10.16011,.8933496
1999,10.18644,.8332682
2000,10.18212,1.07935
2001,10.22673,1.030674
2002,10.24375,.8643055
2003,10.20539,1.070924
2004,10.23548,1.156416
2005,10.24337,1.246972
2006,10.23566,1.517553
2007,10.21051,1.731858
2008,10.22141,1.934929
2009,10.24432,1.304259
2010,10.24828,1.355457
1880,,
1900,8.568302,1.284504
1920,8.825203,1.137147
1929,,
1930,,
1931,,
1932,,
1933,,
1934,,
1935,,
1936,,
1937,,
1938,,
1939,,
1940,9.052632,.7606697
1941,,
1942,,
1943,,
1944,,
1945,,
1946,,
1947,,
1948,,
1949,9.093674,2.723632
1950,9.021313,3.194165
1951,8.931187,3.767414
1952,8.745725,4.816279
1953,8.741949,4.804015
1954,8.91394,3.778501
1955,8.942122,3.950014
1956,9.102235,3.309078
1957,9.08438,3.194256
1958,9.058959,3.29659
1959,9.144552,3.148732
1960,9.204766,2.850389
1961,9.449637,1.71504
1962,9.65948,.8445168
1963,9.812818,.1784039
1964,9.801044,.4510307
1965,9.754681,.9025717
1966,9.688309,1.394906
1967,9.638989,1.763101
1968,9.652911,1.856561
1969,9.6384,2.020869
1970,9.660146,1.965265
1971,9.684669,1.961117
1972,9.708981,2.145348
1973,9.702752,2.393661
1974,9.669641,2.584171
1975,9.732124,2.242737
1976,9.76405,2.348771
1977,9.723231,2.672982
1978,9.718277,2.886858
1979,9.774299,2.57031
1980,9.774844,2.342691
1981,9.792645,2.105818
1982,9.828383,1.771226
1983,9.848498,1.832008
1984,9.891251,1.797004
1985,9.935195,1.637936
1986,9.96729,1.614795
1987,9.99161,1.545091
1988,10.02422,1.524353
1989,10.04257,1.557941
1990,10.0532,1.511154
1991,10.07689,1.344519
1992,10.13805,1.084805
1993,10.18148,.9432125
1994,10.18647,1.068377
1995,10.18067,1.257615
1996,10.2338,1.11002
1997,10.25783,1.103601
1998,10.29565,1.065655
1999,10.28836,1.18144
2000,10.24338,1.548262
2001,10.21381,1.645851
2002,10.18263,1.815939
2003,10.2149,1.671963
2004,10.25065,1.569409
2005,10.26278,1.503644
2006,10.29025,1.490612
2007,10.30063,1.512036
2008,10.32909,1.35776
2009,10.35416,.9802628
2010,10.35543,.9632826
1880,,
1900,8.512268,1.600614
1920,8.832391,1.101627
1929,,
1930,,
1931,,
1932,,
1933,,
1934,,
1935,,
1936,,
1937,,
1938,,
1939,,
1940,9.052716,1.114435
1941,,
1942,,
1943,,
1944,,
1945,,
1946,,
1947,,
1948,,
1949,9.246659,1.306767
1950,9.190062,2.032499
1951,9.111922,2.541623
1952,8.928553,3.579669
1953,8.907621,3.932848
1954,9.019653,3.151555
1955,9.069873,3.155837
1956,9.203509,2.788682
1957,9.225124,2.779117
1958,9.123275,3.130445
1959,9.203918,2.858558
1960,9.275603,2.552209
1961,9.402192,1.944442
1962,9.501912,1.616969
1963,9.629605,1.061301
1964,9.700011,.9409952
1965,9.701151,1.159019
1966,9.624555,1.754513
1967,9.54591,2.329335
1968,9.519608,2.641654
1969,9.508013,2.84534
1970,9.596561,2.460732
1971,9.620247,2.3912
1972,9.644486,2.546659
1973,9.694191,2.481761
1974,9.649964,2.67519
1975,9.70104,2.395377
1976,9.761246,2.287898
1977,9.780948,2.349591
1978,9.749364,2.643137
1979,9.775629,2.480655
1980,9.786045,2.263837
1981,9.79108,2.249732
1982,9.825306,2.119169
1983,9.841866,2.111807
1984,9.88821,2.062459
1985,9.932955,1.969709
1986,9.975457,1.903405
1987,10.01178,1.814713
1988,10.04794,1.799035
1989,10.07708,1.797309
1990,10.08871,1.745954
1991,10.09849,1.677136
1992,10.15382,1.465511
1993,10.19054,1.276126
1994,10.185,1.336541
1995,10.18012,1.412168
1996,10.21883,1.316419
1997,10.25087,1.279573
1998,10.27799,1.407084
1999,10.27176,1.505036
2000,10.23881,1.80655
2001,10.24103,1.748929
2002,10.24914,1.751428
2003,10.26423,1.69663
2004,10.3007,1.627545
2005,10.3269,1.50455
2006,10.35614,1.479015
2007,10.37472,1.539354
2008,10.40775,1.383858
2009,10.43654,1.082149
2010,10.4379,1.093121
1880,,
1900,8.739672,1.257038
1920,8.991079,.9651995
1929,,
1930,,
1931,,
1932,,
1933,,
1934,,
1935,,
1936,,
1937,,
1938,,
1939,,
1940,9.184119,1.182384
1941,,
1942,,
1943,,
1944,,
1945,,
1946,,
1947,,
1948,,
1949,9.371747,.5951071
1950,9.29192,1.535254
1951,9.283368,1.706209
1952,9.17657,2.282872
1953,9.201367,2.369289
1954,9.240924,2.107515
1955,9.291322,2.167344
1956,9.373675,1.786189
1957,9.366064,1.726837
1958,9.302825,2.072401
1959,9.385407,1.899519
1960,9.420596,1.757522
1961,9.589283,1.072388
1962,9.692193,.7792521
1963,9.677511,.9762383
1964,9.719186,.9714127
1965,9.700275,1.308622
1966,9.68535,1.649823
1967,9.613371,2.21055
1968,9.518394,2.85109
1969,9.490768,2.988019
1970,9.59897,2.484684
1971,9.62461,2.365479
1972,9.633144,2.533398
1973,9.675225,2.378645
1974,9.662427,2.335782
1975,9.724791,2.001829
1976,9.730913,2.141061
1977,9.711432,2.352171
1978,9.717305,2.409487
1979,9.765311,2.166085
1980,9.7721,2.13264
1981,9.803761,2.018218
1982,9.848043,1.860299
1983,9.872759,1.93367
1984,9.913468,1.995673
1985,9.962,1.90064
1986,10.01532,1.84454
1987,10.05548,1.760807
1988,10.08861,1.836481
1989,10.08837,1.999283
1990,10.09591,1.808634
1991,10.09771,1.633897
1992,10.13982,1.480627
1993,10.15095,1.461396
1994,10.12958,1.578436
1995,10.12516,1.71659
1996,10.15913,1.597614
1997,10.18187,1.635389
1998,10.1992,1.723232
1999,10.19853,1.762891
2000,10.19863,1.90414
2001,10.2074,2.000046
2002,10.2201,2.010088
2003,10.25949,1.901217
2004,10.3126,1.759267
2005,10.34213,1.625867
2006,10.38422,1.506944
2007,10.40764,1.554122
2008,10.45591,1.282134
2009,10.48823,.9841681
2010,10.45763,1.175342
1880,,
1900,7.391533,1.140976
1920,7.619728,3.182049
1929,,
1930,,
1931,,
1932,,
1933,,
1934,,
1935,,
1936,,
1937,,
1938,,
1939,,
1940,8.256138,1.325593
1941,,
1942,,
1943,,
1944,,
1945,,
1946,,
1947,,
1948,,
1949,8.180444,4.23739
1950,8.092112,4.924755
1951,8.021854,5.844855
1952,7.864915,6.881487
1953,8.012519,6.261115
1954,8.168166,5.154257
1955,8.239487,5.085297
1956,8.342291,4.622846
1957,8.364825,4.447665
1958,8.297387,4.755116
1959,8.411574,4.425735
1960,8.521256,3.9535
1961,8.720021,3.116822
1962,8.940412,2.295251
1963,9.05564,1.857724
1964,9.158895,1.619124
1965,9.164743,1.961017
1966,9.116209,2.590785
1967,8.998045,3.395596
1968,9.059087,3.353281
1969,9.027922,3.75031
1970,9.077063,3.625088
1971,9.190825,3.175278
1972,9.241213,3.244543
1973,9.264742,3.380857
1974,9.199018,3.700509
1975,9.256546,3.279881
1976,9.26686,3.47404
1977,9.254358,3.599668
1978,9.24841,3.793344
1979,9.296721,3.531775
1980,9.311956,3.331041
1981,9.343386,3.215446
1982,9.399462,2.903504
1983,9.427185,2.984195
1984,9.482719,3.032026
1985,9.556947,2.79283
1986,9.634366,2.567611
1987,9.677164,2.471018
1988,9.729743,2.365761
1989,9.777984,2.244887
1990,9.80208,2.157941
1991,9.825881,1.961174
1992,9.890121,1.718445
1993,9.940913,1.50207
1994,9.939119,1.640677
1995,9.912522,1.846223
1996,9.961668,1.700177
1997,9.974292,1.746488
1998,10.00708,1.798739
1999,10.00308,1.921349
2000,9.978165,2.194586
2001,9.986475,2.123294
2002,9.980163,2.156038
2003,10.02402,1.940665
2004,10.08912,1.736393
2005,10.11551,1.684022
2006,10.14789,1.604438
2007,10.17137,1.574783
2008,10.2029,1.357212
2009,10.22696,1.031656
2010,10.23367,.9956121
1880,,
1900,8.649366,-.6273222
1920,8.523902,1.029224
1929,,
1930,,
1931,,
1932,,
1933,,
1934,,
1935,,
1936,,
1937,,
1938,,
1939,,
1940,8.729747,-.3151417
1941,,
1942,,
1943,,
1944,,
1945,,
1946,,
1947,,
1948,,
1949,8.618957,3.306999
1950,8.491321,4.611917
1951,8.194206,6.503139
1952,8.051826,6.51289
1953,7.766289,8.333996
1954,8.071019,6.832561
1955,8.530301,4.133172
1956,8.303944,5.475011
1957,8.531167,5.013247
1958,8.540403,5.030212
1959,8.62787,3.96493
1960,8.666718,4.624796
1961,8.890859,3.409352
1962,9.253662,2.124104
1963,9.311446,1.572428
1964,9.436502,.8146477
1965,9.516681,.9992123
1966,9.478031,1.508994
1967,9.453094,1.643314
1968,9.561625,1.264071
1969,9.280356,2.846894
1970,9.413704,2.306457
1971,9.494834,2.093134
1972,9.354403,3.323674
1973,9.433088,3.807054
1974,9.437531,3.27251
1975,9.356936,3.715329
1976,9.398946,3.131623
1977,9.533816,2.772155
1978,9.546446,3.040147
1979,9.420856,3.624034
1980,9.591678,2.133741
1981,9.572729,2.515535
1982,9.678483,1.964679
1983,9.625932,2.240763
1984,9.599431,2.76875
1985,9.716523,2.125983
1986,9.77983,1.945219
1987,9.781757,2.022524
1988,9.814439,1.842413
1989,9.849735,1.79234
1990,9.874995,1.865816
1991,9.913461,1.647887
1992,10.01914,1.283474
1993,10.1945,.4004431
1994,10.09203,1.118817
1995,10.1,.9666538
1996,10.02527,1.694651
1997,10.08825,1.360726
1998,10.15448,1.312866
1999,10.14566,1.470098
2000,10.01843,2.254486
2001,10.07584,2.093205
2002,10.07142,2.079263
2003,10.07408,2.3668
2004,10.15318,2.157431
2005,10.14172,2.222757
2006,10.16887,1.986961
2007,10.18626,2.226877
2008,10.18292,2.462831
2009,10.2082,2.071805
2010,10.24816,1.916332
1880,,
1900,7.513403,2.043889
1920,7.922181,2.035224
1929,,
1930,,
1931,,
1932,,
1933,,
1934,,
1935,,
1936,,
1937,,
1938,,
1939,,
1940,8.329226,1.434507
1941,,
1942,,
1943,,
1944,,
1945,,
1946,,
1947,,
1948,,
1949,8.51574,2.997947
1950,8.390209,3.956265
1951,8.319627,4.372745
1952,8.083506,5.704341
1953,8.169451,5.637918
1954,8.324578,4.817877
1955,8.383497,4.745326
1956,8.511358,4.381719
1957,8.569643,4.115343
1958,8.481967,4.578452
1959,8.534979,4.553313
1960,8.616127,4.123392
1961,8.819294,3.274078
1962,8.969582,2.702351
1963,9.172585,1.850262
1964,9.325753,1.313949
1965,9.356556,1.478143
1966,9.229276,2.429409
1967,9.115501,3.144741
1968,9.115826,3.455491
1969,9.11533,3.549681
1970,9.181462,3.298221
1971,9.194176,3.417401
1972,9.224374,3.608298
1973,9.297034,3.542619
1974,9.288154,3.510489
1975,9.332562,3.202834
1976,9.387702,3.161364
1977,9.392712,3.266711
1978,9.397657,3.473291
1979,9.445642,3.176847
1980,9.440805,2.994266
1981,9.47411,2.852068
1982,9.510052,2.679672
1983,9.542637,2.657495
1984,9.588543,2.732964
1985,9.652184,2.553668
1986,9.715158,2.443223
1987,9.74445,2.440109
1988,9.806924,2.285633
1989,9.825266,2.265196
1990,9.841106,2.188139
1991,9.877656,1.996789
1992,9.946033,1.866193
1993,10.00556,1.633406
1994,9.990252,1.823988
1995,9.973129,2.023525
1996,10.01997,1.827059
1997,10.04605,1.781554
1998,10.09232,1.774278
1999,10.08101,1.903796
2000,10.03966,2.198639
2001,10.04452,2.193131
2002,10.04599,2.21704
2003,10.07414,2.117305
2004,10.13514,1.926618
2005,10.16292,1.810379
2006,10.2038,1.653252
2007,10.23247,1.606421
2008,10.26405,1.369443
2009,10.27831,1.104536
2010,10.27873,1.140471
1880,,
1900,7.701847,2.655761
1920,8.232999,2.484226
1929,,
1930,,
1931,,
1932,,
1933,,
1934,,
1935,,
1936,,
1937,,
1938,,
1939,,
1940,8.729844,.7178688
1941,,
1942,,
1943,,
1944,,
1945,,
1946,,
1947,,
1948,,
1949,8.75818,3.35547
1950,8.632893,4.160824
1951,8.556177,4.610353
1952,8.390092,5.59401
1953,8.407231,5.577197
1954,8.516614,5.102396
1955,8.600984,4.91118
1956,8.720546,4.491773
1957,8.802293,4.111195
1958,8.788381,4.098425
1959,8.83403,4.026942
1960,8.873418,3.767061
1961,9.012036,3.193831
1962,9.218841,2.238059
1963,9.43275,1.276846
1964,9.517819,1.079144
1965,9.508682,1.357393
1966,9.41298,2.079186
1967,9.366945,2.549305
1968,9.345243,2.899642
1969,9.429274,2.623854
1970,9.465057,2.545614
1971,9.478248,2.54921
1972,9.508894,2.65521
1973,9.522671,2.833624
1974,9.537093,2.758369
1975,9.58322,2.612472
1976,9.6189,2.657666
1977,9.624532,2.763848
1978,9.608066,3.097591
1979,9.639419,2.988873
1980,9.62683,2.974377
1981,9.650803,3.049254
1982,9.666452,2.949162
1983,9.688119,2.840185
1984,9.733648,2.801471
1985,9.780161,2.66058
1986,9.828817,2.350802
1987,9.876806,2.026153
1988,9.925172,1.848345
1989,9.954044,1.761508
1990,9.97418,1.725602
1991,9.98809,1.593494
1992,10.03994,1.460333
1993,10.0894,1.235394
1994,10.08877,1.30126
1995,10.10571,1.297197
1996,10.15043,1.202722
1997,10.1773,1.292095
1998,10.22758,1.2813
1999,10.23719,1.32175
2000,10.22171,1.61778
2001,10.26065,1.400504
2002,10.25628,1.306162
2003,10.25616,1.306238
2004,10.29394,1.267738
2005,10.31228,1.356969
2006,10.29898,1.52987
2007,10.28204,1.762147
2008,10.29484,1.828046
2009,10.30635,1.342483
2010,10.3193,1.316433
1880,,
1900,7.993072,2.654307
1920,8.523933,1.188488
1929,,
1930,,
1931,,
1932,,
1933,,
1934,,
1935,,
1936,,
1937,,
1938,,
1939,,
1940,8.761631,1.019506
1941,,
1942,,
1943,,
1944,,
1945,,
1946,,
1947,,
1948,,
1949,8.899163,2.517152
1950,8.818931,3.189611
1951,8.626097,4.460893
1952,8.527082,5.026665
1953,8.555061,4.866796
1954,8.57871,4.615426
1955,8.77601,3.939176
1956,8.931405,3.362856
1957,8.861732,3.836203
1958,8.87863,3.675237
1959,8.923103,3.62793
1960,8.965532,3.493371
1961,9.129551,2.755809
1962,9.421178,1.573114
1963,9.609101,.6771135
1964,9.520649,1.28036
1965,9.564401,1.185737
1966,9.457644,1.806211
1967,9.396098,2.185669
1968,9.3854,2.352896
1969,9.402594,2.357507
1970,9.456853,2.244892
1971,9.518275,2.092762
1972,9.532415,2.287259
1973,9.52842,2.4227
1974,9.501795,2.498894
1975,9.563845,2.191072
1976,9.603976,2.242708
1977,9.628972,2.289867
1978,9.613677,2.532082
1979,9.648689,2.31596
1980,9.664207,2.035809
1981,9.680713,1.941857
1982,9.735801,1.681614
1983,9.744524,1.750164
1984,9.776721,1.773577
1985,9.801548,1.712632
1986,9.818887,1.697364
1987,9.833232,1.578469
1988,9.855979,1.459737
1989,9.874095,1.421475
1990,9.905831,1.314425
1991,9.936828,1.16168
1992,9.989867,.9555864
1993,10.01296,.9080458
1994,10.00157,1.10744
1995,10.00206,1.236053
1996,10.05252,1.131763
1997,10.08695,1.115685
1998,10.12009,1.14749
1999,10.11188,1.246762
2000,10.07137,1.615429
2001,10.06908,1.706481
2002,10.07212,1.639352
2003,10.09456,1.47193
2004,10.13144,1.417775
2005,10.14407,1.536679
2006,10.15836,1.590972
2007,10.14893,1.806135
2008,10.14793,1.792126
2009,10.15839,1.412325
2010,10.16872,1.322336
1880,,
1900,7.55644,2.282941
1920,8.013028,2.338462
1929,,
1930,,
1931,,
1932,,
1933,,
1934,,
1935,,
1936,,
1937,,
1938,,
1939,,
1940,8.480721,2.292509
1941,,
1942,,
1943,,
1944,,
1945,,
1946,,
1947,,
1948,,
1949,8.660867,3.137078
1950,8.565384,4.087214
1951,8.616374,4.06837
1952,8.458613,5.066948
1953,8.512091,4.837422
1954,8.602304,4.419737
1955,8.671206,4.352722
1956,8.76506,4.036741
1957,8.809649,3.72654
1958,8.748841,3.969698
1959,8.852212,3.688817
1960,8.939222,3.309016
1961,9.111737,2.57463
1962,9.307959,1.82797
1963,9.320422,1.925793
1964,9.368572,2.026901
1965,9.399798,2.110925
1966,9.37058,2.462659
1967,9.24787,3.321443
1968,9.293248,3.354921
1969,9.288282,3.61311
1970,9.382827,3.176889
1971,9.430048,3.105965
1972,9.472003,3.199739
1973,9.479575,3.373466
1974,9.486252,3.308382
1975,9.541751,3.009224
1976,9.572409,3.047061
1977,9.554956,3.288107
1978,9.542781,3.530936
1979,9.589975,3.302507
1980,9.601026,3.222122
1981,9.626663,3.128562
1982,9.673553,2.967672
1983,9.705581,3.007526
1984,9.773952,2.932792
1985,9.821983,2.851014
1986,9.863111,2.840781
1987,9.912159,2.716665
1988,9.964232,2.605042
1989,10.0109,2.444253
1990,10.0182,2.319565
1991,10.05124,2.103648
1992,10.11195,1.859531
1993,10.15427,1.670132
1994,10.14793,1.778817
1995,10.1436,1.833234
1996,10.18182,1.696653
1997,10.21258,1.686997
1998,10.24897,1.701813
1999,10.25048,1.830463
2000,10.24545,2.019715
2001,10.25238,2.093215
2002,10.26709,2.014647
2003,10.30709,1.890373
2004,10.36051,1.78328
2005,10.39219,1.746411
2006,10.43127,1.645308
2007,10.45549,1.663361
2008,10.48524,1.467304
2009,10.49975,1.222391
2010,10.48212,1.302075
1880,,
1900,8.237545,1.638656
1920,8.565276,1.180363
1929,,
1930,,
1931,,
1932,,
1933,,
1934,,
1935,,
1936,,
1937,,
1938,,
1939,,
1940,8.801349,1.184115
1941,,
1942,,
1943,,
1944,,
1945,,
1946,,
1947,,
1948,,
1949,9.039124,1.18979
1950,8.965036,1.696315
1951,8.864557,2.496471
1952,8.70334,3.372779
1953,8.683232,3.619742
1954,8.776876,3.191633
1955,8.837188,3.144884
1956,8.948631,2.930961
1957,8.945899,2.974143
1958,8.906749,3.078594
1959,8.992765,2.884693
1960,9.038172,2.832265
1961,9.210063,2.108865
1962,9.291718,1.853299
1963,9.418994,1.287441
1964,9.424879,1.510973
1965,9.484057,1.532416
1966,9.453446,2.068572
1967,9.351625,2.703791
1968,9.332503,2.998986
1969,9.277081,3.408999
1970,9.304299,3.34404
1971,9.363852,3.130693
1972,9.377895,3.295679
1973,9.407181,3.268867
1974,9.415203,3.053594
1975,9.466165,2.70771
1976,9.534823,2.581434
1977,9.540728,2.578826
1978,9.522468,2.934246
1979,9.569704,2.687955
1980,9.604625,2.396116
1981,9.631836,2.345805
1982,9.662377,2.231684
1983,9.676482,2.288184
1984,9.727074,2.281523
1985,9.790541,2.147422
1986,9.867161,1.997437
1987,9.892384,2.051668
1988,9.932301,1.998405
1989,9.958881,2.046189
1990,9.973107,1.840754
1991,9.98999,1.61387
1992,10.03703,1.521716
1993,10.06095,1.386132
1994,10.02592,1.63866
1995,10.00771,1.784153
1996,10.05111,1.664619
1997,10.05649,1.759005
1998,10.10932,1.782341
1999,10.1073,1.946349
2000,10.08385,2.25246
2001,10.101,2.248511
2002,10.10871,2.21849
2003,10.13412,2.13728
2004,10.18338,2.059722
2005,10.22003,1.832776
2006,10.26665,1.773047
2007,10.30272,1.755185
2008,10.33198,1.604242
2009,10.36812,1.351252
2010,10.34126,1.514192
1880,,
1900,8.589528,2.062345
1920,9.001997,.4254913
1929,,
1930,,
1931,,
1932,,
1933,,
1934,,
1935,,
1936,,
1937,,
1938,,
1939,,
1940,9.087095,.9852171
1941,,
1942,,
1943,,
1944,,
1945,,
1946,,
1947,,
1948,,
1949,9.199384,2.176509
1950,9.103496,2.985449
1951,8.989257,3.605633
1952,8.808125,4.676008
1953,8.793156,4.943457
1954,8.926263,4.266257
1955,9.007565,3.97017
1956,9.143443,3.351588
1957,9.160453,3.306813
1958,9.150125,3.229132
1959,9.220995,3.056955
1960,9.284139,2.770176
1961,9.506339,1.808362
1962,9.728935,.9290791
1963,9.875968,.2291918
1964,9.897542,.2775288
1965,9.801629,1.044879
1966,9.704464,1.865749
1967,9.639328,2.307749
1968,9.63982,2.480927
1969,9.634686,2.56866
1970,9.700585,2.086406
1971,9.710383,2.023787
1972,9.743327,2.089944
1973,9.781847,2.167187
1974,9.779514,2.200012
1975,9.8016,2.170324
1976,9.813761,2.2895
1977,9.821815,2.356911
1978,9.795951,2.737112
1979,9.832386,2.568016
1980,9.838174,2.372627
1981,9.868011,2.185097
1982,9.914751,1.899991
1983,9.921806,1.983919
1984,9.953048,1.921978
1985,10.0106,1.685462
1986,10.07761,1.525712
1987,10.10088,1.44218
1988,10.13601,1.355109
1989,10.14842,1.438708
1990,10.11787,1.652317
1991,10.11514,1.694956
1992,10.16132,1.552553
1993,10.21528,1.263018
1994,10.21952,1.302023
1995,10.23566,1.251998
1996,10.27166,1.232762
1997,10.2932,1.294117
1998,10.34337,1.339002
1999,10.34599,1.503143
2000,10.3127,1.804638
2001,10.30503,1.787648
2002,10.29475,1.784949
2003,10.31859,1.669779
2004,10.33744,1.779127
2005,10.3477,1.68704
2006,10.38276,1.683822
2007,10.38931,1.869059
2008,10.40703,1.791863
2009,10.43616,1.376553
2010,10.44833,1.277938
1880,,
1900,8.164096,.0735188
1920,8.1788,3.354421
1929,,
1930,,
1931,,
1932,,
1933,,
1934,,
1935,,
1936,,
1937,,
1938,,
1939,,
1940,8.849684,1.232548
1941,,
1942,,
1943,,
1944,,
1945,,
1946,,
1947,,
1948,,
1949,9.10123,1.959739
1950,8.987682,2.887096
1951,8.860511,3.860402
1952,8.703778,4.732232
1953,8.672051,4.960332
1954,8.774033,4.232659
1955,8.94473,3.67805
1956,9.0465,3.396258
1957,9.074573,3.262157
1958,9.01147,3.470569
1959,9.03974,3.637123
1960,9.096193,3.351192
1961,9.252882,2.618546
1962,9.403229,2.0502
1963,9.540577,1.392074
1964,9.575661,1.466599
1965,9.615858,1.502342
1966,9.557098,2.059455
1967,9.48945,2.500496
1968,9.514716,2.56114
1969,9.493177,2.843976
1970,9.565102,2.509599
1971,9.632591,2.273078
1972,9.650225,2.43506
1973,9.664118,2.605224
1974,9.620564,2.757192
1975,9.68034,2.424359
1976,9.725752,2.37854
1977,9.727004,2.571716
1978,9.705584,2.852969
1979,9.767164,2.552638
1980,9.766432,2.383981
1981,9.776591,2.264462
1982,9.813269,2.04834
1983,9.818992,2.053518
1984,9.86898,2.024698
1985,9.916327,1.839046
1986,9.968989,1.734304
1987,9.989549,1.708584
1988,10.02694,1.566291
1989,10.06197,1.530004
1990,10.06702,1.467328
1991,10.08721,1.299543
1992,10.13724,1.210546
1993,10.18516,1.004038
1994,10.172,1.218061
1995,10.16521,1.302896
1996,10.20146,1.220665
1997,10.24135,1.170306
1998,10.27618,1.277547
1999,10.27769,1.35118
2000,10.24323,1.620317
2001,10.22948,1.711497
2002,10.22294,1.779819
2003,10.2297,1.764703
2004,10.27392,1.616077
2005,10.28414,1.559787
2006,10.31585,1.489501
2007,10.33127,1.479826
2008,10.3402,1.401649
2009,10.36797,1.098275
2010,10.36049,1.172566
1880,,
1900,7.598295,2.393141
1920,8.076923,3.012509
1929,,
1930,,
1931,,
1932,,
1933,,
1934,,
1935,,
1936,,
1937,,
1938,,
1939,,
1940,8.679425,.6238079
1941,,
1942,,
1943,,
1944,,
1945,,
1946,,
1947,,
1948,,
1949,8.723453,2.320018
1950,8.628656,2.899022
1951,8.581872,3.3288
1952,8.362037,4.598174
1953,8.420907,4.379582
1954,8.58209,3.331122
1955,8.6369,3.444748
1956,8.768156,3.294001
1957,8.803106,3.336968
1958,8.700161,3.695049
1959,8.763438,3.470869
1960,8.804187,3.267903
1961,8.956755,2.586083
1962,9.061159,2.279997
1963,9.189715,1.820354
1964,9.276759,1.63897
1965,9.33429,1.63702
1966,9.292191,2.029786
1967,9.266196,2.322035
1968,9.261119,2.4512
1969,9.187456,2.901354
1970,9.208461,3.05624
1971,9.247632,3.046932
1972,9.281672,3.151751
1973,9.296824,3.211989
1974,9.248315,3.43926
1975,9.32585,3.183422
1976,9.426956,2.872014
1977,9.4705,2.825875
1978,9.439171,3.121662
1979,9.457612,2.995534
1980,9.457767,2.810421
1981,9.473971,2.655473
1982,9.517159,2.457018
1983,9.553786,2.240257
1984,9.604553,2.166409
1985,9.661694,1.939588
1986,9.698148,1.829
1987,9.730603,1.666017
1988,9.751359,1.73738
1989,9.767727,1.754537
1990,9.819709,1.604657
1991,9.857018,1.432004
1992,9.912022,1.328354
1993,9.939221,1.188145
1994,9.936167,1.289873
1995,9.962534,1.174636
1996,10.00136,1.041212
1997,10.03568,.9686422
1998,10.0635,1.027942
1999,10.05672,1.091695
2000,10.01985,1.370912
2001,10.00507,1.610632
2002,10.00856,1.667109
2003,10.00184,1.683998
2004,10.03784,1.572642
2005,10.04961,1.529455
2006,10.06395,1.614542
2007,10.06381,1.707001
2008,10.09883,1.62045
2009,10.11863,1.482296
2010,10.14064,1.389151
1880,,
1900,8.929676,.6264734
1920,9.054971,.9398079
1929,,
1930,,
1931,,
1932,,
1933,,
1934,,
1935,,
1936,,
1937,,
1938,,
1939,,
1940,9.242932,-.2902794
1941,,
1942,,
1943,,
1944,,
1945,,
1946,,
1947,,
1948,,
1949,9.09831,2.84111
1950,8.978125,3.605051
1951,8.873252,4.404974
1952,8.735842,4.876361
1953,8.775445,4.689317
1954,8.853652,4.065428
1955,9.019764,3.411283
1956,9.108809,3.146338
1957,9.166672,2.994342
1958,9.109585,3.242249
1959,9.167504,3.136115
1960,9.184876,3.033714
1961,9.394944,2.085094
1962,9.486982,1.806335
1963,9.625476,1.107631
1964,9.672626,.9085751
1965,9.677376,1.084194
1966,9.672082,1.254025
1967,9.636927,1.644826
1968,9.628588,1.779232
1969,9.666533,1.759267
1970,9.699135,1.748624
1971,9.754247,1.684046
1972,9.711114,2.228413
1973,9.713308,2.608552
1974,9.666738,2.977872
1975,9.702021,2.809076
1976,9.738077,2.70937
1977,9.76554,2.861433
1978,9.758035,3.226953
1979,9.794727,3.084397
1980,9.791619,2.98738
1981,9.811963,2.860599
1982,9.848249,2.587147
1983,9.847002,2.187276
1984,9.854341,2.212272
1985,9.894215,2.099972
1986,9.922887,1.902232
1987,9.965892,1.522889
1988,9.984434,1.410961
1989,10.01839,1.506524
1990,10.04886,1.536889
1991,10.09106,1.305952
1992,10.1568,1.028056
1993,10.23502,.6723166
1994,10.26231,.5752563
1995,10.26384,.5743647
1996,10.27995,.549016
1997,10.33783,.4813766
1998,10.40343,.425787
1999,10.41161,.59762
2000,10.3891,.9114695
2001,10.38408,1.119719
2002,10.36568,1.240129
2003,10.28446,1.799726
2004,10.29679,1.958251
2005,10.31421,2.128682
2006,10.30333,2.592888
2007,10.27047,2.816563
2008,10.26663,3.043575
2009,10.31969,2.157564
2010,10.35624,2.000489
