year,lagliInc,dliInc,sid
1940,8.187912,1.195641,"AL"
1941,,,"AL"
1942,,,"AL"
1943,,,"AL"
1944,,,"AL"
1945,,,"AL"
1946,,,"AL"
1947,,,"AL"
1948,,,"AL"
1949,8.358916,3.126073,"AL"
1950,8.191359,4.344087,"AL"
1951,8.106313,5.09274,"AL"
1952,7.883553,6.399415,"AL"
1953,7.962873,6.204529,"AL"
1954,8.168097,5.034494,"AL"
1955,8.186518,5.534935,"AL"
1956,8.316171,5.129561,"AL"
1957,8.345716,5.05105,"AL"
1958,8.271865,5.407381,"AL"
1959,8.3218,5.310993,"AL"
1960,8.42704,4.802122,"AL"
1961,8.666565,3.643909,"AL"
1962,8.889807,2.716923,"AL"
1963,9.070123,2.015338,"AL"
1964,9.168372,1.81993,"AL"
1965,9.206307,1.902161,"AL"
1966,9.084064,2.693653,"AL"
1967,9.012267,3.183098,"AL"
1968,9.025072,3.375392,"AL"
1969,8.984131,3.813272,"AL"
1970,9.060176,3.555579,"AL"
1971,9.124861,3.413129,"AL"
1972,9.163436,3.538656,"AL"
1973,9.203778,3.593264,"AL"
1974,9.174995,3.689485,"AL"
1975,9.293505,3.133197,"AL"
1976,9.342083,3.153143,"AL"
1977,9.355926,3.202281,"AL"
1978,9.353341,3.396034,"AL"
1979,9.383999,3.202233,"AL"
1980,9.387465,3.010592,"AL"
1981,9.395347,2.986603,"AL"
1982,9.433191,2.775459,"AL"
1983,9.47319,2.744689,"AL"
1984,9.532358,2.715325,"AL"
1985,9.58674,2.606664,"AL"
1986,9.622794,2.578692,"AL"
1987,9.648887,2.533078,"AL"
1988,9.70015,2.416844,"AL"
1989,9.746785,2.348623,"AL"
1990,9.771292,2.2402,"AL"
1991,9.807487,2.078233,"AL"
1992,9.871167,1.887341,"AL"
1993,9.922431,1.626997,"AL"
1994,9.912892,1.792722,"AL"
1995,9.920144,1.85081,"AL"
1996,9.972712,1.616912,"AL"
1997,9.996382,1.596322,"AL"
1998,10.03255,1.591792,"AL"
1999,10.02445,1.687741,"AL"
2000,9.989583,1.932063,"AL"
2001,9.992667,1.980901,"AL"
2002,9.988283,2.060027,"AL"
2003,10.02213,1.949472,"AL"
2004,10.07542,1.878343,"AL"
2005,10.10807,1.814804,"AL"
2006,10.13853,1.717992,"AL"
2007,10.1555,1.737542,"AL"
2008,10.18352,1.602125,"AL"
2009,10.21651,1.241832,"AL"
2010,10.21933,1.227274,"AL"
2011,10.21933,1.227274,"AL"
2012,10.21933,1.227274,"AL"
1940,8.235553,.5043936,"AR"
1941,,,"AR"
1942,,,"AR"
1943,,,"AR"
1944,,,"AR"
1945,,,"AR"
1946,,,"AR"
1947,,,"AR"
1948,,,"AR"
1949,8.309292,3.249273,"AR"
1950,8.033339,4.769564,"AR"
1951,8.050933,4.921756,"AR"
1952,7.838749,6.241913,"AR"
1953,7.893975,6.105502,"AR"
1954,8.040858,5.387697,"AR"
1955,8.132102,5.410614,"AR"
1956,8.292293,4.761424,"AR"
1957,8.29659,4.635344,"AR"
1958,8.210843,5.17416,"AR"
1959,8.301304,5.06331,"AR"
1960,8.336432,4.770761,"AR"
1961,8.565795,3.933144,"AR"
1962,8.81025,2.849097,"AR"
1963,8.90446,2.555275,"AR"
1964,9.091178,1.911573,"AR"
1965,9.145538,1.841698,"AR"
1966,9.081475,2.54118,"AR"
1967,8.924881,3.461041,"AR"
1968,9.023924,3.16556,"AR"
1969,8.959146,3.7185,"AR"
1970,8.987251,3.710394,"AR"
1971,9.035284,3.673759,"AR"
1972,9.087132,3.751593,"AR"
1973,9.115075,4.081292,"AR"
1974,9.118398,4.008875,"AR"
1975,9.214225,3.425374,"AR"
1976,9.244577,3.49174,"AR"
1977,9.223659,3.74373,"AR"
1978,9.245675,3.938098,"AR"
1979,9.313966,3.468428,"AR"
1980,9.290584,3.296742,"AR"
1981,9.352424,3.112969,"AR"
1982,9.38007,2.927375,"AR"
1983,9.415515,2.8724,"AR"
1984,9.473493,2.884717,"AR"
1985,9.513878,2.804942,"AR"
1986,9.589711,2.551875,"AR"
1987,9.617089,2.404141,"AR"
1988,9.657036,2.336226,"AR"
1989,9.702847,2.200141,"AR"
1990,9.72933,2.044573,"AR"
1991,9.770036,1.87284,"AR"
1992,9.83745,1.739149,"AR"
1993,9.931334,1.270738,"AR"
1994,9.920173,1.435113,"AR"
1995,9.8993,1.613626,"AR"
1996,9.942925,1.493216,"AR"
1997,9.972404,1.40553,"AR"
1998,10.03329,1.258197,"AR"
1999,10.00765,1.456099,"AR"
2000,9.949932,1.810184,"AR"
2001,9.975018,1.822314,"AR"
2002,9.965545,1.873512,"AR"
2003,9.989995,1.869602,"AR"
2004,10.05044,1.740708,"AR"
2005,10.07487,1.663876,"AR"
2006,10.10009,1.609263,"AR"
2007,10.09792,1.841412,"AR"
2008,10.12428,1.730838,"AR"
2009,10.14287,1.502967,"AR"
2010,10.13824,1.506133,"AR"
2011,10.13824,1.506133,"AR"
2012,10.13824,1.506133,"AR"
1940,8.99177,.1206207,"AZ"
1941,,,"AZ"
1942,,,"AZ"
1943,,,"AZ"
1944,,,"AZ"
1945,,,"AZ"
1946,,,"AZ"
1947,,,"AZ"
1948,,,"AZ"
1949,8.985769,2.240753,"AZ"
1950,8.863705,3.026967,"AZ"
1951,8.770864,3.983316,"AZ"
1952,8.584229,5.10047,"AZ"
1953,8.596343,5.005445,"AZ"
1954,8.724185,4.271178,"AZ"
1955,8.840256,3.871932,"AZ"
1956,8.933287,3.611341,"AZ"
1957,8.988145,3.284431,"AZ"
1958,8.954822,3.313222,"AZ"
1959,8.993767,3.30267,"AZ"
1960,9.015894,3.320675,"AZ"
1961,9.201903,2.450466,"AZ"
1962,9.461253,1.253176,"AZ"
1963,9.494744,1.100426,"AZ"
1964,9.521101,1.137428,"AZ"
1965,9.567185,1.02942,"AZ"
1966,9.477519,1.677618,"AZ"
1967,9.401174,2.226415,"AZ"
1968,9.433294,2.436705,"AZ"
1969,9.43392,2.792053,"AZ"
1970,9.469098,2.794824,"AZ"
1971,9.567527,2.467265,"AZ"
1972,9.604323,2.523565,"AZ"
1973,9.597432,2.716389,"AZ"
1974,9.578421,2.676597,"AZ"
1975,9.614642,2.274637,"AZ"
1976,9.655555,2.244129,"AZ"
1977,9.645031,2.418737,"AZ"
1978,9.617466,2.839909,"AZ"
1979,9.654301,2.728133,"AZ"
1980,9.680029,2.508864,"AZ"
1981,9.691997,2.506118,"AZ"
1982,9.711888,2.247386,"AZ"
1983,9.714829,2.407093,"AZ"
1984,9.748587,2.507253,"AZ"
1985,9.773069,2.525039,"AZ"
1986,9.813043,2.483215,"AZ"
1987,9.846457,2.328968,"AZ"
1988,9.920635,1.980572,"AZ"
1989,9.992331,1.60583,"AZ"
1990,10.02806,1.322999,"AZ"
1991,10.06098,1.083407,"AZ"
1992,10.10904,.8401299,"AZ"
1993,10.14071,.7029581,"AZ"
1994,10.11374,.9801006,"AZ"
1995,10.06957,1.258206,"AZ"
1996,10.10438,1.179347,"AZ"
1997,10.12878,1.191044,"AZ"
1998,10.18545,1.155005,"AZ"
1999,10.19993,1.151662,"AZ"
2000,10.1818,1.41325,"AZ"
2001,10.19322,1.36538,"AZ"
2002,10.16137,1.513643,"AZ"
2003,10.19625,1.366639,"AZ"
2004,10.25004,1.31813,"AZ"
2005,10.27808,1.375647,"AZ"
2006,10.30969,1.338377,"AZ"
2007,10.31225,1.382585,"AZ"
2008,10.31675,1.236286,"AZ"
2009,10.3135,.9515285,"AZ"
2010,10.29266,1.01306,"AZ"
2011,10.29266,1.01306,"AZ"
2012,10.29266,1.01306,"AZ"
1940,9.346071,.9499645,"CA"
1941,,,"CA"
1942,,,"CA"
1943,,,"CA"
1944,,,"CA"
1945,,,"CA"
1946,,,"CA"
1947,,,"CA"
1948,,,"CA"
1949,9.496279,1.147423,"CA"
1950,9.408072,1.900558,"CA"
1951,9.334675,2.411218,"CA"
1952,9.182886,3.374476,"CA"
1953,9.174399,3.473592,"CA"
1954,9.241313,3.054476,"CA"
1955,9.31236,3.051195,"CA"
1956,9.451729,2.519946,"CA"
1957,9.44805,2.53715,"CA"
1958,9.439402,2.474718,"CA"
1959,9.466483,2.570934,"CA"
1960,9.536064,2.287607,"CA"
1961,9.668825,1.671786,"CA"
1962,9.802771,1.163015,"CA"
1963,9.929814,.6223536,"CA"
1964,9.934515,.8048296,"CA"
1965,9.911818,1.04382,"CA"
1966,9.88188,1.395926,"CA"
1967,9.759459,2.145019,"CA"
1968,9.722942,2.526617,"CA"
1969,9.725763,2.632527,"CA"
1970,9.788183,2.330213,"CA"
1971,9.816918,2.202282,"CA"
1972,9.857781,2.24463,"CA"
1973,9.869118,2.318983,"CA"
1974,9.852208,2.371173,"CA"
1975,9.922599,2.005472,"CA"
1976,9.955718,2.02713,"CA"
1977,9.955481,2.16249,"CA"
1978,9.934345,2.454181,"CA"
1979,9.98067,2.25112,"CA"
1980,9.993586,2.08776,"CA"
1981,10.00318,2.033992,"CA"
1982,10.03537,1.796632,"CA"
1983,10.05429,1.818552,"CA"
1984,10.09548,1.860247,"CA"
1985,10.12058,1.823997,"CA"
1986,10.16107,1.747961,"CA"
1987,10.18846,1.68787,"CA"
1988,10.22827,1.567388,"CA"
1989,10.25227,1.445799,"CA"
1990,10.25423,1.395769,"CA"
1991,10.25737,1.255937,"CA"
1992,10.30671,1.020494,"CA"
1993,10.33291,.8096457,"CA"
1994,10.32644,.8679581,"CA"
1995,10.32369,.9609032,"CA"
1996,10.36114,.8847427,"CA"
1997,10.38798,.8784628,"CA"
1998,10.42518,.9943247,"CA"
1999,10.43089,1.104445,"CA"
2000,10.41114,1.46348,"CA"
2001,10.40998,1.402073,"CA"
2002,10.3947,1.42252,"CA"
2003,10.418,1.327553,"CA"
2004,10.46753,1.250558,"CA"
2005,10.48538,1.258965,"CA"
2006,10.51066,1.284604,"CA"
2007,10.52604,1.304774,"CA"
2008,10.54174,1.106343,"CA"
2009,10.54143,.7970428,"CA"
2010,10.53338,.8537197,"CA"
2011,10.53338,.8537197,"CA"
2012,10.53338,.8537197,"CA"
1940,9.030548,.3125954,"CO"
1941,,,"CO"
1942,,,"CO"
1943,,,"CO"
1944,,,"CO"
1945,,,"CO"
1946,,,"CO"
1947,,,"CO"
1948,,,"CO"
1949,9.040048,2.42609,"CO"
1950,8.968112,3.034134,"CO"
1951,8.864325,4.016075,"CO"
1952,8.686688,5.043144,"CO"
1953,8.73067,4.599543,"CO"
1954,8.750678,4.349527,"CO"
1955,8.90928,3.841839,"CO"
1956,9.091041,3.102484,"CO"
1957,9.04147,3.54558,"CO"
1958,9.010158,3.668242,"CO"
1959,9.046484,3.688269,"CO"
1960,9.093067,3.54682,"CO"
1961,9.218316,3.032398,"CO"
1962,9.43714,1.996908,"CO"
1963,9.527173,1.615171,"CO"
1964,9.534955,1.70629,"CO"
1965,9.622568,1.480651,"CO"
1966,9.558021,1.972399,"CO"
1967,9.534024,2.205429,"CO"
1968,9.52531,2.410498,"CO"
1969,9.525266,2.602277,"CO"
1970,9.574939,2.533488,"CO"
1971,9.66754,2.281532,"CO"
1972,9.695317,2.394366,"CO"
1973,9.650578,2.822847,"CO"
1974,9.620584,2.947965,"CO"
1975,9.677648,2.62466,"CO"
1976,9.711537,2.598257,"CO"
1977,9.750586,2.542372,"CO"
1978,9.743806,2.804222,"CO"
1979,9.784138,2.630982,"CO"
1980,9.802431,2.506719,"CO"
1981,9.824796,2.503271,"CO"
1982,9.836521,2.476225,"CO"
1983,9.850207,2.489705,"CO"
1984,9.876213,2.549357,"CO"
1985,9.918698,2.361898,"CO"
1986,9.9525,2.244711,"CO"
1987,9.97511,2.106681,"CO"
1988,10.00741,2.003155,"CO"
1989,10.04572,1.950259,"CO"
1990,10.08164,1.766853,"CO"
1991,10.12385,1.538558,"CO"
1992,10.17419,1.376061,"CO"
1993,10.21515,1.266518,"CO"
1994,10.21018,1.403985,"CO"
1995,10.20258,1.582189,"CO"
1996,10.23119,1.568561,"CO"
1997,10.25906,1.585364,"CO"
1998,10.30465,1.593451,"CO"
1999,10.31033,1.746178,"CO"
2000,10.30377,2.086658,"CO"
2001,10.32545,2.035346,"CO"
2002,10.33177,1.893601,"CO"
2003,10.34815,1.724706,"CO"
2004,10.38608,1.652741,"CO"
2005,10.39108,1.738739,"CO"
2006,10.40144,1.789856,"CO"
2007,10.39645,1.896138,"CO"
2008,10.40804,1.794343,"CO"
2009,10.43577,1.321001,"CO"
2010,10.43501,1.304016,"CO"
2011,10.43501,1.304016,"CO"
2012,10.43501,1.304016,"CO"
1940,9.111712,2.548637,"CT"
1941,,,"CT"
1942,,,"CT"
1943,,,"CT"
1944,,,"CT"
1945,,,"CT"
1946,,,"CT"
1947,,,"CT"
1948,,,"CT"
1949,9.530447,.7337236,"CT"
1950,9.447929,1.734133,"CT"
1951,9.401694,2.253623,"CT"
1952,9.251906,3.221564,"CT"
1953,9.243933,3.427348,"CT"
1954,9.326778,2.883096,"CT"
1955,9.382298,2.889414,"CT"
1956,9.498532,2.641096,"CT"
1957,9.528255,2.557201,"CT"
1958,9.436827,2.525792,"CT"
1959,9.534721,2.178507,"CT"
1960,9.62144,1.819487,"CT"
1961,9.792287,1.110864,"CT"
1962,9.902455,.7250357,"CT"
1963,9.959993,.4915333,"CT"
1964,9.94658,.7210064,"CT"
1965,9.902589,1.115842,"CT"
1966,9.828652,1.734061,"CT"
1967,9.767382,2.293358,"CT"
1968,9.700171,2.696681,"CT"
1969,9.677192,3.184462,"CT"
1970,9.794756,2.571101,"CT"
1971,9.852419,2.284331,"CT"
1972,9.896219,2.269177,"CT"
1973,9.929402,2.249517,"CT"
1974,9.903398,2.292428,"CT"
1975,9.96018,1.898198,"CT"
1976,10.02675,1.699018,"CT"
1977,10.03969,1.806746,"CT"
1978,9.941985,2.459702,"CT"
1979,9.970423,2.365284,"CT"
1980,9.985337,2.290936,"CT"
1981,10.01446,2.214165,"CT"
1982,10.04746,2.123785,"CT"
1983,10.0583,2.201724,"CT"
1984,10.09078,2.357969,"CT"
1985,10.12576,2.323251,"CT"
1986,10.17546,2.309771,"CT"
1987,10.22605,2.282538,"CT"
1988,10.23951,2.452598,"CT"
1989,10.31408,2.220292,"CT"
1990,10.30898,2.138104,"CT"
1991,10.30929,1.97454,"CT"
1992,10.35005,1.96187,"CT"
1993,10.37931,1.801314,"CT"
1994,10.36188,1.90455,"CT"
1995,10.33982,2.116079,"CT"
1996,10.36656,2.065701,"CT"
1997,10.40104,2.081542,"CT"
1998,10.43393,2.16568,"CT"
1999,10.44348,2.205133,"CT"
2000,10.44352,2.436919,"CT"
2001,10.45729,2.419786,"CT"
2002,10.47222,2.230105,"CT"
2003,10.49864,2.023611,"CT"
2004,10.56238,1.899157,"CT"
2005,10.59041,1.820555,"CT"
2006,10.63742,1.807456,"CT"
2007,10.68256,1.805849,"CT"
2008,10.73003,1.451635,"CT"
2009,10.75814,1.00801,"CT"
2010,10.7366,1.106377,"CT"
2011,10.7366,1.106377,"CT"
2012,10.7366,1.106377,"CT"
1940,9.003485,3.642974,"DE"
1941,,,"DE"
1942,,,"DE"
1943,,,"DE"
1944,,,"DE"
1945,,,"DE"
1946,,,"DE"
1947,,,"DE"
1948,,,"DE"
1949,9.534275,1.119547,"DE"
1950,9.372156,2.574735,"DE"
1951,9.363886,2.430954,"DE"
1952,9.195938,3.381534,"DE"
1953,9.204268,3.510156,"DE"
1954,9.307327,2.879996,"DE"
1955,9.371419,2.999382,"DE"
1956,9.568701,2.406301,"DE"
1957,9.624249,1.767449,"DE"
1958,9.466274,2.483492,"DE"
1959,9.605243,1.87439,"DE"
1960,9.73208,1.298199,"DE"
1961,9.807134,.8825016,"DE"
1962,9.806649,1.033921,"DE"
1963,9.874727,.8237457,"DE"
1964,9.885145,.9647322,"DE"
1965,9.875716,1.320777,"DE"
1966,9.817938,1.652694,"DE"
1967,9.744126,2.10403,"DE"
1968,9.677244,2.605128,"DE"
1969,9.758184,2.329087,"DE"
1970,9.887103,1.615472,"DE"
1971,9.850077,1.8964,"DE"
1972,9.872245,2.029142,"DE"
1973,9.906299,2.060318,"DE"
1974,9.883327,2.04381,"DE"
1975,9.971295,1.47676,"DE"
1976,10.04996,1.232848,"DE"
1977,9.977739,1.638169,"DE"
1978,9.962973,1.789451,"DE"
1979,9.980121,1.640668,"DE"
1980,9.991719,1.579685,"DE"
1981,9.983634,1.603947,"DE"
1982,10.01343,1.50578,"DE"
1983,10.03948,1.517277,"DE"
1984,10.07809,1.566901,"DE"
1985,10.13987,1.459212,"DE"
1986,10.14848,1.53615,"DE"
1987,10.16493,1.571569,"DE"
1988,10.19827,1.535783,"DE"
1989,10.224,1.614075,"DE"
1990,10.2102,1.575642,"DE"
1991,10.22936,1.473346,"DE"
1992,10.27807,1.177354,"DE"
1993,10.31836,.9132147,"DE"
1994,10.29209,1.047964,"DE"
1995,10.26665,1.227932,"DE"
1996,10.29653,1.21182,"DE"
1997,10.30537,1.200304,"DE"
1998,10.32086,1.377354,"DE"
1999,10.30825,1.448631,"DE"
2000,10.30766,1.608787,"DE"
2001,10.30442,1.696396,"DE"
2002,10.31459,1.686306,"DE"
2003,10.34293,1.526122,"DE"
2004,10.39147,1.444068,"DE"
2005,10.43171,1.267643,"DE"
2006,10.45571,1.222291,"DE"
2007,10.47925,1.128607,"DE"
2008,10.50543,.8803272,"DE"
2009,10.54682,.4290581,"DE"
2010,10.52533,.539422,"DE"
2011,10.52533,.539422,"DE"
2012,10.52533,.539422,"DE"
1940,8.51973,2.67458,"FL"
1941,,,"FL"
1942,,,"FL"
1943,,,"FL"
1944,,,"FL"
1945,,,"FL"
1946,,,"FL"
1947,,,"FL"
1948,,,"FL"
1949,8.843537,2.571201,"FL"
1950,8.765415,3.287106,"FL"
1951,8.694426,3.576932,"FL"
1952,8.574535,4.384036,"FL"
1953,8.531646,4.865327,"FL"
1954,8.688074,4.02566,"FL"
1955,8.747047,4.099007,"FL"
1956,8.912092,3.5502,"FL"
1957,8.955286,3.292804,"FL"
1958,8.921458,3.452563,"FL"
1959,9.008082,3.293271,"FL"
1960,9.054646,3.012114,"FL"
1961,9.158248,2.489042,"FL"
1962,9.310802,1.860375,"FL"
1963,9.500526,1.047969,"FL"
1964,9.581849,.904336,"FL"
1965,9.61249,.9746695,"FL"
1966,9.523645,1.631761,"FL"
1967,9.386571,2.570601,"FL"
1968,9.340179,3.144999,"FL"
1969,9.357778,3.400245,"FL"
1970,9.422836,3.241868,"FL"
1971,9.409812,3.435068,"FL"
1972,9.451343,3.531351,"FL"
1973,9.504711,3.488555,"FL"
1974,9.493206,3.369341,"FL"
1975,9.566849,2.834435,"FL"
1976,9.622132,2.652116,"FL"
1977,9.613847,2.837515,"FL"
1978,9.611971,3.06869,"FL"
1979,9.666737,2.794824,"FL"
1980,9.657068,2.849174,"FL"
1981,9.656056,2.925062,"FL"
1982,9.682878,2.747221,"FL"
1983,9.71012,2.846975,"FL"
1984,9.762716,2.781854,"FL"
1985,9.807424,2.709603,"FL"
1986,9.849998,2.653708,"FL"
1987,9.900691,2.475181,"FL"
1988,9.969179,2.258081,"FL"
1989,10.03783,2.080288,"FL"
1990,10.07121,1.834278,"FL"
1991,10.09683,1.586542,"FL"
1992,10.15761,1.307788,"FL"
1993,10.20242,1.109886,"FL"
1994,10.16707,1.327648,"FL"
1995,10.13374,1.598325,"FL"
1996,10.15256,1.578827,"FL"
1997,10.18135,1.498985,"FL"
1998,10.22571,1.498642,"FL"
1999,10.2257,1.552343,"FL"
2000,10.2269,1.691303,"FL"
2001,10.24107,1.603284,"FL"
2002,10.23232,1.677904,"FL"
2003,10.27952,1.455374,"FL"
2004,10.31909,1.505704,"FL"
2005,10.34934,1.501999,"FL"
2006,10.38074,1.490912,"FL"
2007,10.39573,1.476426,"FL"
2008,10.4208,1.230106,"FL"
2009,10.45388,.730629,"FL"
2010,10.43807,.7905436,"FL"
2011,10.43807,.7905436,"FL"
2012,10.43807,.7905436,"FL"
1940,8.291779,1.57114,"GA"
1941,,,"GA"
1942,,,"GA"
1943,,,"GA"
1944,,,"GA"
1945,,,"GA"
1946,,,"GA"
1947,,,"GA"
1948,,,"GA"
1949,8.429908,3.517184,"GA"
1950,8.330079,4.437127,"GA"
1951,8.246311,5.10354,"GA"
1952,8.098239,6.052232,"GA"
1953,8.172096,5.822606,"GA"
1954,8.321157,4.944334,"GA"
1955,8.400052,5.027242,"GA"
1956,8.501652,4.710779,"GA"
1957,8.506491,4.597855,"GA"
1958,8.447269,4.919791,"GA"
1959,8.526621,4.728084,"GA"
1960,8.606007,4.359026,"GA"
1961,8.779745,3.574181,"GA"
1962,8.980653,2.793751,"GA"
1963,9.168036,2.104015,"GA"
1964,9.287188,1.744719,"GA"
1965,9.320213,1.902547,"GA"
1966,9.198864,2.797008,"GA"
1967,9.110489,3.470087,"GA"
1968,9.140463,3.540869,"GA"
1969,9.133345,3.774238,"GA"
1970,9.217505,3.426752,"GA"
1971,9.267019,3.351331,"GA"
1972,9.308685,3.471775,"GA"
1973,9.336617,3.568583,"GA"
1974,9.310024,3.578191,"GA"
1975,9.4055,2.967424,"GA"
1976,9.443808,2.984676,"GA"
1977,9.426062,3.190026,"GA"
1978,9.431228,3.369694,"GA"
1979,9.472238,3.110156,"GA"
1980,9.477812,2.918048,"GA"
1981,9.494581,2.897139,"GA"
1982,9.539403,2.707629,"GA"
1983,9.588839,2.693195,"GA"
1984,9.636131,2.806888,"GA"
1985,9.700723,2.667875,"GA"
1986,9.758265,2.609062,"GA"
1987,9.804506,2.46532,"GA"
1988,9.848637,2.384691,"GA"
1989,9.888192,2.241178,"GA"
1990,9.902855,2.169242,"GA"
1991,9.937285,1.944408,"GA"
1992,10.00304,1.743546,"GA"
1993,10.05033,1.545973,"GA"
1994,10.02566,1.807418,"GA"
1995,9.998985,2.051983,"GA"
1996,10.04074,1.988173,"GA"
1997,10.06407,1.957016,"GA"
1998,10.10517,1.953073,"GA"
1999,10.09427,2.106452,"GA"
2000,10.06142,2.425318,"GA"
2001,10.07401,2.361135,"GA"
2002,10.08093,2.278781,"GA"
2003,10.12748,2.022281,"GA"
2004,10.19751,1.751657,"GA"
2005,10.2343,1.679416,"GA"
2006,10.28008,1.447601,"GA"
2007,10.29757,1.445875,"GA"
2008,10.32557,1.165619,"GA"
2009,10.33643,.8550882,"GA"
2010,10.3367,.828495,"GA"
2011,10.3367,.828495,"GA"
2012,10.3367,.828495,"GA"
1940,8.775472,1.098533,"IA"
1941,,,"IA"
1942,,,"IA"
1943,,,"IA"
1944,,,"IA"
1945,,,"IA"
1946,,,"IA"
1947,,,"IA"
1948,,,"IA"
1949,8.940035,2.675796,"IA"
1950,8.83256,3.771658,"IA"
1951,8.692723,4.426684,"IA"
1952,8.494209,5.59751,"IA"
1953,8.39403,5.856576,"IA"
1954,8.436881,5.995965,"IA"
1955,8.849687,3.600531,"IA"
1956,8.767832,4.187484,"IA"
1957,9.006226,3.330841,"IA"
1958,8.895804,3.866057,"IA"
1959,8.948523,3.651204,"IA"
1960,8.995178,3.413563,"IA"
1961,9.145798,2.898121,"IA"
1962,9.357311,2.01468,"IA"
1963,9.504331,1.527963,"IA"
1964,9.468643,1.873698,"IA"
1965,9.530787,2.007937,"IA"
1966,9.576997,2.025933,"IA"
1967,9.419776,2.697816,"IA"
1968,9.638786,1.73665,"IA"
1969,9.475194,2.823248,"IA"
1970,9.586891,2.26851,"IA"
1971,9.57806,2.285242,"IA"
1972,9.613711,2.504511,"IA"
1973,9.565345,3.366532,"IA"
1974,9.636074,2.665658,"IA"
1975,9.569793,3.091445,"IA"
1976,9.605329,2.917981,"IA"
1977,9.672394,2.75208,"IA"
1978,9.669016,3.115559,"IA"
1979,9.678763,2.883086,"IA"
1980,9.677891,2.566133,"IA"
1981,9.725422,2.459135,"IA"
1982,9.760247,2.165813,"IA"
1983,9.809923,1.887808,"IA"
1984,9.843383,2.038054,"IA"
1985,9.932375,1.630073,"IA"
1986,9.982183,1.516552,"IA"
1987,9.959339,1.727195,"IA"
1988,9.986116,1.530738,"IA"
1989,10.03984,1.430316,"IA"
1990,10.04059,1.419401,"IA"
1991,10.03511,1.340733,"IA"
1992,10.11461,1.093359,"IA"
1993,10.23865,.3021097,"IA"
1994,10.16921,.9498262,"IA"
1995,10.18808,.8701468,"IA"
1996,10.18892,1.127343,"IA"
1997,10.22281,1.050739,"IA"
1998,10.29213,.8636189,"IA"
1999,10.25538,1.065116,"IA"
2000,10.19112,1.551857,"IA"
2001,10.21725,1.393833,"IA"
2002,10.19341,1.595826,"IA"
2003,10.18748,1.611595,"IA"
2004,10.25099,1.558776,"IA"
2005,10.25839,1.471109,"IA"
2006,10.28549,1.370111,"IA"
2007,10.30478,1.476355,"IA"
2008,10.29226,1.662583,"IA"
2009,10.32591,1.328578,"IA"
2010,10.32447,1.340489,"IA"
2011,10.32447,1.340489,"IA"
2012,10.32447,1.340489,"IA"
1940,8.832919,.4340601,"ID"
1941,,,"ID"
1942,,,"ID"
1943,,,"ID"
1944,,,"ID"
1945,,,"ID"
1946,,,"ID"
1947,,,"ID"
1948,,,"ID"
1949,8.805725,3.027134,"ID"
1950,8.806999,3.164406,"ID"
1951,8.612987,4.354053,"ID"
1952,8.402095,5.789771,"ID"
1953,8.289145,6.010838,"ID"
1954,8.797068,3.466043,"ID"
1955,8.788209,3.645082,"ID"
1956,8.943447,3.203588,"ID"
1957,8.806939,3.885698,"ID"
1958,8.828343,3.709745,"ID"
1959,8.866108,3.685751,"ID"
1960,8.919731,3.344197,"ID"
1961,9.124979,2.457023,"ID"
1962,9.452778,1.049843,"ID"
1963,9.508483,.874691,"ID"
1964,9.556936,.7474041,"ID"
1965,9.568969,1.249218,"ID"
1966,9.546238,1.275635,"ID"
1967,9.469622,1.82188,"ID"
1968,9.444863,2.010846,"ID"
1969,9.411152,2.563524,"ID"
1970,9.43988,2.54611,"ID"
1971,9.483797,2.388191,"ID"
1972,9.560049,2.348752,"ID"
1973,9.491313,3.018775,"ID"
1974,9.490276,3.166671,"ID"
1975,9.517225,2.796011,"ID"
1976,9.584165,2.633376,"ID"
1977,9.584079,2.620163,"ID"
1978,9.570292,2.887011,"ID"
1979,9.603258,2.546144,"ID"
1980,9.588571,2.498307,"ID"
1981,9.616384,2.280049,"ID"
1982,9.662746,1.877666,"ID"
1983,9.683421,1.972013,"ID"
1984,9.706417,1.953883,"ID"
1985,9.818812,1.443238,"ID"
1986,9.801365,1.55746,"ID"
1987,9.833998,1.48519,"ID"
1988,9.847033,1.607966,"ID"
1989,9.923857,1.414294,"ID"
1990,9.949102,1.346393,"ID"
1991,9.961435,1.208749,"ID"
1992,10.0298,1.035609,"ID"
1993,10.09507,.8596277,"ID"
1994,10.12361,.7947063,"ID"
1995,10.07643,1.098623,"ID"
1996,10.11084,.9949732,"ID"
1997,10.10811,1.000237,"ID"
1998,10.14769,1.019859,"ID"
1999,10.11249,1.314311,"ID"
2000,10.08823,1.565561,"ID"
2001,10.07239,1.699185,"ID"
2002,10.03828,1.864119,"ID"
2003,10.07782,1.63198,"ID"
2004,10.09719,1.797109,"ID"
2005,10.10746,1.794815,"ID"
2006,10.11286,1.891785,"ID"
2007,10.13104,1.871958,"ID"
2008,10.16863,1.550651,"ID"
2009,10.20672,1.034865,"ID"
2010,10.21838,.9984732,"ID"
2011,10.21838,.9984732,"ID"
2012,10.21838,.9984732,"ID"
1940,9.16067,1.291575,"IL"
1941,,,"IL"
1942,,,"IL"
1943,,,"IL"
1944,,,"IL"
1945,,,"IL"
1946,,,"IL"
1947,,,"IL"
1948,,,"IL"
1949,9.450705,1.206512,"IL"
1950,9.312704,2.257462,"IL"
1951,9.220857,2.84894,"IL"
1952,9.003157,3.997717,"IL"
1953,8.951398,4.493675,"IL"
1954,9.064812,3.817043,"IL"
1955,9.168661,3.527975,"IL"
1956,9.280365,3.287935,"IL"
1957,9.36054,2.858567,"IL"
1958,9.262487,3.143368,"IL"
1959,9.360625,2.865224,"IL"
1960,9.418985,2.596345,"IL"
1961,9.540956,2.100563,"IL"
1962,9.586202,2.021194,"IL"
1963,9.721728,1.411567,"IL"
1964,9.8019,1.190882,"IL"
1965,9.834933,1.296077,"IL"
1966,9.797167,1.677728,"IL"
1967,9.728018,2.128186,"IL"
1968,9.751246,2.130489,"IL"
1969,9.692007,2.576895,"IL"
1970,9.764196,2.201209,"IL"
1971,9.790645,2.172136,"IL"
1972,9.8027,2.343793,"IL"
1973,9.850133,2.369986,"IL"
1974,9.82822,2.41003,"IL"
1975,9.874256,2.15652,"IL"
1976,9.937952,1.976743,"IL"
1977,9.932254,2.153282,"IL"
1978,9.891161,2.483978,"IL"
1979,9.93367,2.20818,"IL"
1980,9.938254,1.95014,"IL"
1981,9.961069,1.851449,"IL"
1982,9.99044,1.692953,"IL"
1983,10.00404,1.676736,"IL"
1984,10.04008,1.76095,"IL"
1985,10.09415,1.568208,"IL"
1986,10.13271,1.528282,"IL"
1987,10.15366,1.522393,"IL"
1988,10.17734,1.568885,"IL"
1989,10.20739,1.476598,"IL"
1990,10.20444,1.515613,"IL"
1991,10.22507,1.280766,"IL"
1992,10.27146,1.222186,"IL"
1993,10.32413,.924201,"IL"
1994,10.31023,1.102958,"IL"
1995,10.30556,1.228862,"IL"
1996,10.3333,1.217647,"IL"
1997,10.36291,1.197267,"IL"
1998,10.38796,1.273994,"IL"
1999,10.37531,1.372557,"IL"
2000,10.32828,1.762867,"IL"
2001,10.33136,1.696286,"IL"
2002,10.32903,1.713166,"IL"
2003,10.33939,1.683493,"IL"
2004,10.39227,1.527886,"IL"
2005,10.40779,1.476936,"IL"
2006,10.43837,1.447268,"IL"
2007,10.45813,1.496196,"IL"
2008,10.49112,1.302896,"IL"
2009,10.50271,.9548759,"IL"
2010,10.50756,.9211397,"IL"
2011,10.50756,.9211397,"IL"
2012,10.50756,.9211397,"IL"
1940,8.807091,1.491404,"IN"
1941,,,"IN"
1942,,,"IN"
1943,,,"IN"
1944,,,"IN"
1945,,,"IN"
1946,,,"IN"
1947,,,"IN"
1948,,,"IN"
1949,8.998474,2.38246,"IN"
1950,8.856248,3.604951,"IN"
1951,8.785501,4.16244,"IN"
1952,8.544514,5.459571,"IN"
1953,8.547878,5.853171,"IN"
1954,8.714328,4.613972,"IN"
1955,8.852302,4.215236,"IN"
1956,8.974676,3.78901,"IN"
1957,9.066871,3.248248,"IN"
1958,8.940241,3.681836,"IN"
1959,9.048821,3.380694,"IN"
1960,9.105371,3.198667,"IN"
1961,9.329779,2.113051,"IN"
1962,9.458071,1.757555,"IN"
1963,9.619682,1.063142,"IN"
1964,9.654886,1.077704,"IN"
1965,9.674622,1.336255,"IN"
1966,9.553278,2.106128,"IN"
1967,9.504255,2.378249,"IN"
1968,9.528678,2.429571,"IN"
1969,9.474966,2.861686,"IN"
1970,9.577238,2.204537,"IN"
1971,9.61799,2.160783,"IN"
1972,9.636428,2.324638,"IN"
1973,9.718513,2.289734,"IN"
1974,9.637122,2.497301,"IN"
1975,9.695349,2.137108,"IN"
1976,9.732478,2.212586,"IN"
1977,9.71652,2.46264,"IN"
1978,9.676608,2.814627,"IN"
1979,9.72496,2.500973,"IN"
1980,9.745105,2.114296,"IN"
1981,9.752389,2.062917,"IN"
1982,9.809582,1.66204,"IN"
1983,9.832311,1.624041,"IN"
1984,9.870427,1.73913,"IN"
1985,9.941873,1.467404,"IN"
1986,9.974504,1.463366,"IN"
1987,9.979905,1.534557,"IN"
1988,10.01459,1.45956,"IN"
1989,10.0473,1.448503,"IN"
1990,10.01815,1.561565,"IN"
1991,10.05015,1.311774,"IN"
1992,10.10136,1.241484,"IN"
1993,10.17646,.920186,"IN"
1994,10.13658,1.259584,"IN"
1995,10.12277,1.346378,"IN"
1996,10.175,1.167836,"IN"
1997,10.20905,1.090097,"IN"
1998,10.23953,1.18073,"IN"
1999,10.22515,1.286311,"IN"
2000,10.16796,1.699376,"IN"
2001,10.16497,1.676641,"IN"
2002,10.14199,1.792469,"IN"
2003,10.15712,1.778064,"IN"
2004,10.21825,1.550975,"IN"
2005,10.23535,1.418571,"IN"
2006,10.26718,1.303148,"IN"
2007,10.28682,1.249733,"IN"
2008,10.3065,1.123471,"IN"
2009,10.337,.7456923,"IN"
2010,10.33046,.7495451,"IN"
2011,10.33046,.7495451,"IN"
2012,10.33046,.7495451,"IN"
1940,8.816736,.1184273,"KS"
1941,,,"KS"
1942,,,"KS"
1943,,,"KS"
1944,,,"KS"
1945,,,"KS"
1946,,,"KS"
1947,,,"KS"
1948,,,"KS"
1949,8.861465,2.845516,"KS"
1950,8.750838,3.948226,"KS"
1951,8.691053,4.318337,"KS"
1952,8.402039,6.346912,"KS"
1953,8.388005,6.114769,"KS"
1954,8.497894,5.692101,"KS"
1955,8.699459,4.584188,"KS"
1956,8.755148,4.423614,"KS"
1957,8.819701,4.177418,"KS"
1958,8.730912,4.904552,"KS"
1959,8.742155,4.810452,"KS"
1960,8.840422,4.384904,"KS"
1961,9.054354,3.404036,"KS"
1962,9.383016,1.880178,"KS"
1963,9.53137,1.230226,"KS"
1964,9.62523,.9654427,"KS"
1965,9.599545,1.343498,"KS"
1966,9.489661,2.118506,"KS"
1967,9.49134,2.19624,"KS"
1968,9.448289,2.580018,"KS"
1969,9.430568,2.894707,"KS"
1970,9.540483,2.43094,"KS"
1971,9.554721,2.556639,"KS"
1972,9.671421,2.34798,"KS"
1973,9.610959,3.012733,"KS"
1974,9.636314,2.758884,"KS"
1975,9.616297,2.838449,"KS"
1976,9.639871,2.835693,"KS"
1977,9.655185,2.846503,"KS"
1978,9.711823,2.682371,"KS"
1979,9.704246,2.824912,"KS"
1980,9.717402,2.556443,"KS"
1981,9.735161,2.572789,"KS"
1982,9.759051,2.523732,"KS"
1983,9.777415,2.444882,"KS"
1984,9.818318,2.471218,"KS"
1985,9.868245,2.291327,"KS"
1986,9.913363,2.194014,"KS"
1987,9.930588,2.128592,"KS"
1988,9.964293,1.958609,"KS"
1989,10.00951,1.738591,"KS"
1990,10.02667,1.682587,"KS"
1991,10.06605,1.435375,"KS"
1992,10.14102,1.20069,"KS"
1993,10.21351,.8555984,"KS"
1994,10.18809,1.063919,"KS"
1995,10.18399,1.092067,"KS"
1996,10.20701,1.13862,"KS"
1997,10.22449,1.199403,"KS"
1998,10.2483,1.305447,"KS"
1999,10.26923,1.241703,"KS"
2000,10.22869,1.576223,"KS"
2001,10.24972,1.53616,"KS"
2002,10.2638,1.400771,"KS"
2003,10.26639,1.451917,"KS"
2004,10.31256,1.29632,"KS"
2005,10.32651,1.268101,"KS"
2006,10.35217,1.319151,"KS"
2007,10.35631,1.466441,"KS"
2008,10.35601,1.61593,"KS"
2009,10.35723,1.327543,"KS"
2010,10.36319,1.266356,"KS"
2011,10.36319,1.266356,"KS"
2012,10.36319,1.266356,"KS"
1940,8.433178,.6168509,"KY"
1941,,,"KY"
1942,,,"KY"
1943,,,"KY"
1944,,,"KY"
1945,,,"KY"
1946,,,"KY"
1947,,,"KY"
1948,,,"KY"
1949,8.554194,2.729306,"KY"
1950,8.390978,3.756604,"KY"
1951,8.36817,4.265857,"KY"
1952,8.150449,5.605502,"KY"
1953,8.178847,5.700541,"KY"
1954,8.278348,5.108681,"KY"
1955,8.387245,4.800148,"KY"
1956,8.475838,4.614711,"KY"
1957,8.586213,4.081798,"KY"
1958,8.469592,4.678826,"KY"
1959,8.513408,4.610457,"KY"
1960,8.556548,4.400296,"KY"
1961,8.718864,3.830328,"KY"
1962,8.926262,3.002005,"KY"
1963,9.131795,2.132888,"KY"
1964,9.204026,1.874566,"KY"
1965,9.227436,2.069788,"KY"
1966,9.174005,2.629175,"KY"
1967,9.083158,3.287549,"KY"
1968,9.146893,3.175864,"KY"
1969,9.100056,3.637161,"KY"
1970,9.142299,3.493276,"KY"
1971,9.221341,3.199205,"KY"
1972,9.271549,3.245306,"KY"
1973,9.318955,3.25192,"KY"
1974,9.300084,3.353496,"KY"
1975,9.347275,3.043618,"KY"
1976,9.39878,3.00333,"KY"
1977,9.402573,3.205638,"KY"
1978,9.405357,3.358593,"KY"
1979,9.435499,3.25942,"KY"
1980,9.436607,2.945194,"KY"
1981,9.48493,2.72738,"KY"
1982,9.526663,2.521553,"KY"
1983,9.558372,2.364464,"KY"
1984,9.578939,2.612724,"KY"
1985,9.641394,2.333188,"KY"
1986,9.69984,2.083988,"KY"
1987,9.740668,1.974931,"KY"
1988,9.782065,1.975808,"KY"
1989,9.827488,1.861115,"KY"
1990,9.840954,1.808639,"KY"
1991,9.861182,1.749773,"KY"
1992,9.92061,1.607108,"KY"
1993,9.969339,1.33224,"KY"
1994,9.970783,1.408973,"KY"
1995,9.955998,1.522799,"KY"
1996,9.999446,1.417851,"KY"
1997,10.0437,1.336575,"KY"
1998,10.07708,1.375322,"KY"
1999,10.08738,1.388621,"KY"
2000,10.02565,1.898685,"KY"
2001,10.03041,1.849961,"KY"
2002,10.03097,1.864853,"KY"
2003,10.03127,1.844878,"KY"
2004,10.10148,1.61099,"KY"
2005,10.10803,1.609612,"KY"
2006,10.11664,1.635642,"KY"
2007,10.13565,1.624374,"KY"
2008,10.17723,1.418881,"KY"
2009,10.19971,1.216793,"KY"
2010,10.20268,1.137495,"KY"
2011,10.20268,1.137495,"KY"
2012,10.20268,1.137495,"KY"
1940,8.495849,.9701252,"LA"
1941,,,"LA"
1942,,,"LA"
1943,,,"LA"
1944,,,"LA"
1945,,,"LA"
1946,,,"LA"
1947,,,"LA"
1948,,,"LA"
1949,8.609965,3.146467,"LA"
1950,8.486461,3.901119,"LA"
1951,8.465608,4.03399,"LA"
1952,8.290445,5.097184,"LA"
1953,8.287337,5.322318,"LA"
1954,8.412338,4.648051,"LA"
1955,8.482385,4.528737,"LA"
1956,8.595358,4.255652,"LA"
1957,8.630273,4.276071,"LA"
1958,8.636474,4.163671,"LA"
1959,8.683512,4.039011,"LA"
1960,8.689874,3.933411,"LA"
1961,8.853329,3.214598,"LA"
1962,9.025332,2.484808,"LA"
1963,9.250013,1.572852,"LA"
1964,9.340816,1.29446,"LA"
1965,9.33389,1.572533,"LA"
1966,9.185347,2.602544,"LA"
1967,9.10906,3.243318,"LA"
1968,9.170816,3.152699,"LA"
1969,9.239259,2.809052,"LA"
1970,9.266685,2.73294,"LA"
1971,9.272406,2.835884,"LA"
1972,9.309882,2.876458,"LA"
1973,9.351801,2.896018,"LA"
1974,9.341949,3.032126,"LA"
1975,9.388132,2.856779,"LA"
1976,9.446488,2.847824,"LA"
1977,9.485487,2.81765,"LA"
1978,9.469208,3.152013,"LA"
1979,9.491314,3.07229,"LA"
1980,9.476556,3.133111,"LA"
1981,9.496248,3.197389,"LA"
1982,9.522294,3.045893,"LA"
1983,9.564584,2.820759,"LA"
1984,9.599708,2.756414,"LA"
1985,9.648396,2.519531,"LA"
1986,9.705855,2.12925,"LA"
1987,9.757724,1.781812,"LA"
1988,9.801356,1.682029,"LA"
1989,9.801069,1.794457,"LA"
1990,9.813272,1.885176,"LA"
1991,9.839582,1.791868,"LA"
1992,9.885174,1.697984,"LA"
1993,9.931005,1.52544,"LA"
1994,9.948374,1.611218,"LA"
1995,9.959488,1.606932,"LA"
1996,10.01605,1.378112,"LA"
1997,10.04902,1.325889,"LA"
1998,10.09961,1.234488,"LA"
1999,10.10577,1.170411,"LA"
2000,10.10318,1.256394,"LA"
2001,10.13573,1.3059,"LA"
2002,10.13147,1.344428,"LA"
2003,10.12874,1.373067,"LA"
2004,10.15099,1.395617,"LA"
2005,10.1523,1.574464,"LA"
2006,10.13171,2.074566,"LA"
2007,10.11409,2.422948,"LA"
2008,10.13776,2.386684,"LA"
2009,10.15996,2.032952,"LA"
2010,10.19031,1.869721,"LA"
2011,10.19031,1.869721,"LA"
2012,10.19031,1.869721,"LA"
1940,9.250437,1.029243,"MA"
1941,,,"MA"
1942,,,"MA"
1943,,,"MA"
1944,,,"MA"
1945,,,"MA"
1946,,,"MA"
1947,,,"MA"
1948,,,"MA"
1949,9.406311,.779171,"MA"
1950,9.349231,1.569471,"MA"
1951,9.347236,1.672153,"MA"
1952,9.239702,2.326059,"MA"
1953,9.200528,2.615876,"MA"
1954,9.254823,2.260318,"MA"
1955,9.287156,2.472091,"MA"
1956,9.376837,2.242494,"MA"
1957,9.365904,2.361517,"MA"
1958,9.300917,2.577949,"MA"
1959,9.389596,2.325344,"MA"
1960,9.456285,2.071414,"MA"
1961,9.551506,1.730256,"MA"
1962,9.623315,1.563272,"MA"
1963,9.726336,1.099744,"MA"
1964,9.738482,1.207113,"MA"
1965,9.75321,1.329145,"MA"
1966,9.705119,1.779652,"MA"
1967,9.596656,2.53736,"MA"
1968,9.57198,2.879376,"MA"
1969,9.562145,3.052182,"MA"
1970,9.663125,2.600107,"MA"
1971,9.681666,2.587547,"MA"
1972,9.704914,2.677851,"MA"
1973,9.723703,2.694964,"MA"
1974,9.706886,2.662883,"MA"
1975,9.781574,2.207899,"MA"
1976,9.825336,2.110305,"MA"
1977,9.838207,2.154737,"MA"
1978,9.816506,2.403665,"MA"
1979,9.854665,2.209148,"MA"
1980,9.870568,2.098351,"MA"
1981,9.897557,1.999307,"MA"
1982,9.935969,1.974697,"MA"
1983,9.946284,2.156491,"MA"
1984,9.979904,2.351122,"MA"
1985,10.01904,2.338085,"MA"
1986,10.06105,2.382264,"MA"
1987,10.10413,2.360582,"MA"
1988,10.14785,2.366385,"MA"
1989,10.17258,2.231531,"MA"
1990,10.18315,2.071991,"MA"
1991,10.19918,1.897731,"MA"
1992,10.24048,1.775174,"MA"
1993,10.2627,1.669869,"MA"
1994,10.23946,1.894331,"MA"
1995,10.22315,2.071056,"MA"
1996,10.2474,2.088385,"MA"
1997,10.26915,2.13738,"MA"
1998,10.29724,2.247534,"MA"
1999,10.29649,2.388144,"MA"
2000,10.29024,2.741575,"MA"
2001,10.29742,2.735815,"MA"
2002,10.33091,2.496266,"MA"
2003,10.37758,2.233777,"MA"
2004,10.45013,2.019424,"MA"
2005,10.48666,1.90134,"MA"
2006,10.5375,1.829543,"MA"
2007,10.57624,1.798387,"MA"
2008,10.62113,1.535621,"MA"
2009,10.61889,1.340685,"MA"
2010,10.59754,1.464791,"MA"
2011,10.59754,1.464791,"MA"
2012,10.59754,1.464791,"MA"
1940,9.028388,1.675892,"MD"
1941,,,"MD"
1942,,,"MD"
1943,,,"MD"
1944,,,"MD"
1945,,,"MD"
1946,,,"MD"
1947,,,"MD"
1948,,,"MD"
1949,9.240598,1.654539,"MD"
1950,9.189957,2.319384,"MD"
1951,9.173728,2.528629,"MD"
1952,9.061692,3.335218,"MD"
1953,9.020053,3.694849,"MD"
1954,9.103926,3.034611,"MD"
1955,9.129821,3.199682,"MD"
1956,9.232096,2.940063,"MD"
1957,9.269935,2.77216,"MD"
1958,9.242707,2.644229,"MD"
1959,9.30201,2.447171,"MD"
1960,9.363566,2.231369,"MD"
1961,9.517414,1.615982,"MD"
1962,9.662961,1.093054,"MD"
1963,9.745858,.7703066,"MD"
1964,9.756958,.9342146,"MD"
1965,9.725757,1.299567,"MD"
1966,9.644048,1.932492,"MD"
1967,9.538999,2.65574,"MD"
1968,9.564628,2.75743,"MD"
1969,9.571506,3.022218,"MD"
1970,9.653833,2.7425,"MD"
1971,9.679454,2.741847,"MD"
1972,9.728736,2.731371,"MD"
1973,9.759023,2.751265,"MD"
1974,9.710848,2.931781,"MD"
1975,9.769757,2.593904,"MD"
1976,9.820108,2.508817,"MD"
1977,9.824367,2.580452,"MD"
1978,9.771553,2.97698,"MD"
1979,9.791444,2.835507,"MD"
1980,9.80984,2.675309,"MD"
1981,9.840611,2.529411,"MD"
1982,9.881572,2.414951,"MD"
1983,9.89992,2.508349,"MD"
1984,9.943801,2.551374,"MD"
1985,9.98567,2.545514,"MD"
1986,10.03055,2.515035,"MD"
1987,10.07015,2.444692,"MD"
1988,10.11611,2.366595,"MD"
1989,10.17595,2.13202,"MD"
1990,10.20233,1.950545,"MD"
1991,10.22782,1.747708,"MD"
1992,10.27501,1.538649,"MD"
1993,10.30928,1.361485,"MD"
1994,10.2972,1.488152,"MD"
1995,10.28854,1.551652,"MD"
1996,10.32187,1.436872,"MD"
1997,10.34046,1.461773,"MD"
1998,10.36695,1.543641,"MD"
1999,10.35855,1.710625,"MD"
2000,10.3449,1.981711,"MD"
2001,10.34649,2.048731,"MD"
2002,10.36456,2.001185,"MD"
2003,10.40159,1.844473,"MD"
2004,10.45408,1.784978,"MD"
2005,10.49477,1.66513,"MD"
2006,10.53355,1.556954,"MD"
2007,10.55908,1.54263,"MD"
2008,10.58943,1.391931,"MD"
2009,10.60235,1.20368,"MD"
2010,10.59244,1.267924,"MD"
2011,10.59244,1.267924,"MD"
2012,10.59244,1.267924,"MD"
1940,8.85487,1.023564,"ME"
1941,,,"ME"
1942,,,"ME"
1943,,,"ME"
1944,,,"ME"
1945,,,"ME"
1946,,,"ME"
1947,,,"ME"
1948,,,"ME"
1949,8.987679,1.735001,"ME"
1950,8.965973,1.835566,"ME"
1951,8.90544,2.259817,"ME"
1952,8.749292,3.383994,"ME"
1953,8.781417,3.21785,"ME"
1954,8.866693,2.748227,"ME"
1955,8.881885,3.140602,"ME"
1956,9.025468,2.617955,"ME"
1957,8.998863,2.738533,"ME"
1958,8.941648,3.069935,"ME"
1959,9.004293,2.857299,"ME"
1960,9.059583,2.694721,"ME"
1961,9.193414,1.926751,"ME"
1962,9.395881,1.073728,"ME"
1963,9.588802,.2103615,"ME"
1964,9.571432,.624733,"ME"
1965,9.527822,1.13379,"ME"
1966,9.494332,1.464815,"ME"
1967,9.389073,2.066493,"ME"
1968,9.369739,2.342019,"ME"
1969,9.33468,2.749071,"ME"
1970,9.333086,2.899113,"ME"
1971,9.357404,2.815862,"ME"
1972,9.426091,2.675476,"ME"
1973,9.424987,2.930393,"ME"
1974,9.416338,2.935047,"ME"
1975,9.510005,2.315755,"ME"
1976,9.549059,2.468038,"ME"
1977,9.54657,2.519641,"ME"
1978,9.555634,2.56443,"ME"
1979,9.575753,2.430801,"ME"
1980,9.598527,2.26984,"ME"
1981,9.578764,2.353086,"ME"
1982,9.610626,2.28126,"ME"
1983,9.630875,2.338424,"ME"
1984,9.696379,2.287006,"ME"
1985,9.75458,2.167392,"ME"
1986,9.787295,2.277017,"ME"
1987,9.802372,2.391548,"ME"
1988,9.838142,2.396321,"ME"
1989,9.884494,2.267084,"ME"
1990,9.912909,2.017655,"ME"
1991,9.920576,1.844363,"ME"
1992,9.961186,1.705184,"ME"
1993,10.01107,1.437192,"ME"
1994,10.00335,1.574931,"ME"
1995,9.973156,1.791558,"ME"
1996,10.04267,1.569662,"ME"
1997,10.0505,1.657286,"ME"
1998,10.06852,1.833448,"ME"
1999,10.06191,1.956034,"ME"
2000,10.0525,2.136431,"ME"
2001,10.04938,2.281804,"ME"
2002,10.06688,2.232494,"ME"
2003,10.09856,2.132626,"ME"
2004,10.15378,2.003727,"ME"
2005,10.18806,1.76496,"ME"
2006,10.2427,1.547627,"ME"
2007,10.28068,1.467838,"ME"
2008,10.31741,1.285462,"ME"
2009,10.33791,1.129508,"ME"
2010,10.31644,1.197915,"ME"
2011,10.31644,1.197915,"ME"
2012,10.31644,1.197915,"ME"
1940,9.017958,1.505308,"MI"
1941,,,"MI"
1942,,,"MI"
1943,,,"MI"
1944,,,"MI"
1945,,,"MI"
1946,,,"MI"
1947,,,"MI"
1948,,,"MI"
1949,9.269209,1.627774,"MI"
1950,9.106909,2.975583,"MI"
1951,9.004403,3.607783,"MI"
1952,8.793692,4.797244,"MI"
1953,8.718378,5.654907,"MI"
1954,8.956285,4.134784,"MI"
1955,9.090956,3.857474,"MI"
1956,9.231625,3.165174,"MI"
1957,9.298403,2.741961,"MI"
1958,9.137817,3.250036,"MI"
1959,9.241902,2.934523,"MI"
1960,9.319019,2.639513,"MI"
1961,9.467292,1.82929,"MI"
1962,9.600202,1.447754,"MI"
1963,9.796598,.6613827,"MI"
1964,9.805573,.9447765,"MI"
1965,9.734694,1.649747,"MI"
1966,9.654604,2.25872,"MI"
1967,9.616738,2.450275,"MI"
1968,9.606789,2.766247,"MI"
1969,9.594764,2.843103,"MI"
1970,9.702025,2.089782,"MI"
1971,9.72596,2.104506,"MI"
1972,9.75314,2.305527,"MI"
1973,9.84936,2.077208,"MI"
1974,9.783242,2.210293,"MI"
1975,9.862451,1.688428,"MI"
1976,9.864659,1.983747,"MI"
1977,9.846795,2.329645,"MI"
1978,9.787825,2.766476,"MI"
1979,9.828807,2.474031,"MI"
1980,9.846922,2.082801,"MI"
1981,9.83315,2.027922,"MI"
1982,9.889752,1.644063,"MI"
1983,9.928875,1.610303,"MI"
1984,9.994528,1.575346,"MI"
1985,10.06464,1.437774,"MI"
1986,10.10635,1.413598,"MI"
1987,10.10679,1.373339,"MI"
1988,10.16004,1.187477,"MI"
1989,10.16338,1.272569,"MI"
1990,10.11998,1.40223,"MI"
1991,10.14686,1.170216,"MI"
1992,10.21425,.9519958,"MI"
1993,10.2648,.762248,"MI"
1994,10.2253,1.187925,"MI"
1995,10.20014,1.355443,"MI"
1996,10.26141,1.081944,"MI"
1997,10.31272,.9276438,"MI"
1998,10.34112,1.005812,"MI"
1999,10.32361,1.158676,"MI"
2000,10.26348,1.563382,"MI"
2001,10.23873,1.651773,"MI"
2002,10.21856,1.713729,"MI"
2003,10.25094,1.607723,"MI"
2004,10.3096,1.29323,"MI"
2005,10.3522,1.033845,"MI"
2006,10.38907,.7994986,"MI"
2007,10.38146,.890255,"MI"
2008,10.39753,.7241678,"MI"
2009,10.4179,.3638601,"MI"
2010,10.40043,.4941368,"MI"
2011,10.40043,.4941368,"MI"
2012,10.40043,.4941368,"MI"
1940,8.792796,1.278849,"MN"
1941,,,"MN"
1942,,,"MN"
1943,,,"MN"
1944,,,"MN"
1945,,,"MN"
1946,,,"MN"
1947,,,"MN"
1948,,,"MN"
1949,8.97997,2.350721,"MN"
1950,8.920546,2.981935,"MN"
1951,8.833367,3.524032,"MN"
1952,8.702018,4.24962,"MN"
1953,8.59965,4.956694,"MN"
1954,8.716346,4.380178,"MN"
1955,8.917647,3.577085,"MN"
1956,8.955983,3.445921,"MN"
1957,9.049387,3.058953,"MN"
1958,8.981734,3.475275,"MN"
1959,9.043534,3.239012,"MN"
1960,9.048566,3.34837,"MN"
1961,9.162536,2.913494,"MN"
1962,9.316936,2.295332,"MN"
1963,9.432104,1.924844,"MN"
1964,9.475766,1.798887,"MN"
1965,9.550729,1.79749,"MN"
1966,9.537621,2.093568,"MN"
1967,9.466485,2.602124,"MN"
1968,9.52224,2.538819,"MN"
1969,9.450114,3.096571,"MN"
1970,9.516932,2.835612,"MN"
1971,9.538174,2.779422,"MN"
1972,9.551942,2.95311,"MN"
1973,9.590989,3.249192,"MN"
1974,9.592381,3.077579,"MN"
1975,9.633064,2.775207,"MN"
1976,9.645167,2.816081,"MN"
1977,9.661178,2.9914,"MN"
1978,9.676789,3.100939,"MN"
1979,9.691337,2.994013,"MN"
1980,9.71824,2.696095,"MN"
1981,9.745234,2.549257,"MN"
1982,9.776002,2.422013,"MN"
1983,9.817073,2.315722,"MN"
1984,9.835544,2.608066,"MN"
1985,9.910227,2.323575,"MN"
1986,9.956334,2.256274,"MN"
1987,9.98691,2.209268,"MN"
1988,10.03,1.97125,"MN"
1989,10.06943,1.924872,"MN"
1990,10.08405,1.83989,"MN"
1991,10.09406,1.688862,"MN"
1992,10.14256,1.582313,"MN"
1993,10.24083,1.01222,"MN"
1994,10.2079,1.36487,"MN"
1995,10.18811,1.566124,"MN"
1996,10.20838,1.664767,"MN"
1997,10.25946,1.526947,"MN"
1998,10.29698,1.64875,"MN"
1999,10.29014,1.789098,"MN"
2000,10.25746,2.109866,"MN"
2001,10.25509,2.095051,"MN"
2002,10.2604,2.097178,"MN"
2003,10.28022,2.055831,"MN"
2004,10.35716,1.820011,"MN"
2005,10.37494,1.70157,"MN"
2006,10.40759,1.597085,"MN"
2007,10.42876,1.606293,"MN"
2008,10.42425,1.633196,"MN"
2009,10.4544,1.216373,"MN"
2010,10.45203,1.291914,"MN"
2011,10.45203,1.291914,"MN"
2012,10.45203,1.291914,"MN"
1940,8.809733,1.17034,"MO"
1941,,,"MO"
1942,,,"MO"
1943,,,"MO"
1944,,,"MO"
1945,,,"MO"
1946,,,"MO"
1947,,,"MO"
1948,,,"MO"
1949,9.021101,2.151427,"MO"
1950,8.944643,2.843156,"MO"
1951,8.902347,3.102641,"MO"
1952,8.711207,4.292717,"MO"
1953,8.676022,4.658194,"MO"
1954,8.741961,4.264083,"MO"
1955,8.853966,3.988385,"MO"
1956,8.944027,3.701301,"MO"
1957,8.992597,3.402843,"MO"
1958,8.947782,3.809853,"MO"
1959,9.019724,3.615823,"MO"
1960,9.043801,3.481512,"MO"
1961,9.204502,2.765393,"MO"
1962,9.331263,2.334929,"MO"
1963,9.452324,1.869135,"MO"
1964,9.538919,1.588612,"MO"
1965,9.572858,1.729484,"MO"
1966,9.541322,2.021756,"MO"
1967,9.433947,2.700448,"MO"
1968,9.471302,2.783365,"MO"
1969,9.451386,2.809782,"MO"
1970,9.513274,2.607098,"MO"
1971,9.522875,2.675071,"MO"
1972,9.569751,2.673926,"MO"
1973,9.60766,2.696781,"MO"
1974,9.594777,2.57503,"MO"
1975,9.651643,2.288704,"MO"
1976,9.684287,2.303977,"MO"
1977,9.673165,2.551332,"MO"
1978,9.709752,2.523451,"MO"
1979,9.742888,2.357011,"MO"
1980,9.740104,2.113729,"MO"
1981,9.757581,2.083302,"MO"
1982,9.798248,1.919527,"MO"
1983,9.826151,1.926365,"MO"
1984,9.856642,2.047534,"MO"
1985,9.918755,1.869369,"MO"
1986,9.945673,1.86739,"MO"
1987,9.974036,1.771741,"MO"
1988,10.02798,1.552691,"MO"
1989,10.01334,1.695771,"MO"
1990,10.03469,1.515508,"MO"
1991,10.05789,1.399031,"MO"
1992,10.10454,1.284866,"MO"
1993,10.14702,1.083879,"MO"
1994,10.10978,1.408267,"MO"
1995,10.10938,1.45648,"MO"
1996,10.14508,1.371379,"MO"
1997,10.18343,1.322231,"MO"
1998,10.21444,1.355634,"MO"
1999,10.21429,1.401925,"MO"
2000,10.16285,1.801958,"MO"
2001,10.17424,1.737738,"MO"
2002,10.18215,1.731887,"MO"
2003,10.21142,1.629491,"MO"
2004,10.26615,1.454134,"MO"
2005,10.29263,1.307497,"MO"
2006,10.31915,1.245174,"MO"
2007,10.32838,1.313152,"MO"
2008,10.33851,1.355543,"MO"
2009,10.3525,1.082239,"MO"
2010,10.3378,1.124749,"MO"
2011,10.3378,1.124749,"MO"
2012,10.3378,1.124749,"MO"
1940,8.080335,.3281927,"MS"
1941,,,"MS"
1942,,,"MS"
1943,,,"MS"
1944,,,"MS"
1945,,,"MS"
1946,,,"MS"
1947,,,"MS"
1948,,,"MS"
1949,8.217454,2.988367,"MS"
1950,7.902074,4.952607,"MS"
1951,7.842959,5.367961,"MS"
1952,7.621359,6.703346,"MS"
1953,7.705965,6.416073,"MS"
1954,7.954174,5.065322,"MS"
1955,7.971992,5.61172,"MS"
1956,8.20363,4.408298,"MS"
1957,8.15641,4.529238,"MS"
1958,8.062985,5.270982,"MS"
1959,8.103027,5.413342,"MS"
1960,8.145973,5.0741,"MS"
1961,8.458611,3.793392,"MS"
1962,8.716164,2.587414,"MS"
1963,8.855084,2.31205,"MS"
1964,9.0022,1.699848,"MS"
1965,8.98033,2.129021,"MS"
1966,8.87065,2.962213,"MS"
1967,8.82227,3.48958,"MS"
1968,8.924091,3.245749,"MS"
1969,8.815127,4.012227,"MS"
1970,8.892595,3.795543,"MS"
1971,8.916552,3.87454,"MS"
1972,8.962029,4.051065,"MS"
1973,8.98918,4.207926,"MS"
1974,8.967238,4.223046,"MS"
1975,9.094337,3.504281,"MS"
1976,9.08529,3.873081,"MS"
1977,9.062258,4.161596,"MS"
1978,9.117182,4.007869,"MS"
1979,9.185696,3.718152,"MS"
1980,9.160793,3.590193,"MS"
1981,9.217289,3.381271,"MS"
1982,9.233646,3.242927,"MS"
1983,9.317494,2.867188,"MS"
1984,9.34217,2.982306,"MS"
1985,9.406135,2.737417,"MS"
1986,9.463093,2.518673,"MS"
1987,9.520186,2.351913,"MS"
1988,9.573241,2.22693,"MS"
1989,9.617573,2.15796,"MS"
1990,9.651704,1.965375,"MS"
1991,9.69146,1.796036,"MS"
1992,9.772242,1.561522,"MS"
1993,9.830765,1.379066,"MS"
1994,9.811848,1.687288,"MS"
1995,9.795193,1.828055,"MS"
1996,9.859906,1.615286,"MS"
1997,9.894577,1.545076,"MS"
1998,9.918756,1.621957,"MS"
1999,9.929326,1.609874,"MS"
2000,9.878832,1.934652,"MS"
2001,9.893543,2.004752,"MS"
2002,9.882232,2.051754,"MS"
2003,9.890932,2.073793,"MS"
2004,9.938631,1.974602,"MS"
2005,9.953618,2.068095,"MS"
2006,9.966827,2.019238,"MS"
2007,9.990569,2.085137,"MS"
2008,10.01863,1.963511,"MS"
2009,10.04916,1.654549,"MS"
2010,10.04478,1.717262,"MS"
2011,10.04478,1.717262,"MS"
2012,10.04478,1.717262,"MS"
1940,8.88082,1.238685,"MT"
1941,,,"MT"
1942,,,"MT"
1943,,,"MT"
1944,,,"MT"
1945,,,"MT"
1946,,,"MT"
1947,,,"MT"
1948,,,"MT"
1949,8.974443,2.695932,"MT"
1950,8.829927,4.172907,"MT"
1951,8.662632,5.066614,"MT"
1952,8.620909,5.220361,"MT"
1953,8.559875,5.454402,"MT"
1954,8.731331,4.453235,"MT"
1955,8.973433,3.602681,"MT"
1956,8.96628,3.658366,"MT"
1957,9.002997,3.450975,"MT"
1958,9.025672,3.404975,"MT"
1959,9.070286,3.014493,"MT"
1960,9.128557,2.766051,"MT"
1961,9.303119,1.710105,"MT"
1962,9.437094,1.781588,"MT"
1963,9.622004,.7116556,"MT"
1964,9.632945,.664382,"MT"
1965,9.630783,.957408,"MT"
1966,9.629908,1.163735,"MT"
1967,9.617085,1.211438,"MT"
1968,9.64239,1.136789,"MT"
1969,9.51363,2.098007,"MT"
1970,9.664509,1.542511,"MT"
1971,9.675955,1.494517,"MT"
1972,9.664981,2.080345,"MT"
1973,9.650755,2.545896,"MT"
1974,9.621978,2.521095,"MT"
1975,9.69397,2.124271,"MT"
1976,9.697953,2.146916,"MT"
1977,9.693192,2.183919,"MT"
1978,9.706667,2.475033,"MT"
1979,9.673184,2.444353,"MT"
1980,9.681767,2.259645,"MT"
1981,9.64514,2.55002,"MT"
1982,9.793411,1.721802,"MT"
1983,9.764335,1.905503,"MT"
1984,9.765821,1.935296,"MT"
1985,9.822265,1.539783,"MT"
1986,9.862655,1.489692,"MT"
1987,9.859373,1.524696,"MT"
1988,9.869748,1.420612,"MT"
1989,9.933231,1.345944,"MT"
1990,9.973011,1.143603,"MT"
1991,9.974858,1.214619,"MT"
1992,10.08105,.7192469,"MT"
1993,10.15993,.4451704,"MT"
1994,10.1262,.5440712,"MT"
1995,10.11882,.5936241,"MT"
1996,10.12734,.5947351,"MT"
1997,10.12998,.664506,"MT"
1998,10.20167,.5726719,"MT"
1999,10.16206,.796237,"MT"
2000,10.1337,1.083221,"MT"
2001,10.15514,1.210556,"MT"
2002,10.13777,1.287899,"MT"
2003,10.14544,1.380682,"MT"
2004,10.15288,1.532221,"MT"
2005,10.13022,1.753263,"MT"
2006,10.16059,1.726546,"MT"
2007,10.16431,1.863227,"MT"
2008,10.15387,1.945305,"MT"
2009,10.20242,1.470032,"MT"
2010,10.20173,1.541595,"MT"
2011,10.20173,1.541595,"MT"
2012,10.20173,1.541595,"MT"
1940,8.310798,1.27975,"NC"
1941,,,"NC"
1942,,,"NC"
1943,,,"NC"
1944,,,"NC"
1945,,,"NC"
1946,,,"NC"
1947,,,"NC"
1948,,,"NC"
1949,8.383982,3.746767,"NC"
1950,8.278443,4.751968,"NC"
1951,8.209309,5.233212,"NC"
1952,8.027,6.203775,"NC"
1953,8.18113,5.569487,"NC"
1954,8.34722,4.785752,"NC"
1955,8.404276,4.800797,"NC"
1956,8.483157,4.580293,"NC"
1957,8.536819,4.101653,"NC"
1958,8.459441,4.618616,"NC"
1959,8.543216,4.407945,"NC"
1960,8.566748,4.359689,"NC"
1961,8.78413,3.401999,"NC"
1962,8.985824,2.653785,"NC"
1963,9.121098,2.128391,"NC"
1964,9.201858,2.00161,"NC"
1965,9.251099,1.991181,"NC"
1966,9.219809,2.495289,"NC"
1967,9.122516,3.167758,"NC"
1968,9.153782,3.240919,"NC"
1969,9.133335,3.606815,"NC"
1970,9.228837,3.210955,"NC"
1971,9.255951,3.197207,"NC"
1972,9.267756,3.507299,"NC"
1973,9.295028,3.631673,"NC"
1974,9.304371,3.480992,"NC"
1975,9.364435,3.065524,"NC"
1976,9.399216,3.11317,"NC"
1977,9.35715,3.40445,"NC"
1978,9.383164,3.459263,"NC"
1979,9.424805,3.178234,"NC"
1980,9.438685,2.978077,"NC"
1981,9.46453,2.912116,"NC"
1982,9.516581,2.654614,"NC"
1983,9.546776,2.736254,"NC"
1984,9.60218,2.819395,"NC"
1985,9.649335,2.745376,"NC"
1986,9.718866,2.614293,"NC"
1987,9.756067,2.556067,"NC"
1988,9.801966,2.495799,"NC"
1989,9.854698,2.346935,"NC"
1990,9.871028,2.222257,"NC"
1991,9.895392,2.036715,"NC"
1992,9.969215,1.84607,"NC"
1993,10.02136,1.649923,"NC"
1994,10.00057,1.857147,"NC"
1995,9.97754,2.065763,"NC"
1996,10.02185,1.946607,"NC"
1997,10.03804,2.016187,"NC"
1998,10.07502,2.029495,"NC"
1999,10.06045,2.191663,"NC"
2000,10.0343,2.448516,"NC"
2001,10.04695,2.32542,"NC"
2002,10.0475,2.256408,"NC"
2003,10.09403,1.999297,"NC"
2004,10.16606,1.803985,"NC"
2005,10.19841,1.724353,"NC"
2006,10.24172,1.537356,"NC"
2007,10.26728,1.510653,"NC"
2008,10.30113,1.270723,"NC"
2009,10.32409,.9207201,"NC"
2010,10.31548,.9599447,"NC"
2011,10.31548,.9599447,"NC"
2012,10.31548,.9599447,"NC"
1940,8.562901,.4330921,"ND"
1941,,,"ND"
1942,,,"ND"
1943,,,"ND"
1944,,,"ND"
1945,,,"ND"
1946,,,"ND"
1947,,,"ND"
1948,,,"ND"
1949,8.522074,4.263902,"ND"
1950,8.342972,5.7095,"ND"
1951,7.972888,7.493298,"ND"
1952,7.987845,6.852763,"ND"
1953,7.872237,7.46105,"ND"
1954,8.045261,6.66626,"ND"
1955,8.408963,5.334778,"ND"
1956,8.263627,6.210904,"ND"
1957,8.54007,4.800181,"ND"
1958,8.422113,6.016755,"ND"
1959,8.551174,4.828091,"ND"
1960,8.64952,4.659934,"ND"
1961,8.995637,2.342815,"ND"
1962,9.125126,3.391719,"ND"
1963,9.439395,1.310935,"ND"
1964,9.486311,.9349108,"ND"
1965,9.47707,1.663613,"ND"
1966,9.438864,1.784625,"ND"
1967,9.611433,.9404564,"ND"
1968,9.535205,1.360416,"ND"
1969,9.374854,2.486148,"ND"
1970,9.484872,1.907024,"ND"
1971,9.471547,2.417088,"ND"
1972,9.358397,3.684597,"ND"
1973,9.364447,5.059118,"ND"
1974,9.378513,4.407659,"ND"
1975,9.475919,3.686519,"ND"
1976,9.505808,3.111072,"ND"
1977,9.500106,2.995119,"ND"
1978,9.625464,3.160753,"ND"
1979,9.516792,3.285766,"ND"
1980,9.581507,2.084093,"ND"
1981,9.4642,3.509789,"ND"
1982,9.80347,1.847692,"ND"
1983,9.701582,2.380962,"ND"
1984,9.673293,2.670541,"ND"
1985,9.809793,1.996908,"ND"
1986,9.795789,2.090297,"ND"
1987,9.799524,2.104311,"ND"
1988,9.807288,1.50599,"ND"
1989,9.872084,1.58329,"ND"
1990,9.866277,1.843929,"ND"
1991,9.954965,1.28849,"ND"
1992,10.09532,.8741617,"ND"
1993,10.37627,-.6621075,"ND"
1994,10.26005,.1889515,"ND"
1995,10.21322,.2435255,"ND"
1996,10.12802,1.089587,"ND"
1997,10.09913,1.019554,"ND"
1998,10.25762,.6779194,"ND"
1999,10.17395,1.05669,"ND"
2000,9.998325,2.19543,"ND"
2001,10.16616,1.404309,"ND"
2002,10.17301,1.400938,"ND"
2003,10.17777,1.671977,"ND"
2004,10.2074,1.505351,"ND"
2005,10.20917,1.653242,"ND"
2006,10.21385,1.607471,"ND"
2007,10.22039,1.948934,"ND"
2008,10.10849,2.908516,"ND"
2009,10.18874,2.349405,"ND"
2010,10.23506,2.367015,"ND"
2011,10.23506,2.367015,"ND"
2012,10.23506,2.367015,"ND"
1940,8.762775,.5641842,"NE"
1941,,,"NE"
1942,,,"NE"
1943,,,"NE"
1944,,,"NE"
1945,,,"NE"
1946,,,"NE"
1947,,,"NE"
1948,,,"NE"
1949,8.963673,2.533097,"NE"
1950,8.851654,3.790302,"NE"
1951,8.723788,4.297719,"NE"
1952,8.524421,5.568347,"NE"
1953,8.473477,5.515924,"NE"
1954,8.407845,6.045251,"NE"
1955,8.815043,3.707433,"NE"
1956,8.775121,3.916531,"NE"
1957,8.787615,4.445896,"NE"
1958,8.778455,4.631886,"NE"
1959,8.785127,4.548526,"NE"
1960,8.875612,4.254122,"NE"
1961,9.046732,3.354878,"NE"
1962,9.343976,2.175055,"NE"
1963,9.502303,1.410975,"NE"
1964,9.55405,1.192451,"NE"
1965,9.613515,1.332951,"NE"
1966,9.530961,2.02867,"NE"
1967,9.464114,2.380877,"NE"
1968,9.586984,1.845117,"NE"
1969,9.470292,2.718105,"NE"
1970,9.609715,2.043977,"NE"
1971,9.583332,2.374215,"NE"
1972,9.63809,2.411652,"NE"
1973,9.576662,3.169665,"NE"
1974,9.616896,2.624965,"NE"
1975,9.55653,3.118296,"NE"
1976,9.558427,3.036714,"NE"
1977,9.676794,2.51513,"NE"
1978,9.704832,2.723503,"NE"
1979,9.694832,2.605577,"NE"
1980,9.726437,2.100625,"NE"
1981,9.717708,2.376075,"NE"
1982,9.778987,2.127175,"NE"
1983,9.784498,2.109685,"NE"
1984,9.792541,2.379365,"NE"
1985,9.880105,2.033911,"NE"
1986,9.936695,1.828809,"NE"
1987,9.940289,1.876793,"NE"
1988,9.956007,1.909323,"NE"
1989,10.01391,1.652112,"NE"
1990,10.01851,1.699476,"NE"
1991,10.05818,1.452694,"NE"
1992,10.12042,1.225162,"NE"
1993,10.2106,.7372618,"NE"
1994,10.14189,1.245017,"NE"
1995,10.18019,1.142664,"NE"
1996,10.16577,1.471653,"NE"
1997,10.17982,1.392994,"NE"
1998,10.24953,1.26595,"NE"
1999,10.21595,1.543574,"NE"
2000,10.14656,2.008214,"NE"
2001,10.19292,1.851664,"NE"
2002,10.20442,1.779323,"NE"
2003,10.20644,1.942258,"NE"
2004,10.26841,1.704602,"NE"
2005,10.28689,1.614442,"NE"
2006,10.30246,1.533008,"NE"
2007,10.31565,1.699338,"NE"
2008,10.33787,1.698599,"NE"
2009,10.34434,1.445374,"NE"
2010,10.35841,1.375275,"NE"
2011,10.35841,1.375275,"NE"
2012,10.35841,1.375275,"NE"
1940,8.927641,1.154332,"NH"
1941,,,"NH"
1942,,,"NH"
1943,,,"NH"
1944,,,"NH"
1945,,,"NH"
1946,,,"NH"
1947,,,"NH"
1948,,,"NH"
1949,9.125454,1.408806,"NH"
1950,9.088861,1.819263,"NH"
1951,9.036757,2.268138,"NH"
1952,8.872942,3.219709,"NH"
1953,8.901647,3.273263,"NH"
1954,9.005554,2.864742,"NH"
1955,9.030841,3.116512,"NH"
1956,9.090475,2.938375,"NH"
1957,9.106278,2.969341,"NH"
1958,9.066866,3.039718,"NH"
1959,9.132891,2.961636,"NH"
1960,9.158507,2.914772,"NH"
1961,9.3095,2.293591,"NH"
1962,9.389119,2.081127,"NH"
1963,9.46807,1.687799,"NH"
1964,9.52783,1.573977,"NH"
1965,9.558413,1.629848,"NH"
1966,9.510506,2.171178,"NH"
1967,9.430655,2.743812,"NH"
1968,9.41276,3.046474,"NH"
1969,9.407215,3.271546,"NH"
1970,9.452714,2.94579,"NH"
1971,9.490384,2.804484,"NH"
1972,9.516884,2.890558,"NH"
1973,9.556299,2.8794,"NH"
1974,9.578503,2.639279,"NH"
1975,9.654143,2.137184,"NH"
1976,9.67815,2.28426,"NH"
1977,9.700147,2.329493,"NH"
1978,9.674809,2.683225,"NH"
1979,9.725218,2.476625,"NH"
1980,9.741462,2.373648,"NH"
1981,9.768218,2.311826,"NH"
1982,9.805345,2.260299,"NH"
1983,9.80563,2.515421,"NH"
1984,9.842626,2.643991,"NH"
1985,9.884382,2.661629,"NH"
1986,9.944741,2.623591,"NH"
1987,9.979418,2.634764,"NH"
1988,10.02205,2.558904,"NH"
1989,10.06152,2.347088,"NH"
1990,10.04187,2.182436,"NH"
1991,10.05128,2.127876,"NH"
1992,10.095,1.948581,"NH"
1993,10.13218,1.717234,"NH"
1994,10.10636,2.009478,"NH"
1995,10.08158,2.24195,"NH"
1996,10.135,2.179785,"NH"
1997,10.16605,2.076578,"NH"
1998,10.21145,2.142735,"NH"
1999,10.22054,2.214031,"NH"
2000,10.21619,2.541614,"NH"
2001,10.23058,2.431397,"NH"
2002,10.2574,2.279582,"NH"
2003,10.30871,1.991639,"NH"
2004,10.37142,1.84258,"NH"
2005,10.41671,1.576004,"NH"
2006,10.46946,1.439037,"NH"
2007,10.50637,1.376796,"NH"
2008,10.53384,1.168714,"NH"
2009,10.53094,.9795332,"NH"
2010,10.47836,1.245794,"NH"
2011,10.47836,1.245794,"NH"
2012,10.47836,1.245794,"NH"
1940,9.140369,1.839557,"NJ"
1941,,,"NJ"
1942,,,"NJ"
1943,,,"NJ"
1944,,,"NJ"
1945,,,"NJ"
1946,,,"NJ"
1947,,,"NJ"
1948,,,"NJ"
1949,9.420703,1.172757,"NJ"
1950,9.364056,1.918359,"NJ"
1951,9.318975,2.29147,"NJ"
1952,9.197125,3.081355,"NJ"
1953,9.134851,3.625841,"NJ"
1954,9.19486,3.255892,"NJ"
1955,9.259801,3.130989,"NJ"
1956,9.369402,2.824779,"NJ"
1957,9.385849,2.784491,"NJ"
1958,9.338598,2.67118,"NJ"
1959,9.424795,2.462196,"NJ"
1960,9.508281,2.149487,"NJ"
1961,9.612207,1.695256,"NJ"
1962,9.706954,1.448388,"NJ"
1963,9.850962,.7849264,"NJ"
1964,9.917634,.6397629,"NJ"
1965,9.912956,.8635759,"NJ"
1966,9.793534,1.657796,"NJ"
1967,9.68736,2.355986,"NJ"
1968,9.658616,2.70988,"NJ"
1969,9.655254,2.949672,"NJ"
1970,9.747727,2.5453,"NJ"
1971,9.777269,2.484741,"NJ"
1972,9.813396,2.523022,"NJ"
1973,9.860019,2.433825,"NJ"
1974,9.846039,2.405276,"NJ"
1975,9.885999,2.129607,"NJ"
1976,9.934358,2.046533,"NJ"
1977,9.942747,2.14798,"NJ"
1978,9.872834,2.64925,"NJ"
1979,9.917234,2.40335,"NJ"
1980,9.938178,2.257719,"NJ"
1981,9.951259,2.23341,"NJ"
1982,9.996632,2.082295,"NJ"
1983,10.00795,2.222896,"NJ"
1984,10.04559,2.292466,"NJ"
1985,10.08567,2.229843,"NJ"
1986,10.12509,2.230144,"NJ"
1987,10.15856,2.229576,"NJ"
1988,10.20059,2.25091,"NJ"
1989,10.24519,2.11988,"NJ"
1990,10.25679,2.034092,"NJ"
1991,10.27422,1.822214,"NJ"
1992,10.318,1.752219,"NJ"
1993,10.34678,1.560545,"NJ"
1994,10.32709,1.678581,"NJ"
1995,10.31192,1.867151,"NJ"
1996,10.34366,1.829786,"NJ"
1997,10.37234,1.845179,"NJ"
1998,10.40268,1.899724,"NJ"
1999,10.3979,1.97938,"NJ"
2000,10.38972,2.30207,"NJ"
2001,10.39794,2.244301,"NJ"
2002,10.41309,2.127957,"NJ"
2003,10.45253,1.878686,"NJ"
2004,10.50408,1.752744,"NJ"
2005,10.53164,1.651745,"NJ"
2006,10.57112,1.655269,"NJ"
2007,10.60447,1.667852,"NJ"
2008,10.65077,1.409616,"NJ"
2009,10.66916,1.064358,"NJ"
2010,10.66361,1.121349,"NJ"
2011,10.66361,1.121349,"NJ"
2012,10.66361,1.121349,"NJ"
1940,8.608494,.5546093,"NM"
1941,,,"NM"
1942,,,"NM"
1943,,,"NM"
1944,,,"NM"
1945,,,"NM"
1946,,,"NM"
1947,,,"NM"
1948,,,"NM"
1949,8.59278,3.552642,"NM"
1950,8.416886,4.626293,"NM"
1951,8.361216,5.089798,"NM"
1952,8.143953,6.358604,"NM"
1953,8.206583,6.08202,"NM"
1954,8.336604,5.454512,"NM"
1955,8.488639,4.982786,"NM"
1956,8.631375,4.466825,"NM"
1957,8.651731,4.526629,"NM"
1958,8.601684,4.929414,"NM"
1959,8.669884,4.736185,"NM"
1960,8.719416,4.365969,"NM"
1961,8.899217,3.586402,"NM"
1962,9.093284,2.684951,"NM"
1963,9.231814,2.038827,"NM"
1964,9.345037,1.596661,"NM"
1965,9.390658,1.548414,"NM"
1966,9.293487,2.179747,"NM"
1967,9.241404,2.504559,"NM"
1968,9.26911,2.581582,"NM"
1969,9.303308,2.546821,"NM"
1970,9.342145,2.51399,"NM"
1971,9.379175,2.45904,"NM"
1972,9.415674,2.582316,"NM"
1973,9.422987,2.71606,"NM"
1974,9.427506,2.668834,"NM"
1975,9.485196,2.463789,"NM"
1976,9.52474,2.430406,"NM"
1977,9.557056,2.419748,"NM"
1978,9.587566,2.480264,"NM"
1979,9.617121,2.313299,"NM"
1980,9.592609,2.297792,"NM"
1981,9.616497,2.230239,"NM"
1982,9.630274,2.190895,"NM"
1983,9.63958,2.240596,"NM"
1984,9.66437,2.274218,"NM"
1985,9.700341,2.232547,"NM"
1986,9.729436,2.101698,"NM"
1987,9.742315,2.027407,"NM"
1988,9.785426,1.837244,"NM"
1989,9.812673,1.752906,"NM"
1990,9.844943,1.610794,"NM"
1991,9.870983,1.522617,"NM"
1992,9.932137,1.28305,"NM"
1993,9.966199,1.199079,"NM"
1994,9.961273,1.308117,"NM"
1995,9.977954,1.317096,"NM"
1996,10.01082,1.184659,"NM"
1997,10.04101,1.093197,"NM"
1998,10.08362,1.068783,"NM"
1999,10.07978,1.07336,"NM"
2000,10.05217,1.336856,"NM"
2001,10.06254,1.567016,"NM"
2002,10.06845,1.504593,"NM"
2003,10.0877,1.426463,"NM"
2004,10.11921,1.449156,"NM"
2005,10.14685,1.442537,"NM"
2006,10.14978,1.499071,"NM"
2007,10.1478,1.64319,"NM"
2008,10.15287,1.689057,"NM"
2009,10.16325,1.467085,"NM"
2010,10.1671,1.466374,"NM"
2011,10.1671,1.466374,"NM"
2012,10.1671,1.466374,"NM"
1940,9.289457,1.518345,"NV"
1941,,,"NV"
1942,,,"NV"
1943,,,"NV"
1944,,,"NV"
1945,,,"NV"
1946,,,"NV"
1947,,,"NV"
1948,,,"NV"
1949,9.362513,1.960378,"NV"
1950,9.33963,2.537751,"NV"
1951,9.205286,3.360443,"NV"
1952,9.131845,4.036236,"NV"
1953,9.07484,4.380388,"NV"
1954,9.158993,3.855376,"NV"
1955,9.31238,3.338456,"NV"
1956,9.536221,2.074151,"NV"
1957,9.413447,2.671585,"NV"
1958,9.447326,2.48383,"NV"
1959,9.560149,2.174354,"NV"
1960,9.593126,2.176061,"NV"
1961,9.637813,2.014213,"NV"
1962,9.99483,.5550098,"NV"
1963,9.904256,.9304714,"NV"
1964,9.867401,1.116357,"NV"
1965,9.927944,.8719778,"NV"
1966,9.932311,.9618282,"NV"
1967,9.802932,1.724038,"NV"
1968,9.719818,2.510562,"NV"
1969,9.754588,2.485666,"NV"
1970,9.84718,2.169337,"NV"
1971,9.877375,2.085786,"NV"
1972,9.939093,1.930671,"NV"
1973,9.950917,2.033634,"NV"
1974,9.930068,1.922188,"NV"
1975,9.980071,1.642723,"NV"
1976,9.951051,1.983333,"NV"
1977,9.947764,2.170296,"NV"
1978,9.944092,2.481046,"NV"
1979,9.99502,2.141824,"NV"
1980,10.02834,1.808462,"NV"
1981,10.04066,1.679254,"NV"
1982,10.10583,1.206641,"NV"
1983,10.09035,1.311841,"NV"
1984,10.09067,1.419768,"NV"
1985,10.10234,1.457872,"NV"
1986,10.12468,1.472044,"NV"
1987,10.14774,1.397734,"NV"
1988,10.22193,1.209502,"NV"
1989,10.25172,1.124506,"NV"
1990,10.28105,.9383106,"NV"
1991,10.29453,.8448839,"NV"
1992,10.32523,.8516788,"NV"
1993,10.35764,.7053518,"NV"
1994,10.31451,1.02139,"NV"
1995,10.30862,1.120539,"NV"
1996,10.34772,1.038613,"NV"
1997,10.38182,.9193707,"NV"
1998,10.4403,.8200741,"NV"
1999,10.42338,.971365,"NV"
2000,10.39003,1.191893,"NV"
2001,10.37651,1.142983,"NV"
2002,10.34716,1.224155,"NV"
2003,10.35272,1.286306,"NV"
2004,10.37463,1.455231,"NV"
2005,10.39391,1.589251,"NV"
2006,10.41909,1.402135,"NV"
2007,10.42729,1.396475,"NV"
2008,10.46383,.9981108,"NV"
2009,10.47662,.4995012,"NV"
2010,10.46871,.463891,"NV"
2011,10.46871,.463891,"NV"
2012,10.46871,.463891,"NV"
1940,9.373908,.9511471,"NY"
1941,,,"NY"
1942,,,"NY"
1943,,,"NY"
1944,,,"NY"
1945,,,"NY"
1946,,,"NY"
1947,,,"NY"
1948,,,"NY"
1949,9.645066,.347929,"NY"
1950,9.562512,1.061616,"NY"
1951,9.495588,1.398501,"NY"
1952,9.336304,2.233133,"NY"
1953,9.311852,2.524467,"NY"
1954,9.363565,2.301435,"NY"
1955,9.402528,2.395234,"NY"
1956,9.499689,2.096109,"NY"
1957,9.49852,2.154131,"NY"
1958,9.460536,2.340555,"NY"
1959,9.518954,2.283969,"NY"
1960,9.564137,2.146297,"NY"
1961,9.650573,1.80685,"NY"
1962,9.707047,1.672301,"NY"
1963,9.817192,1.207161,"NY"
1964,9.905527,.9960175,"NY"
1965,9.95049,.9443998,"NY"
1966,9.899327,1.384654,"NY"
1967,9.780395,2.184505,"NY"
1968,9.728055,2.693725,"NY"
1969,9.714652,2.732401,"NY"
1970,9.774836,2.466555,"NY"
1971,9.775289,2.546382,"NY"
1972,9.78293,2.688985,"NY"
1973,9.816746,2.596602,"NY"
1974,9.823853,2.449412,"NY"
1975,9.881575,2.092605,"NY"
1976,9.918911,1.972089,"NY"
1977,9.929346,2.030053,"NY"
1978,9.928647,2.134495,"NY"
1979,9.975748,1.837192,"NY"
1980,9.993397,1.676979,"NY"
1981,10.01194,1.642222,"NY"
1982,10.04151,1.610546,"NY"
1983,10.05862,1.709814,"NY"
1984,10.10473,1.754999,"NY"
1985,10.13937,1.725426,"NY"
1986,10.17626,1.758828,"NY"
1987,10.2173,1.685658,"NY"
1988,10.2668,1.674442,"NY"
1989,10.26113,1.812844,"NY"
1990,10.26815,1.843204,"NY"
1991,10.28456,1.549821,"NY"
1992,10.32073,1.429052,"NY"
1993,10.33607,1.284423,"NY"
1994,10.31374,1.410708,"NY"
1995,10.3001,1.584773,"NY"
1996,10.31333,1.623402,"NY"
1997,10.33536,1.658826,"NY"
1998,10.35555,1.709146,"NY"
1999,10.34319,1.850581,"NY"
2000,10.32879,2.054348,"NY"
2001,10.34039,1.977787,"NY"
2002,10.36362,1.779256,"NY"
2003,10.40059,1.595516,"NY"
2004,10.45573,1.544299,"NY"
2005,10.48446,1.561427,"NY"
2006,10.52802,1.552091,"NY"
2007,10.55443,1.672978,"NY"
2008,10.60169,1.38308,"NY"
2009,10.6237,.9935474,"NY"
2010,10.63679,.9826374,"NY"
2011,10.63679,.9826374,"NY"
2012,10.63679,.9826374,"NY"
1940,9.000886,1.428828,"OH"
1941,,,"OH"
1942,,,"OH"
1943,,,"OH"
1944,,,"OH"
1945,,,"OH"
1946,,,"OH"
1947,,,"OH"
1948,,,"OH"
1949,9.242726,1.499767,"OH"
1950,9.114642,2.583985,"OH"
1951,9.04413,3.221426,"OH"
1952,8.810427,4.510303,"OH"
1953,8.82297,4.687066,"OH"
1954,8.958979,3.821106,"OH"
1955,9.063669,3.620586,"OH"
1956,9.189287,3.143716,"OH"
1957,9.241116,2.856779,"OH"
1958,9.117636,3.189421,"OH"
1959,9.224653,2.919097,"OH"
1960,9.286652,2.692637,"OH"
1961,9.4583,1.814389,"OH"
1962,9.572404,1.420116,"OH"
1963,9.719146,.7951641,"OH"
1964,9.748073,.8663845,"OH"
1965,9.746437,1.132908,"OH"
1966,9.640353,1.89919,"OH"
1967,9.572284,2.2856,"OH"
1968,9.587937,2.444668,"OH"
1969,9.54268,2.811174,"OH"
1970,9.631439,2.309947,"OH"
1971,9.688416,2.088933,"OH"
1972,9.712487,2.216825,"OH"
1973,9.760384,2.203069,"OH"
1974,9.7232,2.336788,"OH"
1975,9.787786,1.896162,"OH"
1976,9.81803,1.970501,"OH"
1977,9.812471,2.20407,"OH"
1978,9.75552,2.625461,"OH"
1979,9.808473,2.332592,"OH"
1980,9.825179,2.059126,"OH"
1981,9.821177,2.018218,"OH"
1982,9.856427,1.787925,"OH"
1983,9.878179,1.81828,"OH"
1984,9.92135,1.885266,"OH"
1985,9.973019,1.745119,"OH"
1986,10.02019,1.631513,"OH"
1987,10.0294,1.622252,"OH"
1988,10.07687,1.500244,"OH"
1989,10.10491,1.452985,"OH"
1990,10.09343,1.513381,"OH"
1991,10.1062,1.342945,"OH"
1992,10.15585,1.205812,"OH"
1993,10.201,.9925175,"OH"
1994,10.19056,1.18721,"OH"
1995,10.16702,1.352906,"OH"
1996,10.21213,1.174974,"OH"
1997,10.25329,1.137795,"OH"
1998,10.28061,1.217537,"OH"
1999,10.27499,1.299343,"OH"
2000,10.237,1.574316,"OH"
2001,10.22482,1.595063,"OH"
2002,10.21401,1.667728,"OH"
2003,10.24183,1.551867,"OH"
2004,10.2984,1.319628,"OH"
2005,10.32204,1.1902,"OH"
2006,10.34649,1.107798,"OH"
2007,10.35385,1.138082,"OH"
2008,10.37692,.9821415,"OH"
2009,10.39551,.7133293,"OH"
2010,10.3961,.7258463,"OH"
2011,10.3961,.7258463,"OH"
2012,10.3961,.7258463,"OH"
1940,8.663625,.2346373,"OK"
1941,,,"OK"
1942,,,"OK"
1943,,,"OK"
1944,,,"OK"
1945,,,"OK"
1946,,,"OK"
1947,,,"OK"
1948,,,"OK"
1949,8.706986,3.088799,"OK"
1950,8.523482,3.853006,"OK"
1951,8.409321,4.64673,"OK"
1952,8.183617,6.094718,"OK"
1953,8.259789,5.940118,"OK"
1954,8.362453,5.330029,"OK"
1955,8.508185,4.811354,"OK"
1956,8.575132,4.662242,"OK"
1957,8.691152,4.105015,"OK"
1958,8.629923,4.678178,"OK"
1959,8.651389,4.695683,"OK"
1960,8.710552,4.47156,"OK"
1961,8.809318,3.998647,"OK"
1962,9.077074,2.720361,"OK"
1963,9.243446,1.965337,"OK"
1964,9.416759,1.365161,"OK"
1965,9.419016,1.632304,"OK"
1966,9.315707,2.324409,"OK"
1967,9.254827,2.838488,"OK"
1968,9.283998,2.920413,"OK"
1969,9.324746,2.90297,"OK"
1970,9.294084,3.184829,"OK"
1971,9.338667,3.074064,"OK"
1972,9.40256,2.99283,"OK"
1973,9.447812,3.050914,"OK"
1974,9.428459,3.110218,"OK"
1975,9.470456,2.958074,"OK"
1976,9.507581,2.912087,"OK"
1977,9.512155,3.049412,"OK"
1978,9.565558,2.972746,"OK"
1979,9.590526,2.97956,"OK"
1980,9.604864,2.886262,"OK"
1981,9.609047,3.088393,"OK"
1982,9.621146,3.112998,"OK"
1983,9.636514,2.844377,"OK"
1984,9.689791,2.728467,"OK"
1985,9.745477,2.489486,"OK"
1986,9.780589,2.275333,"OK"
1987,9.822524,1.939936,"OK"
1988,9.868081,1.766634,"OK"
1989,9.90534,1.694884,"OK"
1990,9.931049,1.586165,"OK"
1991,9.95348,1.377921,"OK"
1992,10.00113,1.238956,"OK"
1993,10.05799,.9508896,"OK"
1994,10.0505,1.042838,"OK"
1995,10.06207,.9913397,"OK"
1996,10.09,.9537554,"OK"
1997,10.12204,.9158993,"OK"
1998,10.16011,.8933496,"OK"
1999,10.18644,.8332682,"OK"
2000,10.18212,1.07935,"OK"
2001,10.22673,1.030674,"OK"
2002,10.24375,.8643055,"OK"
2003,10.20539,1.070924,"OK"
2004,10.23548,1.156416,"OK"
2005,10.24337,1.246972,"OK"
2006,10.23566,1.517553,"OK"
2007,10.21051,1.731858,"OK"
2008,10.22141,1.934929,"OK"
2009,10.24432,1.304259,"OK"
2010,10.24828,1.355457,"OK"
2011,10.24828,1.355457,"OK"
2012,10.24828,1.355457,"OK"
1940,9.052632,.7606697,"OR"
1941,,,"OR"
1942,,,"OR"
1943,,,"OR"
1944,,,"OR"
1945,,,"OR"
1946,,,"OR"
1947,,,"OR"
1948,,,"OR"
1949,9.093674,2.723632,"OR"
1950,9.021313,3.194165,"OR"
1951,8.931187,3.767414,"OR"
1952,8.745725,4.816279,"OR"
1953,8.741949,4.804015,"OR"
1954,8.91394,3.778501,"OR"
1955,8.942122,3.950014,"OR"
1956,9.102235,3.309078,"OR"
1957,9.08438,3.194256,"OR"
1958,9.058959,3.29659,"OR"
1959,9.144552,3.148732,"OR"
1960,9.204766,2.850389,"OR"
1961,9.449637,1.71504,"OR"
1962,9.65948,.8445168,"OR"
1963,9.812818,.1784039,"OR"
1964,9.801044,.4510307,"OR"
1965,9.754681,.9025717,"OR"
1966,9.688309,1.394906,"OR"
1967,9.638989,1.763101,"OR"
1968,9.652911,1.856561,"OR"
1969,9.6384,2.020869,"OR"
1970,9.660146,1.965265,"OR"
1971,9.684669,1.961117,"OR"
1972,9.708981,2.145348,"OR"
1973,9.702752,2.393661,"OR"
1974,9.669641,2.584171,"OR"
1975,9.732124,2.242737,"OR"
1976,9.76405,2.348771,"OR"
1977,9.723231,2.672982,"OR"
1978,9.718277,2.886858,"OR"
1979,9.774299,2.57031,"OR"
1980,9.774844,2.342691,"OR"
1981,9.792645,2.105818,"OR"
1982,9.828383,1.771226,"OR"
1983,9.848498,1.832008,"OR"
1984,9.891251,1.797004,"OR"
1985,9.935195,1.637936,"OR"
1986,9.96729,1.614795,"OR"
1987,9.99161,1.545091,"OR"
1988,10.02422,1.524353,"OR"
1989,10.04257,1.557941,"OR"
1990,10.0532,1.511154,"OR"
1991,10.07689,1.344519,"OR"
1992,10.13805,1.084805,"OR"
1993,10.18148,.9432125,"OR"
1994,10.18647,1.068377,"OR"
1995,10.18067,1.257615,"OR"
1996,10.2338,1.11002,"OR"
1997,10.25783,1.103601,"OR"
1998,10.29565,1.065655,"OR"
1999,10.28836,1.18144,"OR"
2000,10.24338,1.548262,"OR"
2001,10.21381,1.645851,"OR"
2002,10.18263,1.815939,"OR"
2003,10.2149,1.671963,"OR"
2004,10.25065,1.569409,"OR"
2005,10.26278,1.503644,"OR"
2006,10.29025,1.490612,"OR"
2007,10.30063,1.512036,"OR"
2008,10.32909,1.35776,"OR"
2009,10.35416,.9802628,"OR"
2010,10.35543,.9632826,"OR"
2011,10.35543,.9632826,"OR"
2012,10.35543,.9632826,"OR"
1940,9.052716,1.114435,"PA"
1941,,,"PA"
1942,,,"PA"
1943,,,"PA"
1944,,,"PA"
1945,,,"PA"
1946,,,"PA"
1947,,,"PA"
1948,,,"PA"
1949,9.246659,1.306767,"PA"
1950,9.190062,2.032499,"PA"
1951,9.111922,2.541623,"PA"
1952,8.928553,3.579669,"PA"
1953,8.907621,3.932848,"PA"
1954,9.019653,3.151555,"PA"
1955,9.069873,3.155837,"PA"
1956,9.203509,2.788682,"PA"
1957,9.225124,2.779117,"PA"
1958,9.123275,3.130445,"PA"
1959,9.203918,2.858558,"PA"
1960,9.275603,2.552209,"PA"
1961,9.402192,1.944442,"PA"
1962,9.501912,1.616969,"PA"
1963,9.629605,1.061301,"PA"
1964,9.700011,.9409952,"PA"
1965,9.701151,1.159019,"PA"
1966,9.624555,1.754513,"PA"
1967,9.54591,2.329335,"PA"
1968,9.519608,2.641654,"PA"
1969,9.508013,2.84534,"PA"
1970,9.596561,2.460732,"PA"
1971,9.620247,2.3912,"PA"
1972,9.644486,2.546659,"PA"
1973,9.694191,2.481761,"PA"
1974,9.649964,2.67519,"PA"
1975,9.70104,2.395377,"PA"
1976,9.761246,2.287898,"PA"
1977,9.780948,2.349591,"PA"
1978,9.749364,2.643137,"PA"
1979,9.775629,2.480655,"PA"
1980,9.786045,2.263837,"PA"
1981,9.79108,2.249732,"PA"
1982,9.825306,2.119169,"PA"
1983,9.841866,2.111807,"PA"
1984,9.88821,2.062459,"PA"
1985,9.932955,1.969709,"PA"
1986,9.975457,1.903405,"PA"
1987,10.01178,1.814713,"PA"
1988,10.04794,1.799035,"PA"
1989,10.07708,1.797309,"PA"
1990,10.08871,1.745954,"PA"
1991,10.09849,1.677136,"PA"
1992,10.15382,1.465511,"PA"
1993,10.19054,1.276126,"PA"
1994,10.185,1.336541,"PA"
1995,10.18012,1.412168,"PA"
1996,10.21883,1.316419,"PA"
1997,10.25087,1.279573,"PA"
1998,10.27799,1.407084,"PA"
1999,10.27176,1.505036,"PA"
2000,10.23881,1.80655,"PA"
2001,10.24103,1.748929,"PA"
2002,10.24914,1.751428,"PA"
2003,10.26423,1.69663,"PA"
2004,10.3007,1.627545,"PA"
2005,10.3269,1.50455,"PA"
2006,10.35614,1.479015,"PA"
2007,10.37472,1.539354,"PA"
2008,10.40775,1.383858,"PA"
2009,10.43654,1.082149,"PA"
2010,10.4379,1.093121,"PA"
2011,10.4379,1.093121,"PA"
2012,10.4379,1.093121,"PA"
1940,9.184119,1.182384,"RI"
1941,,,"RI"
1942,,,"RI"
1943,,,"RI"
1944,,,"RI"
1945,,,"RI"
1946,,,"RI"
1947,,,"RI"
1948,,,"RI"
1949,9.371747,.5951071,"RI"
1950,9.29192,1.535254,"RI"
1951,9.283368,1.706209,"RI"
1952,9.17657,2.282872,"RI"
1953,9.201367,2.369289,"RI"
1954,9.240924,2.107515,"RI"
1955,9.291322,2.167344,"RI"
1956,9.373675,1.786189,"RI"
1957,9.366064,1.726837,"RI"
1958,9.302825,2.072401,"RI"
1959,9.385407,1.899519,"RI"
1960,9.420596,1.757522,"RI"
1961,9.589283,1.072388,"RI"
1962,9.692193,.7792521,"RI"
1963,9.677511,.9762383,"RI"
1964,9.719186,.9714127,"RI"
1965,9.700275,1.308622,"RI"
1966,9.68535,1.649823,"RI"
1967,9.613371,2.21055,"RI"
1968,9.518394,2.85109,"RI"
1969,9.490768,2.988019,"RI"
1970,9.59897,2.484684,"RI"
1971,9.62461,2.365479,"RI"
1972,9.633144,2.533398,"RI"
1973,9.675225,2.378645,"RI"
1974,9.662427,2.335782,"RI"
1975,9.724791,2.001829,"RI"
1976,9.730913,2.141061,"RI"
1977,9.711432,2.352171,"RI"
1978,9.717305,2.409487,"RI"
1979,9.765311,2.166085,"RI"
1980,9.7721,2.13264,"RI"
1981,9.803761,2.018218,"RI"
1982,9.848043,1.860299,"RI"
1983,9.872759,1.93367,"RI"
1984,9.913468,1.995673,"RI"
1985,9.962,1.90064,"RI"
1986,10.01532,1.84454,"RI"
1987,10.05548,1.760807,"RI"
1988,10.08861,1.836481,"RI"
1989,10.08837,1.999283,"RI"
1990,10.09591,1.808634,"RI"
1991,10.09771,1.633897,"RI"
1992,10.13982,1.480627,"RI"
1993,10.15095,1.461396,"RI"
1994,10.12958,1.578436,"RI"
1995,10.12516,1.71659,"RI"
1996,10.15913,1.597614,"RI"
1997,10.18187,1.635389,"RI"
1998,10.1992,1.723232,"RI"
1999,10.19853,1.762891,"RI"
2000,10.19863,1.90414,"RI"
2001,10.2074,2.000046,"RI"
2002,10.2201,2.010088,"RI"
2003,10.25949,1.901217,"RI"
2004,10.3126,1.759267,"RI"
2005,10.34213,1.625867,"RI"
2006,10.38422,1.506944,"RI"
2007,10.40764,1.554122,"RI"
2008,10.45591,1.282134,"RI"
2009,10.48823,.9841681,"RI"
2010,10.45763,1.175342,"RI"
2011,10.45763,1.175342,"RI"
2012,10.45763,1.175342,"RI"
1940,8.256138,1.325593,"SC"
1941,,,"SC"
1942,,,"SC"
1943,,,"SC"
1944,,,"SC"
1945,,,"SC"
1946,,,"SC"
1947,,,"SC"
1948,,,"SC"
1949,8.180444,4.23739,"SC"
1950,8.092112,4.924755,"SC"
1951,8.021854,5.844855,"SC"
1952,7.864915,6.881487,"SC"
1953,8.012519,6.261115,"SC"
1954,8.168166,5.154257,"SC"
1955,8.239487,5.085297,"SC"
1956,8.342291,4.622846,"SC"
1957,8.364825,4.447665,"SC"
1958,8.297387,4.755116,"SC"
1959,8.411574,4.425735,"SC"
1960,8.521256,3.9535,"SC"
1961,8.720021,3.116822,"SC"
1962,8.940412,2.295251,"SC"
1963,9.05564,1.857724,"SC"
1964,9.158895,1.619124,"SC"
1965,9.164743,1.961017,"SC"
1966,9.116209,2.590785,"SC"
1967,8.998045,3.395596,"SC"
1968,9.059087,3.353281,"SC"
1969,9.027922,3.75031,"SC"
1970,9.077063,3.625088,"SC"
1971,9.190825,3.175278,"SC"
1972,9.241213,3.244543,"SC"
1973,9.264742,3.380857,"SC"
1974,9.199018,3.700509,"SC"
1975,9.256546,3.279881,"SC"
1976,9.26686,3.47404,"SC"
1977,9.254358,3.599668,"SC"
1978,9.24841,3.793344,"SC"
1979,9.296721,3.531775,"SC"
1980,9.311956,3.331041,"SC"
1981,9.343386,3.215446,"SC"
1982,9.399462,2.903504,"SC"
1983,9.427185,2.984195,"SC"
1984,9.482719,3.032026,"SC"
1985,9.556947,2.79283,"SC"
1986,9.634366,2.567611,"SC"
1987,9.677164,2.471018,"SC"
1988,9.729743,2.365761,"SC"
1989,9.777984,2.244887,"SC"
1990,9.80208,2.157941,"SC"
1991,9.825881,1.961174,"SC"
1992,9.890121,1.718445,"SC"
1993,9.940913,1.50207,"SC"
1994,9.939119,1.640677,"SC"
1995,9.912522,1.846223,"SC"
1996,9.961668,1.700177,"SC"
1997,9.974292,1.746488,"SC"
1998,10.00708,1.798739,"SC"
1999,10.00308,1.921349,"SC"
2000,9.978165,2.194586,"SC"
2001,9.986475,2.123294,"SC"
2002,9.980163,2.156038,"SC"
2003,10.02402,1.940665,"SC"
2004,10.08912,1.736393,"SC"
2005,10.11551,1.684022,"SC"
2006,10.14789,1.604438,"SC"
2007,10.17137,1.574783,"SC"
2008,10.2029,1.357212,"SC"
2009,10.22696,1.031656,"SC"
2010,10.23367,.9956121,"SC"
2011,10.23367,.9956121,"SC"
2012,10.23367,.9956121,"SC"
1940,8.729747,-.3151417,"SD"
1941,,,"SD"
1942,,,"SD"
1943,,,"SD"
1944,,,"SD"
1945,,,"SD"
1946,,,"SD"
1947,,,"SD"
1948,,,"SD"
1949,8.618957,3.306999,"SD"
1950,8.491321,4.611917,"SD"
1951,8.194206,6.503139,"SD"
1952,8.051826,6.51289,"SD"
1953,7.766289,8.333996,"SD"
1954,8.071019,6.832561,"SD"
1955,8.530301,4.133172,"SD"
1956,8.303944,5.475011,"SD"
1957,8.531167,5.013247,"SD"
1958,8.540403,5.030212,"SD"
1959,8.62787,3.96493,"SD"
1960,8.666718,4.624796,"SD"
1961,8.890859,3.409352,"SD"
1962,9.253662,2.124104,"SD"
1963,9.311446,1.572428,"SD"
1964,9.436502,.8146477,"SD"
1965,9.516681,.9992123,"SD"
1966,9.478031,1.508994,"SD"
1967,9.453094,1.643314,"SD"
1968,9.561625,1.264071,"SD"
1969,9.280356,2.846894,"SD"
1970,9.413704,2.306457,"SD"
1971,9.494834,2.093134,"SD"
1972,9.354403,3.323674,"SD"
1973,9.433088,3.807054,"SD"
1974,9.437531,3.27251,"SD"
1975,9.356936,3.715329,"SD"
1976,9.398946,3.131623,"SD"
1977,9.533816,2.772155,"SD"
1978,9.546446,3.040147,"SD"
1979,9.420856,3.624034,"SD"
1980,9.591678,2.133741,"SD"
1981,9.572729,2.515535,"SD"
1982,9.678483,1.964679,"SD"
1983,9.625932,2.240763,"SD"
1984,9.599431,2.76875,"SD"
1985,9.716523,2.125983,"SD"
1986,9.77983,1.945219,"SD"
1987,9.781757,2.022524,"SD"
1988,9.814439,1.842413,"SD"
1989,9.849735,1.79234,"SD"
1990,9.874995,1.865816,"SD"
1991,9.913461,1.647887,"SD"
1992,10.01914,1.283474,"SD"
1993,10.1945,.4004431,"SD"
1994,10.09203,1.118817,"SD"
1995,10.1,.9666538,"SD"
1996,10.02527,1.694651,"SD"
1997,10.08825,1.360726,"SD"
1998,10.15448,1.312866,"SD"
1999,10.14566,1.470098,"SD"
2000,10.01843,2.254486,"SD"
2001,10.07584,2.093205,"SD"
2002,10.07142,2.079263,"SD"
2003,10.07408,2.3668,"SD"
2004,10.15318,2.157431,"SD"
2005,10.14172,2.222757,"SD"
2006,10.16887,1.986961,"SD"
2007,10.18626,2.226877,"SD"
2008,10.18292,2.462831,"SD"
2009,10.2082,2.071805,"SD"
2010,10.24816,1.916332,"SD"
2011,10.24816,1.916332,"SD"
2012,10.24816,1.916332,"SD"
1940,8.329226,1.434507,"TN"
1941,,,"TN"
1942,,,"TN"
1943,,,"TN"
1944,,,"TN"
1945,,,"TN"
1946,,,"TN"
1947,,,"TN"
1948,,,"TN"
1949,8.51574,2.997947,"TN"
1950,8.390209,3.956265,"TN"
1951,8.319627,4.372745,"TN"
1952,8.083506,5.704341,"TN"
1953,8.169451,5.637918,"TN"
1954,8.324578,4.817877,"TN"
1955,8.383497,4.745326,"TN"
1956,8.511358,4.381719,"TN"
1957,8.569643,4.115343,"TN"
1958,8.481967,4.578452,"TN"
1959,8.534979,4.553313,"TN"
1960,8.616127,4.123392,"TN"
1961,8.819294,3.274078,"TN"
1962,8.969582,2.702351,"TN"
1963,9.172585,1.850262,"TN"
1964,9.325753,1.313949,"TN"
1965,9.356556,1.478143,"TN"
1966,9.229276,2.429409,"TN"
1967,9.115501,3.144741,"TN"
1968,9.115826,3.455491,"TN"
1969,9.11533,3.549681,"TN"
1970,9.181462,3.298221,"TN"
1971,9.194176,3.417401,"TN"
1972,9.224374,3.608298,"TN"
1973,9.297034,3.542619,"TN"
1974,9.288154,3.510489,"TN"
1975,9.332562,3.202834,"TN"
1976,9.387702,3.161364,"TN"
1977,9.392712,3.266711,"TN"
1978,9.397657,3.473291,"TN"
1979,9.445642,3.176847,"TN"
1980,9.440805,2.994266,"TN"
1981,9.47411,2.852068,"TN"
1982,9.510052,2.679672,"TN"
1983,9.542637,2.657495,"TN"
1984,9.588543,2.732964,"TN"
1985,9.652184,2.553668,"TN"
1986,9.715158,2.443223,"TN"
1987,9.74445,2.440109,"TN"
1988,9.806924,2.285633,"TN"
1989,9.825266,2.265196,"TN"
1990,9.841106,2.188139,"TN"
1991,9.877656,1.996789,"TN"
1992,9.946033,1.866193,"TN"
1993,10.00556,1.633406,"TN"
1994,9.990252,1.823988,"TN"
1995,9.973129,2.023525,"TN"
1996,10.01997,1.827059,"TN"
1997,10.04605,1.781554,"TN"
1998,10.09232,1.774278,"TN"
1999,10.08101,1.903796,"TN"
2000,10.03966,2.198639,"TN"
2001,10.04452,2.193131,"TN"
2002,10.04599,2.21704,"TN"
2003,10.07414,2.117305,"TN"
2004,10.13514,1.926618,"TN"
2005,10.16292,1.810379,"TN"
2006,10.2038,1.653252,"TN"
2007,10.23247,1.606421,"TN"
2008,10.26405,1.369443,"TN"
2009,10.27831,1.104536,"TN"
2010,10.27873,1.140471,"TN"
2011,10.27873,1.140471,"TN"
2012,10.27873,1.140471,"TN"
1940,8.729844,.7178688,"TX"
1941,,,"TX"
1942,,,"TX"
1943,,,"TX"
1944,,,"TX"
1945,,,"TX"
1946,,,"TX"
1947,,,"TX"
1948,,,"TX"
1949,8.75818,3.35547,"TX"
1950,8.632893,4.160824,"TX"
1951,8.556177,4.610353,"TX"
1952,8.390092,5.59401,"TX"
1953,8.407231,5.577197,"TX"
1954,8.516614,5.102396,"TX"
1955,8.600984,4.91118,"TX"
1956,8.720546,4.491773,"TX"
1957,8.802293,4.111195,"TX"
1958,8.788381,4.098425,"TX"
1959,8.83403,4.026942,"TX"
1960,8.873418,3.767061,"TX"
1961,9.012036,3.193831,"TX"
1962,9.218841,2.238059,"TX"
1963,9.43275,1.276846,"TX"
1964,9.517819,1.079144,"TX"
1965,9.508682,1.357393,"TX"
1966,9.41298,2.079186,"TX"
1967,9.366945,2.549305,"TX"
1968,9.345243,2.899642,"TX"
1969,9.429274,2.623854,"TX"
1970,9.465057,2.545614,"TX"
1971,9.478248,2.54921,"TX"
1972,9.508894,2.65521,"TX"
1973,9.522671,2.833624,"TX"
1974,9.537093,2.758369,"TX"
1975,9.58322,2.612472,"TX"
1976,9.6189,2.657666,"TX"
1977,9.624532,2.763848,"TX"
1978,9.608066,3.097591,"TX"
1979,9.639419,2.988873,"TX"
1980,9.62683,2.974377,"TX"
1981,9.650803,3.049254,"TX"
1982,9.666452,2.949162,"TX"
1983,9.688119,2.840185,"TX"
1984,9.733648,2.801471,"TX"
1985,9.780161,2.66058,"TX"
1986,9.828817,2.350802,"TX"
1987,9.876806,2.026153,"TX"
1988,9.925172,1.848345,"TX"
1989,9.954044,1.761508,"TX"
1990,9.97418,1.725602,"TX"
1991,9.98809,1.593494,"TX"
1992,10.03994,1.460333,"TX"
1993,10.0894,1.235394,"TX"
1994,10.08877,1.30126,"TX"
1995,10.10571,1.297197,"TX"
1996,10.15043,1.202722,"TX"
1997,10.1773,1.292095,"TX"
1998,10.22758,1.2813,"TX"
1999,10.23719,1.32175,"TX"
2000,10.22171,1.61778,"TX"
2001,10.26065,1.400504,"TX"
2002,10.25628,1.306162,"TX"
2003,10.25616,1.306238,"TX"
2004,10.29394,1.267738,"TX"
2005,10.31228,1.356969,"TX"
2006,10.29898,1.52987,"TX"
2007,10.28204,1.762147,"TX"
2008,10.29484,1.828046,"TX"
2009,10.30635,1.342483,"TX"
2010,10.3193,1.316433,"TX"
2011,10.3193,1.316433,"TX"
2012,10.3193,1.316433,"TX"
1940,8.761631,1.019506,"UT"
1941,,,"UT"
1942,,,"UT"
1943,,,"UT"
1944,,,"UT"
1945,,,"UT"
1946,,,"UT"
1947,,,"UT"
1948,,,"UT"
1949,8.899163,2.517152,"UT"
1950,8.818931,3.189611,"UT"
1951,8.626097,4.460893,"UT"
1952,8.527082,5.026665,"UT"
1953,8.555061,4.866796,"UT"
1954,8.57871,4.615426,"UT"
1955,8.77601,3.939176,"UT"
1956,8.931405,3.362856,"UT"
1957,8.861732,3.836203,"UT"
1958,8.87863,3.675237,"UT"
1959,8.923103,3.62793,"UT"
1960,8.965532,3.493371,"UT"
1961,9.129551,2.755809,"UT"
1962,9.421178,1.573114,"UT"
1963,9.609101,.6771135,"UT"
1964,9.520649,1.28036,"UT"
1965,9.564401,1.185737,"UT"
1966,9.457644,1.806211,"UT"
1967,9.396098,2.185669,"UT"
1968,9.3854,2.352896,"UT"
1969,9.402594,2.357507,"UT"
1970,9.456853,2.244892,"UT"
1971,9.518275,2.092762,"UT"
1972,9.532415,2.287259,"UT"
1973,9.52842,2.4227,"UT"
1974,9.501795,2.498894,"UT"
1975,9.563845,2.191072,"UT"
1976,9.603976,2.242708,"UT"
1977,9.628972,2.289867,"UT"
1978,9.613677,2.532082,"UT"
1979,9.648689,2.31596,"UT"
1980,9.664207,2.035809,"UT"
1981,9.680713,1.941857,"UT"
1982,9.735801,1.681614,"UT"
1983,9.744524,1.750164,"UT"
1984,9.776721,1.773577,"UT"
1985,9.801548,1.712632,"UT"
1986,9.818887,1.697364,"UT"
1987,9.833232,1.578469,"UT"
1988,9.855979,1.459737,"UT"
1989,9.874095,1.421475,"UT"
1990,9.905831,1.314425,"UT"
1991,9.936828,1.16168,"UT"
1992,9.989867,.9555864,"UT"
1993,10.01296,.9080458,"UT"
1994,10.00157,1.10744,"UT"
1995,10.00206,1.236053,"UT"
1996,10.05252,1.131763,"UT"
1997,10.08695,1.115685,"UT"
1998,10.12009,1.14749,"UT"
1999,10.11188,1.246762,"UT"
2000,10.07137,1.615429,"UT"
2001,10.06908,1.706481,"UT"
2002,10.07212,1.639352,"UT"
2003,10.09456,1.47193,"UT"
2004,10.13144,1.417775,"UT"
2005,10.14407,1.536679,"UT"
2006,10.15836,1.590972,"UT"
2007,10.14893,1.806135,"UT"
2008,10.14793,1.792126,"UT"
2009,10.15839,1.412325,"UT"
2010,10.16872,1.322336,"UT"
2011,10.16872,1.322336,"UT"
2012,10.16872,1.322336,"UT"
1940,8.480721,2.292509,"VA"
1941,,,"VA"
1942,,,"VA"
1943,,,"VA"
1944,,,"VA"
1945,,,"VA"
1946,,,"VA"
1947,,,"VA"
1948,,,"VA"
1949,8.660867,3.137078,"VA"
1950,8.565384,4.087214,"VA"
1951,8.616374,4.06837,"VA"
1952,8.458613,5.066948,"VA"
1953,8.512091,4.837422,"VA"
1954,8.602304,4.419737,"VA"
1955,8.671206,4.352722,"VA"
1956,8.76506,4.036741,"VA"
1957,8.809649,3.72654,"VA"
1958,8.748841,3.969698,"VA"
1959,8.852212,3.688817,"VA"
1960,8.939222,3.309016,"VA"
1961,9.111737,2.57463,"VA"
1962,9.307959,1.82797,"VA"
1963,9.320422,1.925793,"VA"
1964,9.368572,2.026901,"VA"
1965,9.399798,2.110925,"VA"
1966,9.37058,2.462659,"VA"
1967,9.24787,3.321443,"VA"
1968,9.293248,3.354921,"VA"
1969,9.288282,3.61311,"VA"
1970,9.382827,3.176889,"VA"
1971,9.430048,3.105965,"VA"
1972,9.472003,3.199739,"VA"
1973,9.479575,3.373466,"VA"
1974,9.486252,3.308382,"VA"
1975,9.541751,3.009224,"VA"
1976,9.572409,3.047061,"VA"
1977,9.554956,3.288107,"VA"
1978,9.542781,3.530936,"VA"
1979,9.589975,3.302507,"VA"
1980,9.601026,3.222122,"VA"
1981,9.626663,3.128562,"VA"
1982,9.673553,2.967672,"VA"
1983,9.705581,3.007526,"VA"
1984,9.773952,2.932792,"VA"
1985,9.821983,2.851014,"VA"
1986,9.863111,2.840781,"VA"
1987,9.912159,2.716665,"VA"
1988,9.964232,2.605042,"VA"
1989,10.0109,2.444253,"VA"
1990,10.0182,2.319565,"VA"
1991,10.05124,2.103648,"VA"
1992,10.11195,1.859531,"VA"
1993,10.15427,1.670132,"VA"
1994,10.14793,1.778817,"VA"
1995,10.1436,1.833234,"VA"
1996,10.18182,1.696653,"VA"
1997,10.21258,1.686997,"VA"
1998,10.24897,1.701813,"VA"
1999,10.25048,1.830463,"VA"
2000,10.24545,2.019715,"VA"
2001,10.25238,2.093215,"VA"
2002,10.26709,2.014647,"VA"
2003,10.30709,1.890373,"VA"
2004,10.36051,1.78328,"VA"
2005,10.39219,1.746411,"VA"
2006,10.43127,1.645308,"VA"
2007,10.45549,1.663361,"VA"
2008,10.48524,1.467304,"VA"
2009,10.49975,1.222391,"VA"
2010,10.48212,1.302075,"VA"
2011,10.48212,1.302075,"VA"
2012,10.48212,1.302075,"VA"
1940,8.801349,1.184115,"VT"
1941,,,"VT"
1942,,,"VT"
1943,,,"VT"
1944,,,"VT"
1945,,,"VT"
1946,,,"VT"
1947,,,"VT"
1948,,,"VT"
1949,9.039124,1.18979,"VT"
1950,8.965036,1.696315,"VT"
1951,8.864557,2.496471,"VT"
1952,8.70334,3.372779,"VT"
1953,8.683232,3.619742,"VT"
1954,8.776876,3.191633,"VT"
1955,8.837188,3.144884,"VT"
1956,8.948631,2.930961,"VT"
1957,8.945899,2.974143,"VT"
1958,8.906749,3.078594,"VT"
1959,8.992765,2.884693,"VT"
1960,9.038172,2.832265,"VT"
1961,9.210063,2.108865,"VT"
1962,9.291718,1.853299,"VT"
1963,9.418994,1.287441,"VT"
1964,9.424879,1.510973,"VT"
1965,9.484057,1.532416,"VT"
1966,9.453446,2.068572,"VT"
1967,9.351625,2.703791,"VT"
1968,9.332503,2.998986,"VT"
1969,9.277081,3.408999,"VT"
1970,9.304299,3.34404,"VT"
1971,9.363852,3.130693,"VT"
1972,9.377895,3.295679,"VT"
1973,9.407181,3.268867,"VT"
1974,9.415203,3.053594,"VT"
1975,9.466165,2.70771,"VT"
1976,9.534823,2.581434,"VT"
1977,9.540728,2.578826,"VT"
1978,9.522468,2.934246,"VT"
1979,9.569704,2.687955,"VT"
1980,9.604625,2.396116,"VT"
1981,9.631836,2.345805,"VT"
1982,9.662377,2.231684,"VT"
1983,9.676482,2.288184,"VT"
1984,9.727074,2.281523,"VT"
1985,9.790541,2.147422,"VT"
1986,9.867161,1.997437,"VT"
1987,9.892384,2.051668,"VT"
1988,9.932301,1.998405,"VT"
1989,9.958881,2.046189,"VT"
1990,9.973107,1.840754,"VT"
1991,9.98999,1.61387,"VT"
1992,10.03703,1.521716,"VT"
1993,10.06095,1.386132,"VT"
1994,10.02592,1.63866,"VT"
1995,10.00771,1.784153,"VT"
1996,10.05111,1.664619,"VT"
1997,10.05649,1.759005,"VT"
1998,10.10932,1.782341,"VT"
1999,10.1073,1.946349,"VT"
2000,10.08385,2.25246,"VT"
2001,10.101,2.248511,"VT"
2002,10.10871,2.21849,"VT"
2003,10.13412,2.13728,"VT"
2004,10.18338,2.059722,"VT"
2005,10.22003,1.832776,"VT"
2006,10.26665,1.773047,"VT"
2007,10.30272,1.755185,"VT"
2008,10.33198,1.604242,"VT"
2009,10.36812,1.351252,"VT"
2010,10.34126,1.514192,"VT"
2011,10.34126,1.514192,"VT"
2012,10.34126,1.514192,"VT"
1940,9.087095,.9852171,"WA"
1941,,,"WA"
1942,,,"WA"
1943,,,"WA"
1944,,,"WA"
1945,,,"WA"
1946,,,"WA"
1947,,,"WA"
1948,,,"WA"
1949,9.199384,2.176509,"WA"
1950,9.103496,2.985449,"WA"
1951,8.989257,3.605633,"WA"
1952,8.808125,4.676008,"WA"
1953,8.793156,4.943457,"WA"
1954,8.926263,4.266257,"WA"
1955,9.007565,3.97017,"WA"
1956,9.143443,3.351588,"WA"
1957,9.160453,3.306813,"WA"
1958,9.150125,3.229132,"WA"
1959,9.220995,3.056955,"WA"
1960,9.284139,2.770176,"WA"
1961,9.506339,1.808362,"WA"
1962,9.728935,.9290791,"WA"
1963,9.875968,.2291918,"WA"
1964,9.897542,.2775288,"WA"
1965,9.801629,1.044879,"WA"
1966,9.704464,1.865749,"WA"
1967,9.639328,2.307749,"WA"
1968,9.63982,2.480927,"WA"
1969,9.634686,2.56866,"WA"
1970,9.700585,2.086406,"WA"
1971,9.710383,2.023787,"WA"
1972,9.743327,2.089944,"WA"
1973,9.781847,2.167187,"WA"
1974,9.779514,2.200012,"WA"
1975,9.8016,2.170324,"WA"
1976,9.813761,2.2895,"WA"
1977,9.821815,2.356911,"WA"
1978,9.795951,2.737112,"WA"
1979,9.832386,2.568016,"WA"
1980,9.838174,2.372627,"WA"
1981,9.868011,2.185097,"WA"
1982,9.914751,1.899991,"WA"
1983,9.921806,1.983919,"WA"
1984,9.953048,1.921978,"WA"
1985,10.0106,1.685462,"WA"
1986,10.07761,1.525712,"WA"
1987,10.10088,1.44218,"WA"
1988,10.13601,1.355109,"WA"
1989,10.14842,1.438708,"WA"
1990,10.11787,1.652317,"WA"
1991,10.11514,1.694956,"WA"
1992,10.16132,1.552553,"WA"
1993,10.21528,1.263018,"WA"
1994,10.21952,1.302023,"WA"
1995,10.23566,1.251998,"WA"
1996,10.27166,1.232762,"WA"
1997,10.2932,1.294117,"WA"
1998,10.34337,1.339002,"WA"
1999,10.34599,1.503143,"WA"
2000,10.3127,1.804638,"WA"
2001,10.30503,1.787648,"WA"
2002,10.29475,1.784949,"WA"
2003,10.31859,1.669779,"WA"
2004,10.33744,1.779127,"WA"
2005,10.3477,1.68704,"WA"
2006,10.38276,1.683822,"WA"
2007,10.38931,1.869059,"WA"
2008,10.40703,1.791863,"WA"
2009,10.43616,1.376553,"WA"
2010,10.44833,1.277938,"WA"
2011,10.44833,1.277938,"WA"
2012,10.44833,1.277938,"WA"
1940,8.849684,1.232548,"WI"
1941,,,"WI"
1942,,,"WI"
1943,,,"WI"
1944,,,"WI"
1945,,,"WI"
1946,,,"WI"
1947,,,"WI"
1948,,,"WI"
1949,9.10123,1.959739,"WI"
1950,8.987682,2.887096,"WI"
1951,8.860511,3.860402,"WI"
1952,8.703778,4.732232,"WI"
1953,8.672051,4.960332,"WI"
1954,8.774033,4.232659,"WI"
1955,8.94473,3.67805,"WI"
1956,9.0465,3.396258,"WI"
1957,9.074573,3.262157,"WI"
1958,9.01147,3.470569,"WI"
1959,9.03974,3.637123,"WI"
1960,9.096193,3.351192,"WI"
1961,9.252882,2.618546,"WI"
1962,9.403229,2.0502,"WI"
1963,9.540577,1.392074,"WI"
1964,9.575661,1.466599,"WI"
1965,9.615858,1.502342,"WI"
1966,9.557098,2.059455,"WI"
1967,9.48945,2.500496,"WI"
1968,9.514716,2.56114,"WI"
1969,9.493177,2.843976,"WI"
1970,9.565102,2.509599,"WI"
1971,9.632591,2.273078,"WI"
1972,9.650225,2.43506,"WI"
1973,9.664118,2.605224,"WI"
1974,9.620564,2.757192,"WI"
1975,9.68034,2.424359,"WI"
1976,9.725752,2.37854,"WI"
1977,9.727004,2.571716,"WI"
1978,9.705584,2.852969,"WI"
1979,9.767164,2.552638,"WI"
1980,9.766432,2.383981,"WI"
1981,9.776591,2.264462,"WI"
1982,9.813269,2.04834,"WI"
1983,9.818992,2.053518,"WI"
1984,9.86898,2.024698,"WI"
1985,9.916327,1.839046,"WI"
1986,9.968989,1.734304,"WI"
1987,9.989549,1.708584,"WI"
1988,10.02694,1.566291,"WI"
1989,10.06197,1.530004,"WI"
1990,10.06702,1.467328,"WI"
1991,10.08721,1.299543,"WI"
1992,10.13724,1.210546,"WI"
1993,10.18516,1.004038,"WI"
1994,10.172,1.218061,"WI"
1995,10.16521,1.302896,"WI"
1996,10.20146,1.220665,"WI"
1997,10.24135,1.170306,"WI"
1998,10.27618,1.277547,"WI"
1999,10.27769,1.35118,"WI"
2000,10.24323,1.620317,"WI"
2001,10.22948,1.711497,"WI"
2002,10.22294,1.779819,"WI"
2003,10.2297,1.764703,"WI"
2004,10.27392,1.616077,"WI"
2005,10.28414,1.559787,"WI"
2006,10.31585,1.489501,"WI"
2007,10.33127,1.479826,"WI"
2008,10.3402,1.401649,"WI"
2009,10.36797,1.098275,"WI"
2010,10.36049,1.172566,"WI"
2011,10.36049,1.172566,"WI"
2012,10.36049,1.172566,"WI"
1940,8.679425,.6238079,"WV"
1941,,,"WV"
1942,,,"WV"
1943,,,"WV"
1944,,,"WV"
1945,,,"WV"
1946,,,"WV"
1947,,,"WV"
1948,,,"WV"
1949,8.723453,2.320018,"WV"
1950,8.628656,2.899022,"WV"
1951,8.581872,3.3288,"WV"
1952,8.362037,4.598174,"WV"
1953,8.420907,4.379582,"WV"
1954,8.58209,3.331122,"WV"
1955,8.6369,3.444748,"WV"
1956,8.768156,3.294001,"WV"
1957,8.803106,3.336968,"WV"
1958,8.700161,3.695049,"WV"
1959,8.763438,3.470869,"WV"
1960,8.804187,3.267903,"WV"
1961,8.956755,2.586083,"WV"
1962,9.061159,2.279997,"WV"
1963,9.189715,1.820354,"WV"
1964,9.276759,1.63897,"WV"
1965,9.33429,1.63702,"WV"
1966,9.292191,2.029786,"WV"
1967,9.266196,2.322035,"WV"
1968,9.261119,2.4512,"WV"
1969,9.187456,2.901354,"WV"
1970,9.208461,3.05624,"WV"
1971,9.247632,3.046932,"WV"
1972,9.281672,3.151751,"WV"
1973,9.296824,3.211989,"WV"
1974,9.248315,3.43926,"WV"
1975,9.32585,3.183422,"WV"
1976,9.426956,2.872014,"WV"
1977,9.4705,2.825875,"WV"
1978,9.439171,3.121662,"WV"
1979,9.457612,2.995534,"WV"
1980,9.457767,2.810421,"WV"
1981,9.473971,2.655473,"WV"
1982,9.517159,2.457018,"WV"
1983,9.553786,2.240257,"WV"
1984,9.604553,2.166409,"WV"
1985,9.661694,1.939588,"WV"
1986,9.698148,1.829,"WV"
1987,9.730603,1.666017,"WV"
1988,9.751359,1.73738,"WV"
1989,9.767727,1.754537,"WV"
1990,9.819709,1.604657,"WV"
1991,9.857018,1.432004,"WV"
1992,9.912022,1.328354,"WV"
1993,9.939221,1.188145,"WV"
1994,9.936167,1.289873,"WV"
1995,9.962534,1.174636,"WV"
1996,10.00136,1.041212,"WV"
1997,10.03568,.9686422,"WV"
1998,10.0635,1.027942,"WV"
1999,10.05672,1.091695,"WV"
2000,10.01985,1.370912,"WV"
2001,10.00507,1.610632,"WV"
2002,10.00856,1.667109,"WV"
2003,10.00184,1.683998,"WV"
2004,10.03784,1.572642,"WV"
2005,10.04961,1.529455,"WV"
2006,10.06395,1.614542,"WV"
2007,10.06381,1.707001,"WV"
2008,10.09883,1.62045,"WV"
2009,10.11863,1.482296,"WV"
2010,10.14064,1.389151,"WV"
2011,10.14064,1.389151,"WV"
2012,10.14064,1.389151,"WV"
1940,9.242932,-.2902794,"WY"
1941,,,"WY"
1942,,,"WY"
1943,,,"WY"
1944,,,"WY"
1945,,,"WY"
1946,,,"WY"
1947,,,"WY"
1948,,,"WY"
1949,9.09831,2.84111,"WY"
1950,8.978125,3.605051,"WY"
1951,8.873252,4.404974,"WY"
1952,8.735842,4.876361,"WY"
1953,8.775445,4.689317,"WY"
1954,8.853652,4.065428,"WY"
1955,9.019764,3.411283,"WY"
1956,9.108809,3.146338,"WY"
1957,9.166672,2.994342,"WY"
1958,9.109585,3.242249,"WY"
1959,9.167504,3.136115,"WY"
1960,9.184876,3.033714,"WY"
1961,9.394944,2.085094,"WY"
1962,9.486982,1.806335,"WY"
1963,9.625476,1.107631,"WY"
1964,9.672626,.9085751,"WY"
1965,9.677376,1.084194,"WY"
1966,9.672082,1.254025,"WY"
1967,9.636927,1.644826,"WY"
1968,9.628588,1.779232,"WY"
1969,9.666533,1.759267,"WY"
1970,9.699135,1.748624,"WY"
1971,9.754247,1.684046,"WY"
1972,9.711114,2.228413,"WY"
1973,9.713308,2.608552,"WY"
1974,9.666738,2.977872,"WY"
1975,9.702021,2.809076,"WY"
1976,9.738077,2.70937,"WY"
1977,9.76554,2.861433,"WY"
1978,9.758035,3.226953,"WY"
1979,9.794727,3.084397,"WY"
1980,9.791619,2.98738,"WY"
1981,9.811963,2.860599,"WY"
1982,9.848249,2.587147,"WY"
1983,9.847002,2.187276,"WY"
1984,9.854341,2.212272,"WY"
1985,9.894215,2.099972,"WY"
1986,9.922887,1.902232,"WY"
1987,9.965892,1.522889,"WY"
1988,9.984434,1.410961,"WY"
1989,10.01839,1.506524,"WY"
1990,10.04886,1.536889,"WY"
1991,10.09106,1.305952,"WY"
1992,10.1568,1.028056,"WY"
1993,10.23502,.6723166,"WY"
1994,10.26231,.5752563,"WY"
1995,10.26384,.5743647,"WY"
1996,10.27995,.549016,"WY"
1997,10.33783,.4813766,"WY"
1998,10.40343,.425787,"WY"
1999,10.41161,.59762,"WY"
2000,10.3891,.9114695,"WY"
2001,10.38408,1.119719,"WY"
2002,10.36568,1.240129,"WY"
2003,10.28446,1.799726,"WY"
2004,10.29679,1.958251,"WY"
2005,10.31421,2.128682,"WY"
2006,10.30333,2.592888,"WY"
2007,10.27047,2.816563,"WY"
2008,10.26663,3.043575,"WY"
2009,10.31969,2.157564,"WY"
2010,10.35624,2.000489,"WY"
2011,10.35624,2.000489,"WY"
2012,10.35624,2.000489,"WY"
