year,WRLURI,planner,roll2005t,roll75t
1880,-.6880976,6,,
1900,-.6880976,6,,
1920,-.6880976,6,,
1929,-.6880976,6,,
1930,-.6880976,6,,
1931,-.6880976,6,,
1932,-.6880976,6,,
1933,-.6880976,6,,
1934,-.6880976,6,,
1935,-.6880976,6,,
1936,-.6880976,6,,
1937,-.6880976,6,,
1938,-.6880976,6,,
1939,-.6880976,6,,
1940,-.6880976,6,,
1941,-.6880976,6,,
1942,-.6880976,6,,
1943,-.6880976,6,,
1944,-.6880976,6,,
1945,-.6880976,6,,
1946,-.6880976,6,,
1947,-.6880976,6,,
1948,-.6880976,6,,
1949,-.6880976,6,,
1950,-.6880976,6,,
1951,-.6880976,6,,
1952,-.6880976,6,,
1953,-.6880976,6,,
1954,-.6880976,6,,
1955,-.6880976,6,,
1956,-.6880976,6,,
1957,-.6880976,6,,
1958,-.6880976,6,,
1959,-.6880976,6,,
1960,-.6880976,6,,
1961,-.6880976,6,,
1962,-.6880976,6,,
1963,-.6880976,6,,
1964,-.6880976,6,,
1965,-.6880976,6,,
1966,-.6880976,6,,
1967,-.6880976,6,,
1968,-.6880976,6,,
1969,-.6880976,6,,
1970,-.6880976,6,,
1971,-.6880976,6,,
1972,-.6880976,6,,
1973,-.6880976,6,,
1974,-.6880976,6,,
1975,-.6880976,6,,9
1976,-.6880976,6,,
1977,-.6880976,6,,
1978,-.6880976,6,,
1979,-.6880976,6,,
1980,-.6880976,6,,
1981,-.6880976,6,,
1982,-.6880976,6,,
1983,-.6880976,6,,
1984,-.6880976,6,,
1985,-.6880976,6,,
1986,-.6880976,6,,
1987,-.6880976,6,,
1988,-.6880976,6,,
1989,-.6880976,6,,
1990,-.6880976,6,,
1991,-.6880976,6,,
1992,-.6880976,6,,
1993,-.6880976,6,,
1994,-.6880976,6,,
1995,-.6880976,6,,
1996,-.6880976,6,,
1997,-.6880976,6,,
1998,-.6880976,6,,
1999,-.6880976,6,,
2000,-.6880976,6,,
2001,-.6880976,6,,
2002,-.6880976,6,,
2003,-.6880976,6,,
2004,-.6880976,6,,
2005,-.6880976,6,5,
2006,-.6880976,6,,
2007,-.6880976,6,,
2008,-.6880976,6,,
2009,-.6880976,6,,
2010,-.6880976,6,,
1880,-.7757698,10,,
1900,-.7757698,10,,
1920,-.7757698,10,,
1929,-.7757698,10,,
1930,-.7757698,10,,
1931,-.7757698,10,,
1932,-.7757698,10,,
1933,-.7757698,10,,
1934,-.7757698,10,,
1935,-.7757698,10,,
1936,-.7757698,10,,
1937,-.7757698,10,,
1938,-.7757698,10,,
1939,-.7757698,10,,
1940,-.7757698,10,,
1941,-.7757698,10,,
1942,-.7757698,10,,
1943,-.7757698,10,,
1944,-.7757698,10,,
1945,-.7757698,10,,
1946,-.7757698,10,,
1947,-.7757698,10,,
1948,-.7757698,10,,
1949,-.7757698,10,,
1950,-.7757698,10,,
1951,-.7757698,10,,
1952,-.7757698,10,,
1953,-.7757698,10,,
1954,-.7757698,10,,
1955,-.7757698,10,,
1956,-.7757698,10,,
1957,-.7757698,10,,
1958,-.7757698,10,,
1959,-.7757698,10,,
1960,-.7757698,10,,
1961,-.7757698,10,,
1962,-.7757698,10,,
1963,-.7757698,10,,
1964,-.7757698,10,,
1965,-.7757698,10,,
1966,-.7757698,10,,
1967,-.7757698,10,,
1968,-.7757698,10,,
1969,-.7757698,10,,
1970,-.7757698,10,,
1971,-.7757698,10,,
1972,-.7757698,10,,
1973,-.7757698,10,,
1974,-.7757698,10,,
1975,-.7757698,10,,33
1976,-.7757698,10,,
1977,-.7757698,10,,
1978,-.7757698,10,,
1979,-.7757698,10,,
1980,-.7757698,10,,
1981,-.7757698,10,,
1982,-.7757698,10,,
1983,-.7757698,10,,
1984,-.7757698,10,,
1985,-.7757698,10,,
1986,-.7757698,10,,
1987,-.7757698,10,,
1988,-.7757698,10,,
1989,-.7757698,10,,
1990,-.7757698,10,,
1991,-.7757698,10,,
1992,-.7757698,10,,
1993,-.7757698,10,,
1994,-.7757698,10,,
1995,-.7757698,10,,
1996,-.7757698,10,,
1997,-.7757698,10,,
1998,-.7757698,10,,
1999,-.7757698,10,,
2000,-.7757698,10,,
2001,-.7757698,10,,
2002,-.7757698,10,,
2003,-.7757698,10,,
2004,-.7757698,10,,
2005,-.7757698,10,11,
2006,-.7757698,10,,
2007,-.7757698,10,,
2008,-.7757698,10,,
2009,-.7757698,10,,
2010,-.7757698,10,,
1880,.7824563,7,,
1900,.7824563,7,,
1920,.7824563,7,,
1929,.7824563,7,,
1930,.7824563,7,,
1931,.7824563,7,,
1932,.7824563,7,,
1933,.7824563,7,,
1934,.7824563,7,,
1935,.7824563,7,,
1936,.7824563,7,,
1937,.7824563,7,,
1938,.7824563,7,,
1939,.7824563,7,,
1940,.7824563,7,,
1941,.7824563,7,,
1942,.7824563,7,,
1943,.7824563,7,,
1944,.7824563,7,,
1945,.7824563,7,,
1946,.7824563,7,,
1947,.7824563,7,,
1948,.7824563,7,,
1949,.7824563,7,,
1950,.7824563,7,,
1951,.7824563,7,,
1952,.7824563,7,,
1953,.7824563,7,,
1954,.7824563,7,,
1955,.7824563,7,,
1956,.7824563,7,,
1957,.7824563,7,,
1958,.7824563,7,,
1959,.7824563,7,,
1960,.7824563,7,,
1961,.7824563,7,,
1962,.7824563,7,,
1963,.7824563,7,,
1964,.7824563,7,,
1965,.7824563,7,,
1966,.7824563,7,,
1967,.7824563,7,,
1968,.7824563,7,,
1969,.7824563,7,,
1970,.7824563,7,,
1971,.7824563,7,,
1972,.7824563,7,,
1973,.7824563,7,,
1974,.7824563,7,,
1975,.7824563,7,,28
1976,.7824563,7,,
1977,.7824563,7,,
1978,.7824563,7,,
1979,.7824563,7,,
1980,.7824563,7,,
1981,.7824563,7,,
1982,.7824563,7,,
1983,.7824563,7,,
1984,.7824563,7,,
1985,.7824563,7,,
1986,.7824563,7,,
1987,.7824563,7,,
1988,.7824563,7,,
1989,.7824563,7,,
1990,.7824563,7,,
1991,.7824563,7,,
1992,.7824563,7,,
1993,.7824563,7,,
1994,.7824563,7,,
1995,.7824563,7,,
1996,.7824563,7,,
1997,.7824563,7,,
1998,.7824563,7,,
1999,.7824563,7,,
2000,.7824563,7,,
2001,.7824563,7,,
2002,.7824563,7,,
2003,.7824563,7,,
2004,.7824563,7,,
2005,.7824563,7,4,
2006,.7824563,7,,
2007,.7824563,7,,
2008,.7824563,7,,
2009,.7824563,7,,
2010,.7824563,7,,
1880,.556469,12,,
1900,.556469,12,,
1920,.556469,12,,
1929,.556469,12,,
1930,.556469,12,,
1931,.556469,12,,
1932,.556469,12,,
1933,.556469,12,,
1934,.556469,12,,
1935,.556469,12,,
1936,.556469,12,,
1937,.556469,12,,
1938,.556469,12,,
1939,.556469,12,,
1940,.556469,12,,
1941,.556469,12,,
1942,.556469,12,,
1943,.556469,12,,
1944,.556469,12,,
1945,.556469,12,,
1946,.556469,12,,
1947,.556469,12,,
1948,.556469,12,,
1949,.556469,12,,
1950,.556469,12,,
1951,.556469,12,,
1952,.556469,12,,
1953,.556469,12,,
1954,.556469,12,,
1955,.556469,12,,
1956,.556469,12,,
1957,.556469,12,,
1958,.556469,12,,
1959,.556469,12,,
1960,.556469,12,,
1961,.556469,12,,
1962,.556469,12,,
1963,.556469,12,,
1964,.556469,12,,
1965,.556469,12,,
1966,.556469,12,,
1967,.556469,12,,
1968,.556469,12,,
1969,.556469,12,,
1970,.556469,12,,
1971,.556469,12,,
1972,.556469,12,,
1973,.556469,12,,
1974,.556469,12,,
1975,.556469,12,,26
1976,.556469,12,,
1977,.556469,12,,
1978,.556469,12,,
1979,.556469,12,,
1980,.556469,12,,
1981,.556469,12,,
1982,.556469,12,,
1983,.556469,12,,
1984,.556469,12,,
1985,.556469,12,,
1986,.556469,12,,
1987,.556469,12,,
1988,.556469,12,,
1989,.556469,12,,
1990,.556469,12,,
1991,.556469,12,,
1992,.556469,12,,
1993,.556469,12,,
1994,.556469,12,,
1995,.556469,12,,
1996,.556469,12,,
1997,.556469,12,,
1998,.556469,12,,
1999,.556469,12,,
2000,.556469,12,,
2001,.556469,12,,
2002,.556469,12,,
2003,.556469,12,,
2004,.556469,12,,
2005,.556469,12,26,
2006,.556469,12,,
2007,.556469,12,,
2008,.556469,12,,
2009,.556469,12,,
2010,.556469,12,,
1880,.9265337,12,,
1900,.9265337,12,,
1920,.9265337,12,,
1929,.9265337,12,,
1930,.9265337,12,,
1931,.9265337,12,,
1932,.9265337,12,,
1933,.9265337,12,,
1934,.9265337,12,,
1935,.9265337,12,,
1936,.9265337,12,,
1937,.9265337,12,,
1938,.9265337,12,,
1939,.9265337,12,,
1940,.9265337,12,,
1941,.9265337,12,,
1942,.9265337,12,,
1943,.9265337,12,,
1944,.9265337,12,,
1945,.9265337,12,,
1946,.9265337,12,,
1947,.9265337,12,,
1948,.9265337,12,,
1949,.9265337,12,,
1950,.9265337,12,,
1951,.9265337,12,,
1952,.9265337,12,,
1953,.9265337,12,,
1954,.9265337,12,,
1955,.9265337,12,,
1956,.9265337,12,,
1957,.9265337,12,,
1958,.9265337,12,,
1959,.9265337,12,,
1960,.9265337,12,,
1961,.9265337,12,,
1962,.9265337,12,,
1963,.9265337,12,,
1964,.9265337,12,,
1965,.9265337,12,,
1966,.9265337,12,,
1967,.9265337,12,,
1968,.9265337,12,,
1969,.9265337,12,,
1970,.9265337,12,,
1971,.9265337,12,,
1972,.9265337,12,,
1973,.9265337,12,,
1974,.9265337,12,,
1975,.9265337,12,,38
1976,.9265337,12,,
1977,.9265337,12,,
1978,.9265337,12,,
1979,.9265337,12,,
1980,.9265337,12,,
1981,.9265337,12,,
1982,.9265337,12,,
1983,.9265337,12,,
1984,.9265337,12,,
1985,.9265337,12,,
1986,.9265337,12,,
1987,.9265337,12,,
1988,.9265337,12,,
1989,.9265337,12,,
1990,.9265337,12,,
1991,.9265337,12,,
1992,.9265337,12,,
1993,.9265337,12,,
1994,.9265337,12,,
1995,.9265337,12,,
1996,.9265337,12,,
1997,.9265337,12,,
1998,.9265337,12,,
1999,.9265337,12,,
2000,.9265337,12,,
2001,.9265337,12,,
2002,.9265337,12,,
2003,.9265337,12,,
2004,.9265337,12,,
2005,.9265337,12,25,
2006,.9265337,12,,
2007,.9265337,12,,
2008,.9265337,12,,
2009,.9265337,12,,
2010,.9265337,12,,
1880,.3182232,15,,
1900,.3182232,15,,
1920,.3182232,15,,
1929,.3182232,15,,
1930,.3182232,15,,
1931,.3182232,15,,
1932,.3182232,15,,
1933,.3182232,15,,
1934,.3182232,15,,
1935,.3182232,15,,
1936,.3182232,15,,
1937,.3182232,15,,
1938,.3182232,15,,
1939,.3182232,15,,
1940,.3182232,15,,
1941,.3182232,15,,
1942,.3182232,15,,
1943,.3182232,15,,
1944,.3182232,15,,
1945,.3182232,15,,
1946,.3182232,15,,
1947,.3182232,15,,
1948,.3182232,15,,
1949,.3182232,15,,
1950,.3182232,15,,
1951,.3182232,15,,
1952,.3182232,15,,
1953,.3182232,15,,
1954,.3182232,15,,
1955,.3182232,15,,
1956,.3182232,15,,
1957,.3182232,15,,
1958,.3182232,15,,
1959,.3182232,15,,
1960,.3182232,15,,
1961,.3182232,15,,
1962,.3182232,15,,
1963,.3182232,15,,
1964,.3182232,15,,
1965,.3182232,15,,
1966,.3182232,15,,
1967,.3182232,15,,
1968,.3182232,15,,
1969,.3182232,15,,
1970,.3182232,15,,
1971,.3182232,15,,
1972,.3182232,15,,
1973,.3182232,15,,
1974,.3182232,15,,
1975,.3182232,15,,35
1976,.3182232,15,,
1977,.3182232,15,,
1978,.3182232,15,,
1979,.3182232,15,,
1980,.3182232,15,,
1981,.3182232,15,,
1982,.3182232,15,,
1983,.3182232,15,,
1984,.3182232,15,,
1985,.3182232,15,,
1986,.3182232,15,,
1987,.3182232,15,,
1988,.3182232,15,,
1989,.3182232,15,,
1990,.3182232,15,,
1991,.3182232,15,,
1992,.3182232,15,,
1993,.3182232,15,,
1994,.3182232,15,,
1995,.3182232,15,,
1996,.3182232,15,,
1997,.3182232,15,,
1998,.3182232,15,,
1999,.3182232,15,,
2000,.3182232,15,,
2001,.3182232,15,,
2002,.3182232,15,,
2003,.3182232,15,,
2004,.3182232,15,,
2005,.3182232,15,48,
2006,.3182232,15,,
2007,.3182232,15,,
2008,.3182232,15,,
2009,.3182232,15,,
2010,.3182232,15,,
1880,.4411083,12,,
1900,.4411083,12,,
1920,.4411083,12,,
1929,.4411083,12,,
1930,.4411083,12,,
1931,.4411083,12,,
1932,.4411083,12,,
1933,.4411083,12,,
1934,.4411083,12,,
1935,.4411083,12,,
1936,.4411083,12,,
1937,.4411083,12,,
1938,.4411083,12,,
1939,.4411083,12,,
1940,.4411083,12,,
1941,.4411083,12,,
1942,.4411083,12,,
1943,.4411083,12,,
1944,.4411083,12,,
1945,.4411083,12,,
1946,.4411083,12,,
1947,.4411083,12,,
1948,.4411083,12,,
1949,.4411083,12,,
1950,.4411083,12,,
1951,.4411083,12,,
1952,.4411083,12,,
1953,.4411083,12,,
1954,.4411083,12,,
1955,.4411083,12,,
1956,.4411083,12,,
1957,.4411083,12,,
1958,.4411083,12,,
1959,.4411083,12,,
1960,.4411083,12,,
1961,.4411083,12,,
1962,.4411083,12,,
1963,.4411083,12,,
1964,.4411083,12,,
1965,.4411083,12,,
1966,.4411083,12,,
1967,.4411083,12,,
1968,.4411083,12,,
1969,.4411083,12,,
1970,.4411083,12,,
1971,.4411083,12,,
1972,.4411083,12,,
1973,.4411083,12,,
1974,.4411083,12,,
1975,.4411083,12,,48
1976,.4411083,12,,
1977,.4411083,12,,
1978,.4411083,12,,
1979,.4411083,12,,
1980,.4411083,12,,
1981,.4411083,12,,
1982,.4411083,12,,
1983,.4411083,12,,
1984,.4411083,12,,
1985,.4411083,12,,
1986,.4411083,12,,
1987,.4411083,12,,
1988,.4411083,12,,
1989,.4411083,12,,
1990,.4411083,12,,
1991,.4411083,12,,
1992,.4411083,12,,
1993,.4411083,12,,
1994,.4411083,12,,
1995,.4411083,12,,
1996,.4411083,12,,
1997,.4411083,12,,
1998,.4411083,12,,
1999,.4411083,12,,
2000,.4411083,12,,
2001,.4411083,12,,
2002,.4411083,12,,
2003,.4411083,12,,
2004,.4411083,12,,
2005,.4411083,12,46,
2006,.4411083,12,,
2007,.4411083,12,,
2008,.4411083,12,,
2009,.4411083,12,,
2010,.4411083,12,,
1880,.3222491,12,,
1900,.3222491,12,,
1920,.3222491,12,,
1929,.3222491,12,,
1930,.3222491,12,,
1931,.3222491,12,,
1932,.3222491,12,,
1933,.3222491,12,,
1934,.3222491,12,,
1935,.3222491,12,,
1936,.3222491,12,,
1937,.3222491,12,,
1938,.3222491,12,,
1939,.3222491,12,,
1940,.3222491,12,,
1941,.3222491,12,,
1942,.3222491,12,,
1943,.3222491,12,,
1944,.3222491,12,,
1945,.3222491,12,,
1946,.3222491,12,,
1947,.3222491,12,,
1948,.3222491,12,,
1949,.3222491,12,,
1950,.3222491,12,,
1951,.3222491,12,,
1952,.3222491,12,,
1953,.3222491,12,,
1954,.3222491,12,,
1955,.3222491,12,,
1956,.3222491,12,,
1957,.3222491,12,,
1958,.3222491,12,,
1959,.3222491,12,,
1960,.3222491,12,,
1961,.3222491,12,,
1962,.3222491,12,,
1963,.3222491,12,,
1964,.3222491,12,,
1965,.3222491,12,,
1966,.3222491,12,,
1967,.3222491,12,,
1968,.3222491,12,,
1969,.3222491,12,,
1970,.3222491,12,,
1971,.3222491,12,,
1972,.3222491,12,,
1973,.3222491,12,,
1974,.3222491,12,,
1975,.3222491,12,,21
1976,.3222491,12,,
1977,.3222491,12,,
1978,.3222491,12,,
1979,.3222491,12,,
1980,.3222491,12,,
1981,.3222491,12,,
1982,.3222491,12,,
1983,.3222491,12,,
1984,.3222491,12,,
1985,.3222491,12,,
1986,.3222491,12,,
1987,.3222491,12,,
1988,.3222491,12,,
1989,.3222491,12,,
1990,.3222491,12,,
1991,.3222491,12,,
1992,.3222491,12,,
1993,.3222491,12,,
1994,.3222491,12,,
1995,.3222491,12,,
1996,.3222491,12,,
1997,.3222491,12,,
1998,.3222491,12,,
1999,.3222491,12,,
2000,.3222491,12,,
2001,.3222491,12,,
2002,.3222491,12,,
2003,.3222491,12,,
2004,.3222491,12,,
2005,.3222491,12,19,
2006,.3222491,12,,
2007,.3222491,12,,
2008,.3222491,12,,
2009,.3222491,12,,
2010,.3222491,12,,
1880,-.2918936,8,,
1900,-.2918936,8,,
1920,-.2918936,8,,
1929,-.2918936,8,,
1930,-.2918936,8,,
1931,-.2918936,8,,
1932,-.2918936,8,,
1933,-.2918936,8,,
1934,-.2918936,8,,
1935,-.2918936,8,,
1936,-.2918936,8,,
1937,-.2918936,8,,
1938,-.2918936,8,,
1939,-.2918936,8,,
1940,-.2918936,8,,
1941,-.2918936,8,,
1942,-.2918936,8,,
1943,-.2918936,8,,
1944,-.2918936,8,,
1945,-.2918936,8,,
1946,-.2918936,8,,
1947,-.2918936,8,,
1948,-.2918936,8,,
1949,-.2918936,8,,
1950,-.2918936,8,,
1951,-.2918936,8,,
1952,-.2918936,8,,
1953,-.2918936,8,,
1954,-.2918936,8,,
1955,-.2918936,8,,
1956,-.2918936,8,,
1957,-.2918936,8,,
1958,-.2918936,8,,
1959,-.2918936,8,,
1960,-.2918936,8,,
1961,-.2918936,8,,
1962,-.2918936,8,,
1963,-.2918936,8,,
1964,-.2918936,8,,
1965,-.2918936,8,,
1966,-.2918936,8,,
1967,-.2918936,8,,
1968,-.2918936,8,,
1969,-.2918936,8,,
1970,-.2918936,8,,
1971,-.2918936,8,,
1972,-.2918936,8,,
1973,-.2918936,8,,
1974,-.2918936,8,,
1975,-.2918936,8,,14
1976,-.2918936,8,,
1977,-.2918936,8,,
1978,-.2918936,8,,
1979,-.2918936,8,,
1980,-.2918936,8,,
1981,-.2918936,8,,
1982,-.2918936,8,,
1983,-.2918936,8,,
1984,-.2918936,8,,
1985,-.2918936,8,,
1986,-.2918936,8,,
1987,-.2918936,8,,
1988,-.2918936,8,,
1989,-.2918936,8,,
1990,-.2918936,8,,
1991,-.2918936,8,,
1992,-.2918936,8,,
1993,-.2918936,8,,
1994,-.2918936,8,,
1995,-.2918936,8,,
1996,-.2918936,8,,
1997,-.2918936,8,,
1998,-.2918936,8,,
1999,-.2918936,8,,
2000,-.2918936,8,,
2001,-.2918936,8,,
2002,-.2918936,8,,
2003,-.2918936,8,,
2004,-.2918936,8,,
2005,-.2918936,8,6,
2006,-.2918936,8,,
2007,-.2918936,8,,
2008,-.2918936,8,,
2009,-.2918936,8,,
2010,-.2918936,8,,
1880,-.8430056,6,,
1900,-.8430056,6,,
1920,-.8430056,6,,
1929,-.8430056,6,,
1930,-.8430056,6,,
1931,-.8430056,6,,
1932,-.8430056,6,,
1933,-.8430056,6,,
1934,-.8430056,6,,
1935,-.8430056,6,,
1936,-.8430056,6,,
1937,-.8430056,6,,
1938,-.8430056,6,,
1939,-.8430056,6,,
1940,-.8430056,6,,
1941,-.8430056,6,,
1942,-.8430056,6,,
1943,-.8430056,6,,
1944,-.8430056,6,,
1945,-.8430056,6,,
1946,-.8430056,6,,
1947,-.8430056,6,,
1948,-.8430056,6,,
1949,-.8430056,6,,
1950,-.8430056,6,,
1951,-.8430056,6,,
1952,-.8430056,6,,
1953,-.8430056,6,,
1954,-.8430056,6,,
1955,-.8430056,6,,
1956,-.8430056,6,,
1957,-.8430056,6,,
1958,-.8430056,6,,
1959,-.8430056,6,,
1960,-.8430056,6,,
1961,-.8430056,6,,
1962,-.8430056,6,,
1963,-.8430056,6,,
1964,-.8430056,6,,
1965,-.8430056,6,,
1966,-.8430056,6,,
1967,-.8430056,6,,
1968,-.8430056,6,,
1969,-.8430056,6,,
1970,-.8430056,6,,
1971,-.8430056,6,,
1972,-.8430056,6,,
1973,-.8430056,6,,
1974,-.8430056,6,,
1975,-.8430056,6,,17
1976,-.8430056,6,,
1977,-.8430056,6,,
1978,-.8430056,6,,
1979,-.8430056,6,,
1980,-.8430056,6,,
1981,-.8430056,6,,
1982,-.8430056,6,,
1983,-.8430056,6,,
1984,-.8430056,6,,
1985,-.8430056,6,,
1986,-.8430056,6,,
1987,-.8430056,6,,
1988,-.8430056,6,,
1989,-.8430056,6,,
1990,-.8430056,6,,
1991,-.8430056,6,,
1992,-.8430056,6,,
1993,-.8430056,6,,
1994,-.8430056,6,,
1995,-.8430056,6,,
1996,-.8430056,6,,
1997,-.8430056,6,,
1998,-.8430056,6,,
1999,-.8430056,6,,
2000,-.8430056,6,,
2001,-.8430056,6,,
2002,-.8430056,6,,
2003,-.8430056,6,,
2004,-.8430056,6,,
2005,-.8430056,6,22,
2006,-.8430056,6,,
2007,-.8430056,6,,
2008,-.8430056,6,,
2009,-.8430056,6,,
2010,-.8430056,6,,
1880,-.4868784,7,,
1900,-.4868784,7,,
1920,-.4868784,7,,
1929,-.4868784,7,,
1930,-.4868784,7,,
1931,-.4868784,7,,
1932,-.4868784,7,,
1933,-.4868784,7,,
1934,-.4868784,7,,
1935,-.4868784,7,,
1936,-.4868784,7,,
1937,-.4868784,7,,
1938,-.4868784,7,,
1939,-.4868784,7,,
1940,-.4868784,7,,
1941,-.4868784,7,,
1942,-.4868784,7,,
1943,-.4868784,7,,
1944,-.4868784,7,,
1945,-.4868784,7,,
1946,-.4868784,7,,
1947,-.4868784,7,,
1948,-.4868784,7,,
1949,-.4868784,7,,
1950,-.4868784,7,,
1951,-.4868784,7,,
1952,-.4868784,7,,
1953,-.4868784,7,,
1954,-.4868784,7,,
1955,-.4868784,7,,
1956,-.4868784,7,,
1957,-.4868784,7,,
1958,-.4868784,7,,
1959,-.4868784,7,,
1960,-.4868784,7,,
1961,-.4868784,7,,
1962,-.4868784,7,,
1963,-.4868784,7,,
1964,-.4868784,7,,
1965,-.4868784,7,,
1966,-.4868784,7,,
1967,-.4868784,7,,
1968,-.4868784,7,,
1969,-.4868784,7,,
1970,-.4868784,7,,
1971,-.4868784,7,,
1972,-.4868784,7,,
1973,-.4868784,7,,
1974,-.4868784,7,,
1975,-.4868784,7,,13
1976,-.4868784,7,,
1977,-.4868784,7,,
1978,-.4868784,7,,
1979,-.4868784,7,,
1980,-.4868784,7,,
1981,-.4868784,7,,
1982,-.4868784,7,,
1983,-.4868784,7,,
1984,-.4868784,7,,
1985,-.4868784,7,,
1986,-.4868784,7,,
1987,-.4868784,7,,
1988,-.4868784,7,,
1989,-.4868784,7,,
1990,-.4868784,7,,
1991,-.4868784,7,,
1992,-.4868784,7,,
1993,-.4868784,7,,
1994,-.4868784,7,,
1995,-.4868784,7,,
1996,-.4868784,7,,
1997,-.4868784,7,,
1998,-.4868784,7,,
1999,-.4868784,7,,
2000,-.4868784,7,,
2001,-.4868784,7,,
2002,-.4868784,7,,
2003,-.4868784,7,,
2004,-.4868784,7,,
2005,-.4868784,7,40,
2006,-.4868784,7,,
2007,-.4868784,7,,
2008,-.4868784,7,,
2009,-.4868784,7,,
2010,-.4868784,7,,
1880,-.1121334,7,,
1900,-.1121334,7,,
1920,-.1121334,7,,
1929,-.1121334,7,,
1930,-.1121334,7,,
1931,-.1121334,7,,
1932,-.1121334,7,,
1933,-.1121334,7,,
1934,-.1121334,7,,
1935,-.1121334,7,,
1936,-.1121334,7,,
1937,-.1121334,7,,
1938,-.1121334,7,,
1939,-.1121334,7,,
1940,-.1121334,7,,
1941,-.1121334,7,,
1942,-.1121334,7,,
1943,-.1121334,7,,
1944,-.1121334,7,,
1945,-.1121334,7,,
1946,-.1121334,7,,
1947,-.1121334,7,,
1948,-.1121334,7,,
1949,-.1121334,7,,
1950,-.1121334,7,,
1951,-.1121334,7,,
1952,-.1121334,7,,
1953,-.1121334,7,,
1954,-.1121334,7,,
1955,-.1121334,7,,
1956,-.1121334,7,,
1957,-.1121334,7,,
1958,-.1121334,7,,
1959,-.1121334,7,,
1960,-.1121334,7,,
1961,-.1121334,7,,
1962,-.1121334,7,,
1963,-.1121334,7,,
1964,-.1121334,7,,
1965,-.1121334,7,,
1966,-.1121334,7,,
1967,-.1121334,7,,
1968,-.1121334,7,,
1969,-.1121334,7,,
1970,-.1121334,7,,
1971,-.1121334,7,,
1972,-.1121334,7,,
1973,-.1121334,7,,
1974,-.1121334,7,,
1975,-.1121334,7,,36
1976,-.1121334,7,,
1977,-.1121334,7,,
1978,-.1121334,7,,
1979,-.1121334,7,,
1980,-.1121334,7,,
1981,-.1121334,7,,
1982,-.1121334,7,,
1983,-.1121334,7,,
1984,-.1121334,7,,
1985,-.1121334,7,,
1986,-.1121334,7,,
1987,-.1121334,7,,
1988,-.1121334,7,,
1989,-.1121334,7,,
1990,-.1121334,7,,
1991,-.1121334,7,,
1992,-.1121334,7,,
1993,-.1121334,7,,
1994,-.1121334,7,,
1995,-.1121334,7,,
1996,-.1121334,7,,
1997,-.1121334,7,,
1998,-.1121334,7,,
1999,-.1121334,7,,
2000,-.1121334,7,,
2001,-.1121334,7,,
2002,-.1121334,7,,
2003,-.1121334,7,,
2004,-.1121334,7,,
2005,-.1121334,7,3,
2006,-.1121334,7,,
2007,-.1121334,7,,
2008,-.1121334,7,,
2009,-.1121334,7,,
2010,-.1121334,7,,
1880,-.8587673,9,,
1900,-.8587673,9,,
1920,-.8587673,9,,
1929,-.8587673,9,,
1930,-.8587673,9,,
1931,-.8587673,9,,
1932,-.8587673,9,,
1933,-.8587673,9,,
1934,-.8587673,9,,
1935,-.8587673,9,,
1936,-.8587673,9,,
1937,-.8587673,9,,
1938,-.8587673,9,,
1939,-.8587673,9,,
1940,-.8587673,9,,
1941,-.8587673,9,,
1942,-.8587673,9,,
1943,-.8587673,9,,
1944,-.8587673,9,,
1945,-.8587673,9,,
1946,-.8587673,9,,
1947,-.8587673,9,,
1948,-.8587673,9,,
1949,-.8587673,9,,
1950,-.8587673,9,,
1951,-.8587673,9,,
1952,-.8587673,9,,
1953,-.8587673,9,,
1954,-.8587673,9,,
1955,-.8587673,9,,
1956,-.8587673,9,,
1957,-.8587673,9,,
1958,-.8587673,9,,
1959,-.8587673,9,,
1960,-.8587673,9,,
1961,-.8587673,9,,
1962,-.8587673,9,,
1963,-.8587673,9,,
1964,-.8587673,9,,
1965,-.8587673,9,,
1966,-.8587673,9,,
1967,-.8587673,9,,
1968,-.8587673,9,,
1969,-.8587673,9,,
1970,-.8587673,9,,
1971,-.8587673,9,,
1972,-.8587673,9,,
1973,-.8587673,9,,
1974,-.8587673,9,,
1975,-.8587673,9,,22
1976,-.8587673,9,,
1977,-.8587673,9,,
1978,-.8587673,9,,
1979,-.8587673,9,,
1980,-.8587673,9,,
1981,-.8587673,9,,
1982,-.8587673,9,,
1983,-.8587673,9,,
1984,-.8587673,9,,
1985,-.8587673,9,,
1986,-.8587673,9,,
1987,-.8587673,9,,
1988,-.8587673,9,,
1989,-.8587673,9,,
1990,-.8587673,9,,
1991,-.8587673,9,,
1992,-.8587673,9,,
1993,-.8587673,9,,
1994,-.8587673,9,,
1995,-.8587673,9,,
1996,-.8587673,9,,
1997,-.8587673,9,,
1998,-.8587673,9,,
1999,-.8587673,9,,
2000,-.8587673,9,,
2001,-.8587673,9,,
2002,-.8587673,9,,
2003,-.8587673,9,,
2004,-.8587673,9,,
2005,-.8587673,9,20,
2006,-.8587673,9,,
2007,-.8587673,9,,
2008,-.8587673,9,,
2009,-.8587673,9,,
2010,-.8587673,9,,
1880,-.9663722,10,,
1900,-.9663722,10,,
1920,-.9663722,10,,
1929,-.9663722,10,,
1930,-.9663722,10,,
1931,-.9663722,10,,
1932,-.9663722,10,,
1933,-.9663722,10,,
1934,-.9663722,10,,
1935,-.9663722,10,,
1936,-.9663722,10,,
1937,-.9663722,10,,
1938,-.9663722,10,,
1939,-.9663722,10,,
1940,-.9663722,10,,
1941,-.9663722,10,,
1942,-.9663722,10,,
1943,-.9663722,10,,
1944,-.9663722,10,,
1945,-.9663722,10,,
1946,-.9663722,10,,
1947,-.9663722,10,,
1948,-.9663722,10,,
1949,-.9663722,10,,
1950,-.9663722,10,,
1951,-.9663722,10,,
1952,-.9663722,10,,
1953,-.9663722,10,,
1954,-.9663722,10,,
1955,-.9663722,10,,
1956,-.9663722,10,,
1957,-.9663722,10,,
1958,-.9663722,10,,
1959,-.9663722,10,,
1960,-.9663722,10,,
1961,-.9663722,10,,
1962,-.9663722,10,,
1963,-.9663722,10,,
1964,-.9663722,10,,
1965,-.9663722,10,,
1966,-.9663722,10,,
1967,-.9663722,10,,
1968,-.9663722,10,,
1969,-.9663722,10,,
1970,-.9663722,10,,
1971,-.9663722,10,,
1972,-.9663722,10,,
1973,-.9663722,10,,
1974,-.9663722,10,,
1975,-.9663722,10,,32
1976,-.9663722,10,,
1977,-.9663722,10,,
1978,-.9663722,10,,
1979,-.9663722,10,,
1980,-.9663722,10,,
1981,-.9663722,10,,
1982,-.9663722,10,,
1983,-.9663722,10,,
1984,-.9663722,10,,
1985,-.9663722,10,,
1986,-.9663722,10,,
1987,-.9663722,10,,
1988,-.9663722,10,,
1989,-.9663722,10,,
1990,-.9663722,10,,
1991,-.9663722,10,,
1992,-.9663722,10,,
1993,-.9663722,10,,
1994,-.9663722,10,,
1995,-.9663722,10,,
1996,-.9663722,10,,
1997,-.9663722,10,,
1998,-.9663722,10,,
1999,-.9663722,10,,
2000,-.9663722,10,,
2001,-.9663722,10,,
2002,-.9663722,10,,
2003,-.9663722,10,,
2004,-.9663722,10,,
2005,-.9663722,10,7,
2006,-.9663722,10,,
2007,-.9663722,10,,
2008,-.9663722,10,,
2009,-.9663722,10,,
2010,-.9663722,10,,
1880,-.423602,10,,
1900,-.423602,10,,
1920,-.423602,10,,
1929,-.423602,10,,
1930,-.423602,10,,
1931,-.423602,10,,
1932,-.423602,10,,
1933,-.423602,10,,
1934,-.423602,10,,
1935,-.423602,10,,
1936,-.423602,10,,
1937,-.423602,10,,
1938,-.423602,10,,
1939,-.423602,10,,
1940,-.423602,10,,
1941,-.423602,10,,
1942,-.423602,10,,
1943,-.423602,10,,
1944,-.423602,10,,
1945,-.423602,10,,
1946,-.423602,10,,
1947,-.423602,10,,
1948,-.423602,10,,
1949,-.423602,10,,
1950,-.423602,10,,
1951,-.423602,10,,
1952,-.423602,10,,
1953,-.423602,10,,
1954,-.423602,10,,
1955,-.423602,10,,
1956,-.423602,10,,
1957,-.423602,10,,
1958,-.423602,10,,
1959,-.423602,10,,
1960,-.423602,10,,
1961,-.423602,10,,
1962,-.423602,10,,
1963,-.423602,10,,
1964,-.423602,10,,
1965,-.423602,10,,
1966,-.423602,10,,
1967,-.423602,10,,
1968,-.423602,10,,
1969,-.423602,10,,
1970,-.423602,10,,
1971,-.423602,10,,
1972,-.423602,10,,
1973,-.423602,10,,
1974,-.423602,10,,
1975,-.423602,10,,27
1976,-.423602,10,,
1977,-.423602,10,,
1978,-.423602,10,,
1979,-.423602,10,,
1980,-.423602,10,,
1981,-.423602,10,,
1982,-.423602,10,,
1983,-.423602,10,,
1984,-.423602,10,,
1985,-.423602,10,,
1986,-.423602,10,,
1987,-.423602,10,,
1988,-.423602,10,,
1989,-.423602,10,,
1990,-.423602,10,,
1991,-.423602,10,,
1992,-.423602,10,,
1993,-.423602,10,,
1994,-.423602,10,,
1995,-.423602,10,,
1996,-.423602,10,,
1997,-.423602,10,,
1998,-.423602,10,,
1999,-.423602,10,,
2000,-.423602,10,,
2001,-.423602,10,,
2002,-.423602,10,,
2003,-.423602,10,,
2004,-.423602,10,,
2005,-.423602,10,8,
2006,-.423602,10,,
2007,-.423602,10,,
2008,-.423602,10,,
2009,-.423602,10,,
2010,-.423602,10,,
1880,-1.140521,8,,
1900,-1.140521,8,,
1920,-1.140521,8,,
1929,-1.140521,8,,
1930,-1.140521,8,,
1931,-1.140521,8,,
1932,-1.140521,8,,
1933,-1.140521,8,,
1934,-1.140521,8,,
1935,-1.140521,8,,
1936,-1.140521,8,,
1937,-1.140521,8,,
1938,-1.140521,8,,
1939,-1.140521,8,,
1940,-1.140521,8,,
1941,-1.140521,8,,
1942,-1.140521,8,,
1943,-1.140521,8,,
1944,-1.140521,8,,
1945,-1.140521,8,,
1946,-1.140521,8,,
1947,-1.140521,8,,
1948,-1.140521,8,,
1949,-1.140521,8,,
1950,-1.140521,8,,
1951,-1.140521,8,,
1952,-1.140521,8,,
1953,-1.140521,8,,
1954,-1.140521,8,,
1955,-1.140521,8,,
1956,-1.140521,8,,
1957,-1.140521,8,,
1958,-1.140521,8,,
1959,-1.140521,8,,
1960,-1.140521,8,,
1961,-1.140521,8,,
1962,-1.140521,8,,
1963,-1.140521,8,,
1964,-1.140521,8,,
1965,-1.140521,8,,
1966,-1.140521,8,,
1967,-1.140521,8,,
1968,-1.140521,8,,
1969,-1.140521,8,,
1970,-1.140521,8,,
1971,-1.140521,8,,
1972,-1.140521,8,,
1973,-1.140521,8,,
1974,-1.140521,8,,
1975,-1.140521,8,,24
1976,-1.140521,8,,
1977,-1.140521,8,,
1978,-1.140521,8,,
1979,-1.140521,8,,
1980,-1.140521,8,,
1981,-1.140521,8,,
1982,-1.140521,8,,
1983,-1.140521,8,,
1984,-1.140521,8,,
1985,-1.140521,8,,
1986,-1.140521,8,,
1987,-1.140521,8,,
1988,-1.140521,8,,
1989,-1.140521,8,,
1990,-1.140521,8,,
1991,-1.140521,8,,
1992,-1.140521,8,,
1993,-1.140521,8,,
1994,-1.140521,8,,
1995,-1.140521,8,,
1996,-1.140521,8,,
1997,-1.140521,8,,
1998,-1.140521,8,,
1999,-1.140521,8,,
2000,-1.140521,8,,
2001,-1.140521,8,,
2002,-1.140521,8,,
2003,-1.140521,8,,
2004,-1.140521,8,,
2005,-1.140521,8,15,
2006,-1.140521,8,,
2007,-1.140521,8,,
2008,-1.140521,8,,
2009,-1.140521,8,,
2010,-1.140521,8,,
1880,1.57086,9,,
1900,1.57086,9,,
1920,1.57086,9,,
1929,1.57086,9,,
1930,1.57086,9,,
1931,1.57086,9,,
1932,1.57086,9,,
1933,1.57086,9,,
1934,1.57086,9,,
1935,1.57086,9,,
1936,1.57086,9,,
1937,1.57086,9,,
1938,1.57086,9,,
1939,1.57086,9,,
1940,1.57086,9,,
1941,1.57086,9,,
1942,1.57086,9,,
1943,1.57086,9,,
1944,1.57086,9,,
1945,1.57086,9,,
1946,1.57086,9,,
1947,1.57086,9,,
1948,1.57086,9,,
1949,1.57086,9,,
1950,1.57086,9,,
1951,1.57086,9,,
1952,1.57086,9,,
1953,1.57086,9,,
1954,1.57086,9,,
1955,1.57086,9,,
1956,1.57086,9,,
1957,1.57086,9,,
1958,1.57086,9,,
1959,1.57086,9,,
1960,1.57086,9,,
1961,1.57086,9,,
1962,1.57086,9,,
1963,1.57086,9,,
1964,1.57086,9,,
1965,1.57086,9,,
1966,1.57086,9,,
1967,1.57086,9,,
1968,1.57086,9,,
1969,1.57086,9,,
1970,1.57086,9,,
1971,1.57086,9,,
1972,1.57086,9,,
1973,1.57086,9,,
1974,1.57086,9,,
1975,1.57086,9,,25
1976,1.57086,9,,
1977,1.57086,9,,
1978,1.57086,9,,
1979,1.57086,9,,
1980,1.57086,9,,
1981,1.57086,9,,
1982,1.57086,9,,
1983,1.57086,9,,
1984,1.57086,9,,
1985,1.57086,9,,
1986,1.57086,9,,
1987,1.57086,9,,
1988,1.57086,9,,
1989,1.57086,9,,
1990,1.57086,9,,
1991,1.57086,9,,
1992,1.57086,9,,
1993,1.57086,9,,
1994,1.57086,9,,
1995,1.57086,9,,
1996,1.57086,9,,
1997,1.57086,9,,
1998,1.57086,9,,
1999,1.57086,9,,
2000,1.57086,9,,
2001,1.57086,9,,
2002,1.57086,9,,
2003,1.57086,9,,
2004,1.57086,9,,
2005,1.57086,9,33,
2006,1.57086,9,,
2007,1.57086,9,,
2008,1.57086,9,,
2009,1.57086,9,,
2010,1.57086,9,,
1880,1.159479,14,,
1900,1.159479,14,,
1920,1.159479,14,,
1929,1.159479,14,,
1930,1.159479,14,,
1931,1.159479,14,,
1932,1.159479,14,,
1933,1.159479,14,,
1934,1.159479,14,,
1935,1.159479,14,,
1936,1.159479,14,,
1937,1.159479,14,,
1938,1.159479,14,,
1939,1.159479,14,,
1940,1.159479,14,,
1941,1.159479,14,,
1942,1.159479,14,,
1943,1.159479,14,,
1944,1.159479,14,,
1945,1.159479,14,,
1946,1.159479,14,,
1947,1.159479,14,,
1948,1.159479,14,,
1949,1.159479,14,,
1950,1.159479,14,,
1951,1.159479,14,,
1952,1.159479,14,,
1953,1.159479,14,,
1954,1.159479,14,,
1955,1.159479,14,,
1956,1.159479,14,,
1957,1.159479,14,,
1958,1.159479,14,,
1959,1.159479,14,,
1960,1.159479,14,,
1961,1.159479,14,,
1962,1.159479,14,,
1963,1.159479,14,,
1964,1.159479,14,,
1965,1.159479,14,,
1966,1.159479,14,,
1967,1.159479,14,,
1968,1.159479,14,,
1969,1.159479,14,,
1970,1.159479,14,,
1971,1.159479,14,,
1972,1.159479,14,,
1973,1.159479,14,,
1974,1.159479,14,,
1975,1.159479,14,,45
1976,1.159479,14,,
1977,1.159479,14,,
1978,1.159479,14,,
1979,1.159479,14,,
1980,1.159479,14,,
1981,1.159479,14,,
1982,1.159479,14,,
1983,1.159479,14,,
1984,1.159479,14,,
1985,1.159479,14,,
1986,1.159479,14,,
1987,1.159479,14,,
1988,1.159479,14,,
1989,1.159479,14,,
1990,1.159479,14,,
1991,1.159479,14,,
1992,1.159479,14,,
1993,1.159479,14,,
1994,1.159479,14,,
1995,1.159479,14,,
1996,1.159479,14,,
1997,1.159479,14,,
1998,1.159479,14,,
1999,1.159479,14,,
2000,1.159479,14,,
2001,1.159479,14,,
2002,1.159479,14,,
2003,1.159479,14,,
2004,1.159479,14,,
2005,1.159479,14,24,
2006,1.159479,14,,
2007,1.159479,14,,
2008,1.159479,14,,
2009,1.159479,14,,
2010,1.159479,14,,
1880,.7450889,11,,
1900,.7450889,11,,
1920,.7450889,11,,
1929,.7450889,11,,
1930,.7450889,11,,
1931,.7450889,11,,
1932,.7450889,11,,
1933,.7450889,11,,
1934,.7450889,11,,
1935,.7450889,11,,
1936,.7450889,11,,
1937,.7450889,11,,
1938,.7450889,11,,
1939,.7450889,11,,
1940,.7450889,11,,
1941,.7450889,11,,
1942,.7450889,11,,
1943,.7450889,11,,
1944,.7450889,11,,
1945,.7450889,11,,
1946,.7450889,11,,
1947,.7450889,11,,
1948,.7450889,11,,
1949,.7450889,11,,
1950,.7450889,11,,
1951,.7450889,11,,
1952,.7450889,11,,
1953,.7450889,11,,
1954,.7450889,11,,
1955,.7450889,11,,
1956,.7450889,11,,
1957,.7450889,11,,
1958,.7450889,11,,
1959,.7450889,11,,
1960,.7450889,11,,
1961,.7450889,11,,
1962,.7450889,11,,
1963,.7450889,11,,
1964,.7450889,11,,
1965,.7450889,11,,
1966,.7450889,11,,
1967,.7450889,11,,
1968,.7450889,11,,
1969,.7450889,11,,
1970,.7450889,11,,
1971,.7450889,11,,
1972,.7450889,11,,
1973,.7450889,11,,
1974,.7450889,11,,
1975,.7450889,11,,41
1976,.7450889,11,,
1977,.7450889,11,,
1978,.7450889,11,,
1979,.7450889,11,,
1980,.7450889,11,,
1981,.7450889,11,,
1982,.7450889,11,,
1983,.7450889,11,,
1984,.7450889,11,,
1985,.7450889,11,,
1986,.7450889,11,,
1987,.7450889,11,,
1988,.7450889,11,,
1989,.7450889,11,,
1990,.7450889,11,,
1991,.7450889,11,,
1992,.7450889,11,,
1993,.7450889,11,,
1994,.7450889,11,,
1995,.7450889,11,,
1996,.7450889,11,,
1997,.7450889,11,,
1998,.7450889,11,,
1999,.7450889,11,,
2000,.7450889,11,,
2001,.7450889,11,,
2002,.7450889,11,,
2003,.7450889,11,,
2004,.7450889,11,,
2005,.7450889,11,47,
2006,.7450889,11,,
2007,.7450889,11,,
2008,.7450889,11,,
2009,.7450889,11,,
2010,.7450889,11,,
1880,.0152725,10,,
1900,.0152725,10,,
1920,.0152725,10,,
1929,.0152725,10,,
1930,.0152725,10,,
1931,.0152725,10,,
1932,.0152725,10,,
1933,.0152725,10,,
1934,.0152725,10,,
1935,.0152725,10,,
1936,.0152725,10,,
1937,.0152725,10,,
1938,.0152725,10,,
1939,.0152725,10,,
1940,.0152725,10,,
1941,.0152725,10,,
1942,.0152725,10,,
1943,.0152725,10,,
1944,.0152725,10,,
1945,.0152725,10,,
1946,.0152725,10,,
1947,.0152725,10,,
1948,.0152725,10,,
1949,.0152725,10,,
1950,.0152725,10,,
1951,.0152725,10,,
1952,.0152725,10,,
1953,.0152725,10,,
1954,.0152725,10,,
1955,.0152725,10,,
1956,.0152725,10,,
1957,.0152725,10,,
1958,.0152725,10,,
1959,.0152725,10,,
1960,.0152725,10,,
1961,.0152725,10,,
1962,.0152725,10,,
1963,.0152725,10,,
1964,.0152725,10,,
1965,.0152725,10,,
1966,.0152725,10,,
1967,.0152725,10,,
1968,.0152725,10,,
1969,.0152725,10,,
1970,.0152725,10,,
1971,.0152725,10,,
1972,.0152725,10,,
1973,.0152725,10,,
1974,.0152725,10,,
1975,.0152725,10,,30
1976,.0152725,10,,
1977,.0152725,10,,
1978,.0152725,10,,
1979,.0152725,10,,
1980,.0152725,10,,
1981,.0152725,10,,
1982,.0152725,10,,
1983,.0152725,10,,
1984,.0152725,10,,
1985,.0152725,10,,
1986,.0152725,10,,
1987,.0152725,10,,
1988,.0152725,10,,
1989,.0152725,10,,
1990,.0152725,10,,
1991,.0152725,10,,
1992,.0152725,10,,
1993,.0152725,10,,
1994,.0152725,10,,
1995,.0152725,10,,
1996,.0152725,10,,
1997,.0152725,10,,
1998,.0152725,10,,
1999,.0152725,10,,
2000,.0152725,10,,
2001,.0152725,10,,
2002,.0152725,10,,
2003,.0152725,10,,
2004,.0152725,10,,
2005,.0152725,10,29,
2006,.0152725,10,,
2007,.0152725,10,,
2008,.0152725,10,,
2009,.0152725,10,,
2010,.0152725,10,,
1880,.2426256,15,,
1900,.2426256,15,,
1920,.2426256,15,,
1929,.2426256,15,,
1930,.2426256,15,,
1931,.2426256,15,,
1932,.2426256,15,,
1933,.2426256,15,,
1934,.2426256,15,,
1935,.2426256,15,,
1936,.2426256,15,,
1937,.2426256,15,,
1938,.2426256,15,,
1939,.2426256,15,,
1940,.2426256,15,,
1941,.2426256,15,,
1942,.2426256,15,,
1943,.2426256,15,,
1944,.2426256,15,,
1945,.2426256,15,,
1946,.2426256,15,,
1947,.2426256,15,,
1948,.2426256,15,,
1949,.2426256,15,,
1950,.2426256,15,,
1951,.2426256,15,,
1952,.2426256,15,,
1953,.2426256,15,,
1954,.2426256,15,,
1955,.2426256,15,,
1956,.2426256,15,,
1957,.2426256,15,,
1958,.2426256,15,,
1959,.2426256,15,,
1960,.2426256,15,,
1961,.2426256,15,,
1962,.2426256,15,,
1963,.2426256,15,,
1964,.2426256,15,,
1965,.2426256,15,,
1966,.2426256,15,,
1967,.2426256,15,,
1968,.2426256,15,,
1969,.2426256,15,,
1970,.2426256,15,,
1971,.2426256,15,,
1972,.2426256,15,,
1973,.2426256,15,,
1974,.2426256,15,,
1975,.2426256,15,,29
1976,.2426256,15,,
1977,.2426256,15,,
1978,.2426256,15,,
1979,.2426256,15,,
1980,.2426256,15,,
1981,.2426256,15,,
1982,.2426256,15,,
1983,.2426256,15,,
1984,.2426256,15,,
1985,.2426256,15,,
1986,.2426256,15,,
1987,.2426256,15,,
1988,.2426256,15,,
1989,.2426256,15,,
1990,.2426256,15,,
1991,.2426256,15,,
1992,.2426256,15,,
1993,.2426256,15,,
1994,.2426256,15,,
1995,.2426256,15,,
1996,.2426256,15,,
1997,.2426256,15,,
1998,.2426256,15,,
1999,.2426256,15,,
2000,.2426256,15,,
2001,.2426256,15,,
2002,.2426256,15,,
2003,.2426256,15,,
2004,.2426256,15,,
2005,.2426256,15,36,
2006,.2426256,15,,
2007,.2426256,15,,
2008,.2426256,15,,
2009,.2426256,15,,
2010,.2426256,15,,
1880,-.8157814,7,,
1900,-.8157814,7,,
1920,-.8157814,7,,
1929,-.8157814,7,,
1930,-.8157814,7,,
1931,-.8157814,7,,
1932,-.8157814,7,,
1933,-.8157814,7,,
1934,-.8157814,7,,
1935,-.8157814,7,,
1936,-.8157814,7,,
1937,-.8157814,7,,
1938,-.8157814,7,,
1939,-.8157814,7,,
1940,-.8157814,7,,
1941,-.8157814,7,,
1942,-.8157814,7,,
1943,-.8157814,7,,
1944,-.8157814,7,,
1945,-.8157814,7,,
1946,-.8157814,7,,
1947,-.8157814,7,,
1948,-.8157814,7,,
1949,-.8157814,7,,
1950,-.8157814,7,,
1951,-.8157814,7,,
1952,-.8157814,7,,
1953,-.8157814,7,,
1954,-.8157814,7,,
1955,-.8157814,7,,
1956,-.8157814,7,,
1957,-.8157814,7,,
1958,-.8157814,7,,
1959,-.8157814,7,,
1960,-.8157814,7,,
1961,-.8157814,7,,
1962,-.8157814,7,,
1963,-.8157814,7,,
1964,-.8157814,7,,
1965,-.8157814,7,,
1966,-.8157814,7,,
1967,-.8157814,7,,
1968,-.8157814,7,,
1969,-.8157814,7,,
1970,-.8157814,7,,
1971,-.8157814,7,,
1972,-.8157814,7,,
1973,-.8157814,7,,
1974,-.8157814,7,,
1975,-.8157814,7,,31
1976,-.8157814,7,,
1977,-.8157814,7,,
1978,-.8157814,7,,
1979,-.8157814,7,,
1980,-.8157814,7,,
1981,-.8157814,7,,
1982,-.8157814,7,,
1983,-.8157814,7,,
1984,-.8157814,7,,
1985,-.8157814,7,,
1986,-.8157814,7,,
1987,-.8157814,7,,
1988,-.8157814,7,,
1989,-.8157814,7,,
1990,-.8157814,7,,
1991,-.8157814,7,,
1992,-.8157814,7,,
1993,-.8157814,7,,
1994,-.8157814,7,,
1995,-.8157814,7,,
1996,-.8157814,7,,
1997,-.8157814,7,,
1998,-.8157814,7,,
1999,-.8157814,7,,
2000,-.8157814,7,,
2001,-.8157814,7,,
2002,-.8157814,7,,
2003,-.8157814,7,,
2004,-.8157814,7,,
2005,-.8157814,7,13,
2006,-.8157814,7,,
2007,-.8157814,7,,
2008,-.8157814,7,,
2009,-.8157814,7,,
2010,-.8157814,7,,
1880,-.7378471,7,,
1900,-.7378471,7,,
1920,-.7378471,7,,
1929,-.7378471,7,,
1930,-.7378471,7,,
1931,-.7378471,7,,
1932,-.7378471,7,,
1933,-.7378471,7,,
1934,-.7378471,7,,
1935,-.7378471,7,,
1936,-.7378471,7,,
1937,-.7378471,7,,
1938,-.7378471,7,,
1939,-.7378471,7,,
1940,-.7378471,7,,
1941,-.7378471,7,,
1942,-.7378471,7,,
1943,-.7378471,7,,
1944,-.7378471,7,,
1945,-.7378471,7,,
1946,-.7378471,7,,
1947,-.7378471,7,,
1948,-.7378471,7,,
1949,-.7378471,7,,
1950,-.7378471,7,,
1951,-.7378471,7,,
1952,-.7378471,7,,
1953,-.7378471,7,,
1954,-.7378471,7,,
1955,-.7378471,7,,
1956,-.7378471,7,,
1957,-.7378471,7,,
1958,-.7378471,7,,
1959,-.7378471,7,,
1960,-.7378471,7,,
1961,-.7378471,7,,
1962,-.7378471,7,,
1963,-.7378471,7,,
1964,-.7378471,7,,
1965,-.7378471,7,,
1966,-.7378471,7,,
1967,-.7378471,7,,
1968,-.7378471,7,,
1969,-.7378471,7,,
1970,-.7378471,7,,
1971,-.7378471,7,,
1972,-.7378471,7,,
1973,-.7378471,7,,
1974,-.7378471,7,,
1975,-.7378471,7,,20
1976,-.7378471,7,,
1977,-.7378471,7,,
1978,-.7378471,7,,
1979,-.7378471,7,,
1980,-.7378471,7,,
1981,-.7378471,7,,
1982,-.7378471,7,,
1983,-.7378471,7,,
1984,-.7378471,7,,
1985,-.7378471,7,,
1986,-.7378471,7,,
1987,-.7378471,7,,
1988,-.7378471,7,,
1989,-.7378471,7,,
1990,-.7378471,7,,
1991,-.7378471,7,,
1992,-.7378471,7,,
1993,-.7378471,7,,
1994,-.7378471,7,,
1995,-.7378471,7,,
1996,-.7378471,7,,
1997,-.7378471,7,,
1998,-.7378471,7,,
1999,-.7378471,7,,
2000,-.7378471,7,,
2001,-.7378471,7,,
2002,-.7378471,7,,
2003,-.7378471,7,,
2004,-.7378471,7,,
2005,-.7378471,7,23,
2006,-.7378471,7,,
2007,-.7378471,7,,
2008,-.7378471,7,,
2009,-.7378471,7,,
2010,-.7378471,7,,
1880,-.1050767,10,,
1900,-.1050767,10,,
1920,-.1050767,10,,
1929,-.1050767,10,,
1930,-.1050767,10,,
1931,-.1050767,10,,
1932,-.1050767,10,,
1933,-.1050767,10,,
1934,-.1050767,10,,
1935,-.1050767,10,,
1936,-.1050767,10,,
1937,-.1050767,10,,
1938,-.1050767,10,,
1939,-.1050767,10,,
1940,-.1050767,10,,
1941,-.1050767,10,,
1942,-.1050767,10,,
1943,-.1050767,10,,
1944,-.1050767,10,,
1945,-.1050767,10,,
1946,-.1050767,10,,
1947,-.1050767,10,,
1948,-.1050767,10,,
1949,-.1050767,10,,
1950,-.1050767,10,,
1951,-.1050767,10,,
1952,-.1050767,10,,
1953,-.1050767,10,,
1954,-.1050767,10,,
1955,-.1050767,10,,
1956,-.1050767,10,,
1957,-.1050767,10,,
1958,-.1050767,10,,
1959,-.1050767,10,,
1960,-.1050767,10,,
1961,-.1050767,10,,
1962,-.1050767,10,,
1963,-.1050767,10,,
1964,-.1050767,10,,
1965,-.1050767,10,,
1966,-.1050767,10,,
1967,-.1050767,10,,
1968,-.1050767,10,,
1969,-.1050767,10,,
1970,-.1050767,10,,
1971,-.1050767,10,,
1972,-.1050767,10,,
1973,-.1050767,10,,
1974,-.1050767,10,,
1975,-.1050767,10,,42
1976,-.1050767,10,,
1977,-.1050767,10,,
1978,-.1050767,10,,
1979,-.1050767,10,,
1980,-.1050767,10,,
1981,-.1050767,10,,
1982,-.1050767,10,,
1983,-.1050767,10,,
1984,-.1050767,10,,
1985,-.1050767,10,,
1986,-.1050767,10,,
1987,-.1050767,10,,
1988,-.1050767,10,,
1989,-.1050767,10,,
1990,-.1050767,10,,
1991,-.1050767,10,,
1992,-.1050767,10,,
1993,-.1050767,10,,
1994,-.1050767,10,,
1995,-.1050767,10,,
1996,-.1050767,10,,
1997,-.1050767,10,,
1998,-.1050767,10,,
1999,-.1050767,10,,
2000,-.1050767,10,,
2001,-.1050767,10,,
2002,-.1050767,10,,
2003,-.1050767,10,,
2004,-.1050767,10,,
2005,-.1050767,10,35,
2006,-.1050767,10,,
2007,-.1050767,10,,
2008,-.1050767,10,,
2009,-.1050767,10,,
2010,-.1050767,10,,
1880,-.2082547,12,,
1900,-.2082547,12,,
1920,-.2082547,12,,
1929,-.2082547,12,,
1930,-.2082547,12,,
1931,-.2082547,12,,
1932,-.2082547,12,,
1933,-.2082547,12,,
1934,-.2082547,12,,
1935,-.2082547,12,,
1936,-.2082547,12,,
1937,-.2082547,12,,
1938,-.2082547,12,,
1939,-.2082547,12,,
1940,-.2082547,12,,
1941,-.2082547,12,,
1942,-.2082547,12,,
1943,-.2082547,12,,
1944,-.2082547,12,,
1945,-.2082547,12,,
1946,-.2082547,12,,
1947,-.2082547,12,,
1948,-.2082547,12,,
1949,-.2082547,12,,
1950,-.2082547,12,,
1951,-.2082547,12,,
1952,-.2082547,12,,
1953,-.2082547,12,,
1954,-.2082547,12,,
1955,-.2082547,12,,
1956,-.2082547,12,,
1957,-.2082547,12,,
1958,-.2082547,12,,
1959,-.2082547,12,,
1960,-.2082547,12,,
1961,-.2082547,12,,
1962,-.2082547,12,,
1963,-.2082547,12,,
1964,-.2082547,12,,
1965,-.2082547,12,,
1966,-.2082547,12,,
1967,-.2082547,12,,
1968,-.2082547,12,,
1969,-.2082547,12,,
1970,-.2082547,12,,
1971,-.2082547,12,,
1972,-.2082547,12,,
1973,-.2082547,12,,
1974,-.2082547,12,,
1975,-.2082547,12,,11
1976,-.2082547,12,,
1977,-.2082547,12,,
1978,-.2082547,12,,
1979,-.2082547,12,,
1980,-.2082547,12,,
1981,-.2082547,12,,
1982,-.2082547,12,,
1983,-.2082547,12,,
1984,-.2082547,12,,
1985,-.2082547,12,,
1986,-.2082547,12,,
1987,-.2082547,12,,
1988,-.2082547,12,,
1989,-.2082547,12,,
1990,-.2082547,12,,
1991,-.2082547,12,,
1992,-.2082547,12,,
1993,-.2082547,12,,
1994,-.2082547,12,,
1995,-.2082547,12,,
1996,-.2082547,12,,
1997,-.2082547,12,,
1998,-.2082547,12,,
1999,-.2082547,12,,
2000,-.2082547,12,,
2001,-.2082547,12,,
2002,-.2082547,12,,
2003,-.2082547,12,,
2004,-.2082547,12,,
2005,-.2082547,12,14,
2006,-.2082547,12,,
2007,-.2082547,12,,
2008,-.2082547,12,,
2009,-.2082547,12,,
2010,-.2082547,12,,
1880,-.8339332,6,,
1900,-.8339332,6,,
1920,-.8339332,6,,
1929,-.8339332,6,,
1930,-.8339332,6,,
1931,-.8339332,6,,
1932,-.8339332,6,,
1933,-.8339332,6,,
1934,-.8339332,6,,
1935,-.8339332,6,,
1936,-.8339332,6,,
1937,-.8339332,6,,
1938,-.8339332,6,,
1939,-.8339332,6,,
1940,-.8339332,6,,
1941,-.8339332,6,,
1942,-.8339332,6,,
1943,-.8339332,6,,
1944,-.8339332,6,,
1945,-.8339332,6,,
1946,-.8339332,6,,
1947,-.8339332,6,,
1948,-.8339332,6,,
1949,-.8339332,6,,
1950,-.8339332,6,,
1951,-.8339332,6,,
1952,-.8339332,6,,
1953,-.8339332,6,,
1954,-.8339332,6,,
1955,-.8339332,6,,
1956,-.8339332,6,,
1957,-.8339332,6,,
1958,-.8339332,6,,
1959,-.8339332,6,,
1960,-.8339332,6,,
1961,-.8339332,6,,
1962,-.8339332,6,,
1963,-.8339332,6,,
1964,-.8339332,6,,
1965,-.8339332,6,,
1966,-.8339332,6,,
1967,-.8339332,6,,
1968,-.8339332,6,,
1969,-.8339332,6,,
1970,-.8339332,6,,
1971,-.8339332,6,,
1972,-.8339332,6,,
1973,-.8339332,6,,
1974,-.8339332,6,,
1975,-.8339332,6,,10
1976,-.8339332,6,,
1977,-.8339332,6,,
1978,-.8339332,6,,
1979,-.8339332,6,,
1980,-.8339332,6,,
1981,-.8339332,6,,
1982,-.8339332,6,,
1983,-.8339332,6,,
1984,-.8339332,6,,
1985,-.8339332,6,,
1986,-.8339332,6,,
1987,-.8339332,6,,
1988,-.8339332,6,,
1989,-.8339332,6,,
1990,-.8339332,6,,
1991,-.8339332,6,,
1992,-.8339332,6,,
1993,-.8339332,6,,
1994,-.8339332,6,,
1995,-.8339332,6,,
1996,-.8339332,6,,
1997,-.8339332,6,,
1998,-.8339332,6,,
1999,-.8339332,6,,
2000,-.8339332,6,,
2001,-.8339332,6,,
2002,-.8339332,6,,
2003,-.8339332,6,,
2004,-.8339332,6,,
2005,-.8339332,6,18,
2006,-.8339332,6,,
2007,-.8339332,6,,
2008,-.8339332,6,,
2009,-.8339332,6,,
2010,-.8339332,6,,
1880,-.212238,6,,
1900,-.212238,6,,
1920,-.212238,6,,
1929,-.212238,6,,
1930,-.212238,6,,
1931,-.212238,6,,
1932,-.212238,6,,
1933,-.212238,6,,
1934,-.212238,6,,
1935,-.212238,6,,
1936,-.212238,6,,
1937,-.212238,6,,
1938,-.212238,6,,
1939,-.212238,6,,
1940,-.212238,6,,
1941,-.212238,6,,
1942,-.212238,6,,
1943,-.212238,6,,
1944,-.212238,6,,
1945,-.212238,6,,
1946,-.212238,6,,
1947,-.212238,6,,
1948,-.212238,6,,
1949,-.212238,6,,
1950,-.212238,6,,
1951,-.212238,6,,
1952,-.212238,6,,
1953,-.212238,6,,
1954,-.212238,6,,
1955,-.212238,6,,
1956,-.212238,6,,
1957,-.212238,6,,
1958,-.212238,6,,
1959,-.212238,6,,
1960,-.212238,6,,
1961,-.212238,6,,
1962,-.212238,6,,
1963,-.212238,6,,
1964,-.212238,6,,
1965,-.212238,6,,
1966,-.212238,6,,
1967,-.212238,6,,
1968,-.212238,6,,
1969,-.212238,6,,
1970,-.212238,6,,
1971,-.212238,6,,
1972,-.212238,6,,
1973,-.212238,6,,
1974,-.212238,6,,
1975,-.212238,6,,19
1976,-.212238,6,,
1977,-.212238,6,,
1978,-.212238,6,,
1979,-.212238,6,,
1980,-.212238,6,,
1981,-.212238,6,,
1982,-.212238,6,,
1983,-.212238,6,,
1984,-.212238,6,,
1985,-.212238,6,,
1986,-.212238,6,,
1987,-.212238,6,,
1988,-.212238,6,,
1989,-.212238,6,,
1990,-.212238,6,,
1991,-.212238,6,,
1992,-.212238,6,,
1993,-.212238,6,,
1994,-.212238,6,,
1995,-.212238,6,,
1996,-.212238,6,,
1997,-.212238,6,,
1998,-.212238,6,,
1999,-.212238,6,,
2000,-.212238,6,,
2001,-.212238,6,,
2002,-.212238,6,,
2003,-.212238,6,,
2004,-.212238,6,,
2005,-.212238,6,21,
2006,-.212238,6,,
2007,-.212238,6,,
2008,-.212238,6,,
2009,-.212238,6,,
2010,-.212238,6,,
1880,1.702507,8,,
1900,1.702507,8,,
1920,1.702507,8,,
1929,1.702507,8,,
1930,1.702507,8,,
1931,1.702507,8,,
1932,1.702507,8,,
1933,1.702507,8,,
1934,1.702507,8,,
1935,1.702507,8,,
1936,1.702507,8,,
1937,1.702507,8,,
1938,1.702507,8,,
1939,1.702507,8,,
1940,1.702507,8,,
1941,1.702507,8,,
1942,1.702507,8,,
1943,1.702507,8,,
1944,1.702507,8,,
1945,1.702507,8,,
1946,1.702507,8,,
1947,1.702507,8,,
1948,1.702507,8,,
1949,1.702507,8,,
1950,1.702507,8,,
1951,1.702507,8,,
1952,1.702507,8,,
1953,1.702507,8,,
1954,1.702507,8,,
1955,1.702507,8,,
1956,1.702507,8,,
1957,1.702507,8,,
1958,1.702507,8,,
1959,1.702507,8,,
1960,1.702507,8,,
1961,1.702507,8,,
1962,1.702507,8,,
1963,1.702507,8,,
1964,1.702507,8,,
1965,1.702507,8,,
1966,1.702507,8,,
1967,1.702507,8,,
1968,1.702507,8,,
1969,1.702507,8,,
1970,1.702507,8,,
1971,1.702507,8,,
1972,1.702507,8,,
1973,1.702507,8,,
1974,1.702507,8,,
1975,1.702507,8,,46
1976,1.702507,8,,
1977,1.702507,8,,
1978,1.702507,8,,
1979,1.702507,8,,
1980,1.702507,8,,
1981,1.702507,8,,
1982,1.702507,8,,
1983,1.702507,8,,
1984,1.702507,8,,
1985,1.702507,8,,
1986,1.702507,8,,
1987,1.702507,8,,
1988,1.702507,8,,
1989,1.702507,8,,
1990,1.702507,8,,
1991,1.702507,8,,
1992,1.702507,8,,
1993,1.702507,8,,
1994,1.702507,8,,
1995,1.702507,8,,
1996,1.702507,8,,
1997,1.702507,8,,
1998,1.702507,8,,
1999,1.702507,8,,
2000,1.702507,8,,
2001,1.702507,8,,
2002,1.702507,8,,
2003,1.702507,8,,
2004,1.702507,8,,
2005,1.702507,8,41,
2006,1.702507,8,,
2007,1.702507,8,,
2008,1.702507,8,,
2009,1.702507,8,,
2010,1.702507,8,,
1880,.8012491,15,,
1900,.8012491,15,,
1920,.8012491,15,,
1929,.8012491,15,,
1930,.8012491,15,,
1931,.8012491,15,,
1932,.8012491,15,,
1933,.8012491,15,,
1934,.8012491,15,,
1935,.8012491,15,,
1936,.8012491,15,,
1937,.8012491,15,,
1938,.8012491,15,,
1939,.8012491,15,,
1940,.8012491,15,,
1941,.8012491,15,,
1942,.8012491,15,,
1943,.8012491,15,,
1944,.8012491,15,,
1945,.8012491,15,,
1946,.8012491,15,,
1947,.8012491,15,,
1948,.8012491,15,,
1949,.8012491,15,,
1950,.8012491,15,,
1951,.8012491,15,,
1952,.8012491,15,,
1953,.8012491,15,,
1954,.8012491,15,,
1955,.8012491,15,,
1956,.8012491,15,,
1957,.8012491,15,,
1958,.8012491,15,,
1959,.8012491,15,,
1960,.8012491,15,,
1961,.8012491,15,,
1962,.8012491,15,,
1963,.8012491,15,,
1964,.8012491,15,,
1965,.8012491,15,,
1966,.8012491,15,,
1967,.8012491,15,,
1968,.8012491,15,,
1969,.8012491,15,,
1970,.8012491,15,,
1971,.8012491,15,,
1972,.8012491,15,,
1973,.8012491,15,,
1974,.8012491,15,,
1975,.8012491,15,,39
1976,.8012491,15,,
1977,.8012491,15,,
1978,.8012491,15,,
1979,.8012491,15,,
1980,.8012491,15,,
1981,.8012491,15,,
1982,.8012491,15,,
1983,.8012491,15,,
1984,.8012491,15,,
1985,.8012491,15,,
1986,.8012491,15,,
1987,.8012491,15,,
1988,.8012491,15,,
1989,.8012491,15,,
1990,.8012491,15,,
1991,.8012491,15,,
1992,.8012491,15,,
1993,.8012491,15,,
1994,.8012491,15,,
1995,.8012491,15,,
1996,.8012491,15,,
1997,.8012491,15,,
1998,.8012491,15,,
1999,.8012491,15,,
2000,.8012491,15,,
2001,.8012491,15,,
2002,.8012491,15,,
2003,.8012491,15,,
2004,.8012491,15,,
2005,.8012491,15,39,
2006,.8012491,15,,
2007,.8012491,15,,
2008,.8012491,15,,
2009,.8012491,15,,
2010,.8012491,15,,
1880,.3186186,6,,
1900,.3186186,6,,
1920,.3186186,6,,
1929,.3186186,6,,
1930,.3186186,6,,
1931,.3186186,6,,
1932,.3186186,6,,
1933,.3186186,6,,
1934,.3186186,6,,
1935,.3186186,6,,
1936,.3186186,6,,
1937,.3186186,6,,
1938,.3186186,6,,
1939,.3186186,6,,
1940,.3186186,6,,
1941,.3186186,6,,
1942,.3186186,6,,
1943,.3186186,6,,
1944,.3186186,6,,
1945,.3186186,6,,
1946,.3186186,6,,
1947,.3186186,6,,
1948,.3186186,6,,
1949,.3186186,6,,
1950,.3186186,6,,
1951,.3186186,6,,
1952,.3186186,6,,
1953,.3186186,6,,
1954,.3186186,6,,
1955,.3186186,6,,
1956,.3186186,6,,
1957,.3186186,6,,
1958,.3186186,6,,
1959,.3186186,6,,
1960,.3186186,6,,
1961,.3186186,6,,
1962,.3186186,6,,
1963,.3186186,6,,
1964,.3186186,6,,
1965,.3186186,6,,
1966,.3186186,6,,
1967,.3186186,6,,
1968,.3186186,6,,
1969,.3186186,6,,
1970,.3186186,6,,
1971,.3186186,6,,
1972,.3186186,6,,
1973,.3186186,6,,
1974,.3186186,6,,
1975,.3186186,6,,1
1976,.3186186,6,,
1977,.3186186,6,,
1978,.3186186,6,,
1979,.3186186,6,,
1980,.3186186,6,,
1981,.3186186,6,,
1982,.3186186,6,,
1983,.3186186,6,,
1984,.3186186,6,,
1985,.3186186,6,,
1986,.3186186,6,,
1987,.3186186,6,,
1988,.3186186,6,,
1989,.3186186,6,,
1990,.3186186,6,,
1991,.3186186,6,,
1992,.3186186,6,,
1993,.3186186,6,,
1994,.3186186,6,,
1995,.3186186,6,,
1996,.3186186,6,,
1997,.3186186,6,,
1998,.3186186,6,,
1999,.3186186,6,,
2000,.3186186,6,,
2001,.3186186,6,,
2002,.3186186,6,,
2003,.3186186,6,,
2004,.3186186,6,,
2005,.3186186,6,31,
2006,.3186186,6,,
2007,.3186186,6,,
2008,.3186186,6,,
2009,.3186186,6,,
2010,.3186186,6,,
1880,-.5405596,10,,
1900,-.5405596,10,,
1920,-.5405596,10,,
1929,-.5405596,10,,
1930,-.5405596,10,,
1931,-.5405596,10,,
1932,-.5405596,10,,
1933,-.5405596,10,,
1934,-.5405596,10,,
1935,-.5405596,10,,
1936,-.5405596,10,,
1937,-.5405596,10,,
1938,-.5405596,10,,
1939,-.5405596,10,,
1940,-.5405596,10,,
1941,-.5405596,10,,
1942,-.5405596,10,,
1943,-.5405596,10,,
1944,-.5405596,10,,
1945,-.5405596,10,,
1946,-.5405596,10,,
1947,-.5405596,10,,
1948,-.5405596,10,,
1949,-.5405596,10,,
1950,-.5405596,10,,
1951,-.5405596,10,,
1952,-.5405596,10,,
1953,-.5405596,10,,
1954,-.5405596,10,,
1955,-.5405596,10,,
1956,-.5405596,10,,
1957,-.5405596,10,,
1958,-.5405596,10,,
1959,-.5405596,10,,
1960,-.5405596,10,,
1961,-.5405596,10,,
1962,-.5405596,10,,
1963,-.5405596,10,,
1964,-.5405596,10,,
1965,-.5405596,10,,
1966,-.5405596,10,,
1967,-.5405596,10,,
1968,-.5405596,10,,
1969,-.5405596,10,,
1970,-.5405596,10,,
1971,-.5405596,10,,
1972,-.5405596,10,,
1973,-.5405596,10,,
1974,-.5405596,10,,
1975,-.5405596,10,,37
1976,-.5405596,10,,
1977,-.5405596,10,,
1978,-.5405596,10,,
1979,-.5405596,10,,
1980,-.5405596,10,,
1981,-.5405596,10,,
1982,-.5405596,10,,
1983,-.5405596,10,,
1984,-.5405596,10,,
1985,-.5405596,10,,
1986,-.5405596,10,,
1987,-.5405596,10,,
1988,-.5405596,10,,
1989,-.5405596,10,,
1990,-.5405596,10,,
1991,-.5405596,10,,
1992,-.5405596,10,,
1993,-.5405596,10,,
1994,-.5405596,10,,
1995,-.5405596,10,,
1996,-.5405596,10,,
1997,-.5405596,10,,
1998,-.5405596,10,,
1999,-.5405596,10,,
2000,-.5405596,10,,
2001,-.5405596,10,,
2002,-.5405596,10,,
2003,-.5405596,10,,
2004,-.5405596,10,,
2005,-.5405596,10,10,
2006,-.5405596,10,,
2007,-.5405596,10,,
2008,-.5405596,10,,
2009,-.5405596,10,,
2010,-.5405596,10,,
1880,.311118,11,,
1900,.311118,11,,
1920,.311118,11,,
1929,.311118,11,,
1930,.311118,11,,
1931,.311118,11,,
1932,.311118,11,,
1933,.311118,11,,
1934,.311118,11,,
1935,.311118,11,,
1936,.311118,11,,
1937,.311118,11,,
1938,.311118,11,,
1939,.311118,11,,
1940,.311118,11,,
1941,.311118,11,,
1942,.311118,11,,
1943,.311118,11,,
1944,.311118,11,,
1945,.311118,11,,
1946,.311118,11,,
1947,.311118,11,,
1948,.311118,11,,
1949,.311118,11,,
1950,.311118,11,,
1951,.311118,11,,
1952,.311118,11,,
1953,.311118,11,,
1954,.311118,11,,
1955,.311118,11,,
1956,.311118,11,,
1957,.311118,11,,
1958,.311118,11,,
1959,.311118,11,,
1960,.311118,11,,
1961,.311118,11,,
1962,.311118,11,,
1963,.311118,11,,
1964,.311118,11,,
1965,.311118,11,,
1966,.311118,11,,
1967,.311118,11,,
1968,.311118,11,,
1969,.311118,11,,
1970,.311118,11,,
1971,.311118,11,,
1972,.311118,11,,
1973,.311118,11,,
1974,.311118,11,,
1975,.311118,11,,23
1976,.311118,11,,
1977,.311118,11,,
1978,.311118,11,,
1979,.311118,11,,
1980,.311118,11,,
1981,.311118,11,,
1982,.311118,11,,
1983,.311118,11,,
1984,.311118,11,,
1985,.311118,11,,
1986,.311118,11,,
1987,.311118,11,,
1988,.311118,11,,
1989,.311118,11,,
1990,.311118,11,,
1991,.311118,11,,
1992,.311118,11,,
1993,.311118,11,,
1994,.311118,11,,
1995,.311118,11,,
1996,.311118,11,,
1997,.311118,11,,
1998,.311118,11,,
1999,.311118,11,,
2000,.311118,11,,
2001,.311118,11,,
2002,.311118,11,,
2003,.311118,11,,
2004,.311118,11,,
2005,.311118,11,28,
2006,.311118,11,,
2007,.311118,11,,
2008,.311118,11,,
2009,.311118,11,,
2010,.311118,11,,
1880,-.3095257,7,,
1900,-.3095257,7,,
1920,-.3095257,7,,
1929,-.3095257,7,,
1930,-.3095257,7,,
1931,-.3095257,7,,
1932,-.3095257,7,,
1933,-.3095257,7,,
1934,-.3095257,7,,
1935,-.3095257,7,,
1936,-.3095257,7,,
1937,-.3095257,7,,
1938,-.3095257,7,,
1939,-.3095257,7,,
1940,-.3095257,7,,
1941,-.3095257,7,,
1942,-.3095257,7,,
1943,-.3095257,7,,
1944,-.3095257,7,,
1945,-.3095257,7,,
1946,-.3095257,7,,
1947,-.3095257,7,,
1948,-.3095257,7,,
1949,-.3095257,7,,
1950,-.3095257,7,,
1951,-.3095257,7,,
1952,-.3095257,7,,
1953,-.3095257,7,,
1954,-.3095257,7,,
1955,-.3095257,7,,
1956,-.3095257,7,,
1957,-.3095257,7,,
1958,-.3095257,7,,
1959,-.3095257,7,,
1960,-.3095257,7,,
1961,-.3095257,7,,
1962,-.3095257,7,,
1963,-.3095257,7,,
1964,-.3095257,7,,
1965,-.3095257,7,,
1966,-.3095257,7,,
1967,-.3095257,7,,
1968,-.3095257,7,,
1969,-.3095257,7,,
1970,-.3095257,7,,
1971,-.3095257,7,,
1972,-.3095257,7,,
1973,-.3095257,7,,
1974,-.3095257,7,,
1975,-.3095257,7,,18
1976,-.3095257,7,,
1977,-.3095257,7,,
1978,-.3095257,7,,
1979,-.3095257,7,,
1980,-.3095257,7,,
1981,-.3095257,7,,
1982,-.3095257,7,,
1983,-.3095257,7,,
1984,-.3095257,7,,
1985,-.3095257,7,,
1986,-.3095257,7,,
1987,-.3095257,7,,
1988,-.3095257,7,,
1989,-.3095257,7,,
1990,-.3095257,7,,
1991,-.3095257,7,,
1992,-.3095257,7,,
1993,-.3095257,7,,
1994,-.3095257,7,,
1995,-.3095257,7,,
1996,-.3095257,7,,
1997,-.3095257,7,,
1998,-.3095257,7,,
1999,-.3095257,7,,
2000,-.3095257,7,,
2001,-.3095257,7,,
2002,-.3095257,7,,
2003,-.3095257,7,,
2004,-.3095257,7,,
2005,-.3095257,7,27,
2006,-.3095257,7,,
2007,-.3095257,7,,
2008,-.3095257,7,,
2009,-.3095257,7,,
2010,-.3095257,7,,
1880,-.5562267,6,,
1900,-.5562267,6,,
1920,-.5562267,6,,
1929,-.5562267,6,,
1930,-.5562267,6,,
1931,-.5562267,6,,
1932,-.5562267,6,,
1933,-.5562267,6,,
1934,-.5562267,6,,
1935,-.5562267,6,,
1936,-.5562267,6,,
1937,-.5562267,6,,
1938,-.5562267,6,,
1939,-.5562267,6,,
1940,-.5562267,6,,
1941,-.5562267,6,,
1942,-.5562267,6,,
1943,-.5562267,6,,
1944,-.5562267,6,,
1945,-.5562267,6,,
1946,-.5562267,6,,
1947,-.5562267,6,,
1948,-.5562267,6,,
1949,-.5562267,6,,
1950,-.5562267,6,,
1951,-.5562267,6,,
1952,-.5562267,6,,
1953,-.5562267,6,,
1954,-.5562267,6,,
1955,-.5562267,6,,
1956,-.5562267,6,,
1957,-.5562267,6,,
1958,-.5562267,6,,
1959,-.5562267,6,,
1960,-.5562267,6,,
1961,-.5562267,6,,
1962,-.5562267,6,,
1963,-.5562267,6,,
1964,-.5562267,6,,
1965,-.5562267,6,,
1966,-.5562267,6,,
1967,-.5562267,6,,
1968,-.5562267,6,,
1969,-.5562267,6,,
1970,-.5562267,6,,
1971,-.5562267,6,,
1972,-.5562267,6,,
1973,-.5562267,6,,
1974,-.5562267,6,,
1975,-.5562267,6,,15
1976,-.5562267,6,,
1977,-.5562267,6,,
1978,-.5562267,6,,
1979,-.5562267,6,,
1980,-.5562267,6,,
1981,-.5562267,6,,
1982,-.5562267,6,,
1983,-.5562267,6,,
1984,-.5562267,6,,
1985,-.5562267,6,,
1986,-.5562267,6,,
1987,-.5562267,6,,
1988,-.5562267,6,,
1989,-.5562267,6,,
1990,-.5562267,6,,
1991,-.5562267,6,,
1992,-.5562267,6,,
1993,-.5562267,6,,
1994,-.5562267,6,,
1995,-.5562267,6,,
1996,-.5562267,6,,
1997,-.5562267,6,,
1998,-.5562267,6,,
1999,-.5562267,6,,
2000,-.5562267,6,,
2001,-.5562267,6,,
2002,-.5562267,6,,
2003,-.5562267,6,,
2004,-.5562267,6,,
2005,-.5562267,6,2,
2006,-.5562267,6,,
2007,-.5562267,6,,
2008,-.5562267,6,,
2009,-.5562267,6,,
2010,-.5562267,6,,
1880,.3246567,15,,
1900,.3246567,15,,
1920,.3246567,15,,
1929,.3246567,15,,
1930,.3246567,15,,
1931,.3246567,15,,
1932,.3246567,15,,
1933,.3246567,15,,
1934,.3246567,15,,
1935,.3246567,15,,
1936,.3246567,15,,
1937,.3246567,15,,
1938,.3246567,15,,
1939,.3246567,15,,
1940,.3246567,15,,
1941,.3246567,15,,
1942,.3246567,15,,
1943,.3246567,15,,
1944,.3246567,15,,
1945,.3246567,15,,
1946,.3246567,15,,
1947,.3246567,15,,
1948,.3246567,15,,
1949,.3246567,15,,
1950,.3246567,15,,
1951,.3246567,15,,
1952,.3246567,15,,
1953,.3246567,15,,
1954,.3246567,15,,
1955,.3246567,15,,
1956,.3246567,15,,
1957,.3246567,15,,
1958,.3246567,15,,
1959,.3246567,15,,
1960,.3246567,15,,
1961,.3246567,15,,
1962,.3246567,15,,
1963,.3246567,15,,
1964,.3246567,15,,
1965,.3246567,15,,
1966,.3246567,15,,
1967,.3246567,15,,
1968,.3246567,15,,
1969,.3246567,15,,
1970,.3246567,15,,
1971,.3246567,15,,
1972,.3246567,15,,
1973,.3246567,15,,
1974,.3246567,15,,
1975,.3246567,15,,44
1976,.3246567,15,,
1977,.3246567,15,,
1978,.3246567,15,,
1979,.3246567,15,,
1980,.3246567,15,,
1981,.3246567,15,,
1982,.3246567,15,,
1983,.3246567,15,,
1984,.3246567,15,,
1985,.3246567,15,,
1986,.3246567,15,,
1987,.3246567,15,,
1988,.3246567,15,,
1989,.3246567,15,,
1990,.3246567,15,,
1991,.3246567,15,,
1992,.3246567,15,,
1993,.3246567,15,,
1994,.3246567,15,,
1995,.3246567,15,,
1996,.3246567,15,,
1997,.3246567,15,,
1998,.3246567,15,,
1999,.3246567,15,,
2000,.3246567,15,,
2001,.3246567,15,,
2002,.3246567,15,,
2003,.3246567,15,,
2004,.3246567,15,,
2005,.3246567,15,43,
2006,.3246567,15,,
2007,.3246567,15,,
2008,.3246567,15,,
2009,.3246567,15,,
2010,.3246567,15,,
1880,.5374716,10,,
1900,.5374716,10,,
1920,.5374716,10,,
1929,.5374716,10,,
1930,.5374716,10,,
1931,.5374716,10,,
1932,.5374716,10,,
1933,.5374716,10,,
1934,.5374716,10,,
1935,.5374716,10,,
1936,.5374716,10,,
1937,.5374716,10,,
1938,.5374716,10,,
1939,.5374716,10,,
1940,.5374716,10,,
1941,.5374716,10,,
1942,.5374716,10,,
1943,.5374716,10,,
1944,.5374716,10,,
1945,.5374716,10,,
1946,.5374716,10,,
1947,.5374716,10,,
1948,.5374716,10,,
1949,.5374716,10,,
1950,.5374716,10,,
1951,.5374716,10,,
1952,.5374716,10,,
1953,.5374716,10,,
1954,.5374716,10,,
1955,.5374716,10,,
1956,.5374716,10,,
1957,.5374716,10,,
1958,.5374716,10,,
1959,.5374716,10,,
1960,.5374716,10,,
1961,.5374716,10,,
1962,.5374716,10,,
1963,.5374716,10,,
1964,.5374716,10,,
1965,.5374716,10,,
1966,.5374716,10,,
1967,.5374716,10,,
1968,.5374716,10,,
1969,.5374716,10,,
1970,.5374716,10,,
1971,.5374716,10,,
1972,.5374716,10,,
1973,.5374716,10,,
1974,.5374716,10,,
1975,.5374716,10,,34
1976,.5374716,10,,
1977,.5374716,10,,
1978,.5374716,10,,
1979,.5374716,10,,
1980,.5374716,10,,
1981,.5374716,10,,
1982,.5374716,10,,
1983,.5374716,10,,
1984,.5374716,10,,
1985,.5374716,10,,
1986,.5374716,10,,
1987,.5374716,10,,
1988,.5374716,10,,
1989,.5374716,10,,
1990,.5374716,10,,
1991,.5374716,10,,
1992,.5374716,10,,
1993,.5374716,10,,
1994,.5374716,10,,
1995,.5374716,10,,
1996,.5374716,10,,
1997,.5374716,10,,
1998,.5374716,10,,
1999,.5374716,10,,
2000,.5374716,10,,
2001,.5374716,10,,
2002,.5374716,10,,
2003,.5374716,10,,
2004,.5374716,10,,
2005,.5374716,10,32,
2006,.5374716,10,,
2007,.5374716,10,,
2008,.5374716,10,,
2009,.5374716,10,,
2010,.5374716,10,,
1880,1.89206,14,,
1900,1.89206,14,,
1920,1.89206,14,,
1929,1.89206,14,,
1930,1.89206,14,,
1931,1.89206,14,,
1932,1.89206,14,,
1933,1.89206,14,,
1934,1.89206,14,,
1935,1.89206,14,,
1936,1.89206,14,,
1937,1.89206,14,,
1938,1.89206,14,,
1939,1.89206,14,,
1940,1.89206,14,,
1941,1.89206,14,,
1942,1.89206,14,,
1943,1.89206,14,,
1944,1.89206,14,,
1945,1.89206,14,,
1946,1.89206,14,,
1947,1.89206,14,,
1948,1.89206,14,,
1949,1.89206,14,,
1950,1.89206,14,,
1951,1.89206,14,,
1952,1.89206,14,,
1953,1.89206,14,,
1954,1.89206,14,,
1955,1.89206,14,,
1956,1.89206,14,,
1957,1.89206,14,,
1958,1.89206,14,,
1959,1.89206,14,,
1960,1.89206,14,,
1961,1.89206,14,,
1962,1.89206,14,,
1963,1.89206,14,,
1964,1.89206,14,,
1965,1.89206,14,,
1966,1.89206,14,,
1967,1.89206,14,,
1968,1.89206,14,,
1969,1.89206,14,,
1970,1.89206,14,,
1971,1.89206,14,,
1972,1.89206,14,,
1973,1.89206,14,,
1974,1.89206,14,,
1975,1.89206,14,,43
1976,1.89206,14,,
1977,1.89206,14,,
1978,1.89206,14,,
1979,1.89206,14,,
1980,1.89206,14,,
1981,1.89206,14,,
1982,1.89206,14,,
1983,1.89206,14,,
1984,1.89206,14,,
1985,1.89206,14,,
1986,1.89206,14,,
1987,1.89206,14,,
1988,1.89206,14,,
1989,1.89206,14,,
1990,1.89206,14,,
1991,1.89206,14,,
1992,1.89206,14,,
1993,1.89206,14,,
1994,1.89206,14,,
1995,1.89206,14,,
1996,1.89206,14,,
1997,1.89206,14,,
1998,1.89206,14,,
1999,1.89206,14,,
2000,1.89206,14,,
2001,1.89206,14,,
2002,1.89206,14,,
2003,1.89206,14,,
2004,1.89206,14,,
2005,1.89206,14,45,
2006,1.89206,14,,
2007,1.89206,14,,
2008,1.89206,14,,
2009,1.89206,14,,
2010,1.89206,14,,
1880,-.8346239,11,,
1900,-.8346239,11,,
1920,-.8346239,11,,
1929,-.8346239,11,,
1930,-.8346239,11,,
1931,-.8346239,11,,
1932,-.8346239,11,,
1933,-.8346239,11,,
1934,-.8346239,11,,
1935,-.8346239,11,,
1936,-.8346239,11,,
1937,-.8346239,11,,
1938,-.8346239,11,,
1939,-.8346239,11,,
1940,-.8346239,11,,
1941,-.8346239,11,,
1942,-.8346239,11,,
1943,-.8346239,11,,
1944,-.8346239,11,,
1945,-.8346239,11,,
1946,-.8346239,11,,
1947,-.8346239,11,,
1948,-.8346239,11,,
1949,-.8346239,11,,
1950,-.8346239,11,,
1951,-.8346239,11,,
1952,-.8346239,11,,
1953,-.8346239,11,,
1954,-.8346239,11,,
1955,-.8346239,11,,
1956,-.8346239,11,,
1957,-.8346239,11,,
1958,-.8346239,11,,
1959,-.8346239,11,,
1960,-.8346239,11,,
1961,-.8346239,11,,
1962,-.8346239,11,,
1963,-.8346239,11,,
1964,-.8346239,11,,
1965,-.8346239,11,,
1966,-.8346239,11,,
1967,-.8346239,11,,
1968,-.8346239,11,,
1969,-.8346239,11,,
1970,-.8346239,11,,
1971,-.8346239,11,,
1972,-.8346239,11,,
1973,-.8346239,11,,
1974,-.8346239,11,,
1975,-.8346239,11,,4
1976,-.8346239,11,,
1977,-.8346239,11,,
1978,-.8346239,11,,
1979,-.8346239,11,,
1980,-.8346239,11,,
1981,-.8346239,11,,
1982,-.8346239,11,,
1983,-.8346239,11,,
1984,-.8346239,11,,
1985,-.8346239,11,,
1986,-.8346239,11,,
1987,-.8346239,11,,
1988,-.8346239,11,,
1989,-.8346239,11,,
1990,-.8346239,11,,
1991,-.8346239,11,,
1992,-.8346239,11,,
1993,-.8346239,11,,
1994,-.8346239,11,,
1995,-.8346239,11,,
1996,-.8346239,11,,
1997,-.8346239,11,,
1998,-.8346239,11,,
1999,-.8346239,11,,
2000,-.8346239,11,,
2001,-.8346239,11,,
2002,-.8346239,11,,
2003,-.8346239,11,,
2004,-.8346239,11,,
2005,-.8346239,11,9,
2006,-.8346239,11,,
2007,-.8346239,11,,
2008,-.8346239,11,,
2009,-.8346239,11,,
2010,-.8346239,11,,
1880,-.8778529,15,,
1900,-.8778529,15,,
1920,-.8778529,15,,
1929,-.8778529,15,,
1930,-.8778529,15,,
1931,-.8778529,15,,
1932,-.8778529,15,,
1933,-.8778529,15,,
1934,-.8778529,15,,
1935,-.8778529,15,,
1936,-.8778529,15,,
1937,-.8778529,15,,
1938,-.8778529,15,,
1939,-.8778529,15,,
1940,-.8778529,15,,
1941,-.8778529,15,,
1942,-.8778529,15,,
1943,-.8778529,15,,
1944,-.8778529,15,,
1945,-.8778529,15,,
1946,-.8778529,15,,
1947,-.8778529,15,,
1948,-.8778529,15,,
1949,-.8778529,15,,
1950,-.8778529,15,,
1951,-.8778529,15,,
1952,-.8778529,15,,
1953,-.8778529,15,,
1954,-.8778529,15,,
1955,-.8778529,15,,
1956,-.8778529,15,,
1957,-.8778529,15,,
1958,-.8778529,15,,
1959,-.8778529,15,,
1960,-.8778529,15,,
1961,-.8778529,15,,
1962,-.8778529,15,,
1963,-.8778529,15,,
1964,-.8778529,15,,
1965,-.8778529,15,,
1966,-.8778529,15,,
1967,-.8778529,15,,
1968,-.8778529,15,,
1969,-.8778529,15,,
1970,-.8778529,15,,
1971,-.8778529,15,,
1972,-.8778529,15,,
1973,-.8778529,15,,
1974,-.8778529,15,,
1975,-.8778529,15,,7
1976,-.8778529,15,,
1977,-.8778529,15,,
1978,-.8778529,15,,
1979,-.8778529,15,,
1980,-.8778529,15,,
1981,-.8778529,15,,
1982,-.8778529,15,,
1983,-.8778529,15,,
1984,-.8778529,15,,
1985,-.8778529,15,,
1986,-.8778529,15,,
1987,-.8778529,15,,
1988,-.8778529,15,,
1989,-.8778529,15,,
1990,-.8778529,15,,
1991,-.8778529,15,,
1992,-.8778529,15,,
1993,-.8778529,15,,
1994,-.8778529,15,,
1995,-.8778529,15,,
1996,-.8778529,15,,
1997,-.8778529,15,,
1998,-.8778529,15,,
1999,-.8778529,15,,
2000,-.8778529,15,,
2001,-.8778529,15,,
2002,-.8778529,15,,
2003,-.8778529,15,,
2004,-.8778529,15,,
2005,-.8778529,15,37,
2006,-.8778529,15,,
2007,-.8778529,15,,
2008,-.8778529,15,,
2009,-.8778529,15,,
2010,-.8778529,15,,
1880,-.0344637,5,,
1900,-.0344637,5,,
1920,-.0344637,5,,
1929,-.0344637,5,,
1930,-.0344637,5,,
1931,-.0344637,5,,
1932,-.0344637,5,,
1933,-.0344637,5,,
1934,-.0344637,5,,
1935,-.0344637,5,,
1936,-.0344637,5,,
1937,-.0344637,5,,
1938,-.0344637,5,,
1939,-.0344637,5,,
1940,-.0344637,5,,
1941,-.0344637,5,,
1942,-.0344637,5,,
1943,-.0344637,5,,
1944,-.0344637,5,,
1945,-.0344637,5,,
1946,-.0344637,5,,
1947,-.0344637,5,,
1948,-.0344637,5,,
1949,-.0344637,5,,
1950,-.0344637,5,,
1951,-.0344637,5,,
1952,-.0344637,5,,
1953,-.0344637,5,,
1954,-.0344637,5,,
1955,-.0344637,5,,
1956,-.0344637,5,,
1957,-.0344637,5,,
1958,-.0344637,5,,
1959,-.0344637,5,,
1960,-.0344637,5,,
1961,-.0344637,5,,
1962,-.0344637,5,,
1963,-.0344637,5,,
1964,-.0344637,5,,
1965,-.0344637,5,,
1966,-.0344637,5,,
1967,-.0344637,5,,
1968,-.0344637,5,,
1969,-.0344637,5,,
1970,-.0344637,5,,
1971,-.0344637,5,,
1972,-.0344637,5,,
1973,-.0344637,5,,
1974,-.0344637,5,,
1975,-.0344637,5,,3
1976,-.0344637,5,,
1977,-.0344637,5,,
1978,-.0344637,5,,
1979,-.0344637,5,,
1980,-.0344637,5,,
1981,-.0344637,5,,
1982,-.0344637,5,,
1983,-.0344637,5,,
1984,-.0344637,5,,
1985,-.0344637,5,,
1986,-.0344637,5,,
1987,-.0344637,5,,
1988,-.0344637,5,,
1989,-.0344637,5,,
1990,-.0344637,5,,
1991,-.0344637,5,,
1992,-.0344637,5,,
1993,-.0344637,5,,
1994,-.0344637,5,,
1995,-.0344637,5,,
1996,-.0344637,5,,
1997,-.0344637,5,,
1998,-.0344637,5,,
1999,-.0344637,5,,
2000,-.0344637,5,,
2001,-.0344637,5,,
2002,-.0344637,5,,
2003,-.0344637,5,,
2004,-.0344637,5,,
2005,-.0344637,5,16,
2006,-.0344637,5,,
2007,-.0344637,5,,
2008,-.0344637,5,,
2009,-.0344637,5,,
2010,-.0344637,5,,
1880,-.3053419,11,,
1900,-.3053419,11,,
1920,-.3053419,11,,
1929,-.3053419,11,,
1930,-.3053419,11,,
1931,-.3053419,11,,
1932,-.3053419,11,,
1933,-.3053419,11,,
1934,-.3053419,11,,
1935,-.3053419,11,,
1936,-.3053419,11,,
1937,-.3053419,11,,
1938,-.3053419,11,,
1939,-.3053419,11,,
1940,-.3053419,11,,
1941,-.3053419,11,,
1942,-.3053419,11,,
1943,-.3053419,11,,
1944,-.3053419,11,,
1945,-.3053419,11,,
1946,-.3053419,11,,
1947,-.3053419,11,,
1948,-.3053419,11,,
1949,-.3053419,11,,
1950,-.3053419,11,,
1951,-.3053419,11,,
1952,-.3053419,11,,
1953,-.3053419,11,,
1954,-.3053419,11,,
1955,-.3053419,11,,
1956,-.3053419,11,,
1957,-.3053419,11,,
1958,-.3053419,11,,
1959,-.3053419,11,,
1960,-.3053419,11,,
1961,-.3053419,11,,
1962,-.3053419,11,,
1963,-.3053419,11,,
1964,-.3053419,11,,
1965,-.3053419,11,,
1966,-.3053419,11,,
1967,-.3053419,11,,
1968,-.3053419,11,,
1969,-.3053419,11,,
1970,-.3053419,11,,
1971,-.3053419,11,,
1972,-.3053419,11,,
1973,-.3053419,11,,
1974,-.3053419,11,,
1975,-.3053419,11,,12
1976,-.3053419,11,,
1977,-.3053419,11,,
1978,-.3053419,11,,
1979,-.3053419,11,,
1980,-.3053419,11,,
1981,-.3053419,11,,
1982,-.3053419,11,,
1983,-.3053419,11,,
1984,-.3053419,11,,
1985,-.3053419,11,,
1986,-.3053419,11,,
1987,-.3053419,11,,
1988,-.3053419,11,,
1989,-.3053419,11,,
1990,-.3053419,11,,
1991,-.3053419,11,,
1992,-.3053419,11,,
1993,-.3053419,11,,
1994,-.3053419,11,,
1995,-.3053419,11,,
1996,-.3053419,11,,
1997,-.3053419,11,,
1998,-.3053419,11,,
1999,-.3053419,11,,
2000,-.3053419,11,,
2001,-.3053419,11,,
2002,-.3053419,11,,
2003,-.3053419,11,,
2004,-.3053419,11,,
2005,-.3053419,11,1,
2006,-.3053419,11,,
2007,-.3053419,11,,
2008,-.3053419,11,,
2009,-.3053419,11,,
2010,-.3053419,11,,
1880,.0063039,10,,
1900,.0063039,10,,
1920,.0063039,10,,
1929,.0063039,10,,
1930,.0063039,10,,
1931,.0063039,10,,
1932,.0063039,10,,
1933,.0063039,10,,
1934,.0063039,10,,
1935,.0063039,10,,
1936,.0063039,10,,
1937,.0063039,10,,
1938,.0063039,10,,
1939,.0063039,10,,
1940,.0063039,10,,
1941,.0063039,10,,
1942,.0063039,10,,
1943,.0063039,10,,
1944,.0063039,10,,
1945,.0063039,10,,
1946,.0063039,10,,
1947,.0063039,10,,
1948,.0063039,10,,
1949,.0063039,10,,
1950,.0063039,10,,
1951,.0063039,10,,
1952,.0063039,10,,
1953,.0063039,10,,
1954,.0063039,10,,
1955,.0063039,10,,
1956,.0063039,10,,
1957,.0063039,10,,
1958,.0063039,10,,
1959,.0063039,10,,
1960,.0063039,10,,
1961,.0063039,10,,
1962,.0063039,10,,
1963,.0063039,10,,
1964,.0063039,10,,
1965,.0063039,10,,
1966,.0063039,10,,
1967,.0063039,10,,
1968,.0063039,10,,
1969,.0063039,10,,
1970,.0063039,10,,
1971,.0063039,10,,
1972,.0063039,10,,
1973,.0063039,10,,
1974,.0063039,10,,
1975,.0063039,10,,5
1976,.0063039,10,,
1977,.0063039,10,,
1978,.0063039,10,,
1979,.0063039,10,,
1980,.0063039,10,,
1981,.0063039,10,,
1982,.0063039,10,,
1983,.0063039,10,,
1984,.0063039,10,,
1985,.0063039,10,,
1986,.0063039,10,,
1987,.0063039,10,,
1988,.0063039,10,,
1989,.0063039,10,,
1990,.0063039,10,,
1991,.0063039,10,,
1992,.0063039,10,,
1993,.0063039,10,,
1994,.0063039,10,,
1995,.0063039,10,,
1996,.0063039,10,,
1997,.0063039,10,,
1998,.0063039,10,,
1999,.0063039,10,,
2000,.0063039,10,,
2001,.0063039,10,,
2002,.0063039,10,,
2003,.0063039,10,,
2004,.0063039,10,,
2005,.0063039,10,30,
2006,.0063039,10,,
2007,.0063039,10,,
2008,.0063039,10,,
2009,.0063039,10,,
2010,.0063039,10,,
1880,-.1036642,11,,
1900,-.1036642,11,,
1920,-.1036642,11,,
1929,-.1036642,11,,
1930,-.1036642,11,,
1931,-.1036642,11,,
1932,-.1036642,11,,
1933,-.1036642,11,,
1934,-.1036642,11,,
1935,-.1036642,11,,
1936,-.1036642,11,,
1937,-.1036642,11,,
1938,-.1036642,11,,
1939,-.1036642,11,,
1940,-.1036642,11,,
1941,-.1036642,11,,
1942,-.1036642,11,,
1943,-.1036642,11,,
1944,-.1036642,11,,
1945,-.1036642,11,,
1946,-.1036642,11,,
1947,-.1036642,11,,
1948,-.1036642,11,,
1949,-.1036642,11,,
1950,-.1036642,11,,
1951,-.1036642,11,,
1952,-.1036642,11,,
1953,-.1036642,11,,
1954,-.1036642,11,,
1955,-.1036642,11,,
1956,-.1036642,11,,
1957,-.1036642,11,,
1958,-.1036642,11,,
1959,-.1036642,11,,
1960,-.1036642,11,,
1961,-.1036642,11,,
1962,-.1036642,11,,
1963,-.1036642,11,,
1964,-.1036642,11,,
1965,-.1036642,11,,
1966,-.1036642,11,,
1967,-.1036642,11,,
1968,-.1036642,11,,
1969,-.1036642,11,,
1970,-.1036642,11,,
1971,-.1036642,11,,
1972,-.1036642,11,,
1973,-.1036642,11,,
1974,-.1036642,11,,
1975,-.1036642,11,,6
1976,-.1036642,11,,
1977,-.1036642,11,,
1978,-.1036642,11,,
1979,-.1036642,11,,
1980,-.1036642,11,,
1981,-.1036642,11,,
1982,-.1036642,11,,
1983,-.1036642,11,,
1984,-.1036642,11,,
1985,-.1036642,11,,
1986,-.1036642,11,,
1987,-.1036642,11,,
1988,-.1036642,11,,
1989,-.1036642,11,,
1990,-.1036642,11,,
1991,-.1036642,11,,
1992,-.1036642,11,,
1993,-.1036642,11,,
1994,-.1036642,11,,
1995,-.1036642,11,,
1996,-.1036642,11,,
1997,-.1036642,11,,
1998,-.1036642,11,,
1999,-.1036642,11,,
2000,-.1036642,11,,
2001,-.1036642,11,,
2002,-.1036642,11,,
2003,-.1036642,11,,
2004,-.1036642,11,,
2005,-.1036642,11,12,
2006,-.1036642,11,,
2007,-.1036642,11,,
2008,-.1036642,11,,
2009,-.1036642,11,,
2010,-.1036642,11,,
1880,1.1774,11,,
1900,1.1774,11,,
1920,1.1774,11,,
1929,1.1774,11,,
1930,1.1774,11,,
1931,1.1774,11,,
1932,1.1774,11,,
1933,1.1774,11,,
1934,1.1774,11,,
1935,1.1774,11,,
1936,1.1774,11,,
1937,1.1774,11,,
1938,1.1774,11,,
1939,1.1774,11,,
1940,1.1774,11,,
1941,1.1774,11,,
1942,1.1774,11,,
1943,1.1774,11,,
1944,1.1774,11,,
1945,1.1774,11,,
1946,1.1774,11,,
1947,1.1774,11,,
1948,1.1774,11,,
1949,1.1774,11,,
1950,1.1774,11,,
1951,1.1774,11,,
1952,1.1774,11,,
1953,1.1774,11,,
1954,1.1774,11,,
1955,1.1774,11,,
1956,1.1774,11,,
1957,1.1774,11,,
1958,1.1774,11,,
1959,1.1774,11,,
1960,1.1774,11,,
1961,1.1774,11,,
1962,1.1774,11,,
1963,1.1774,11,,
1964,1.1774,11,,
1965,1.1774,11,,
1966,1.1774,11,,
1967,1.1774,11,,
1968,1.1774,11,,
1969,1.1774,11,,
1970,1.1774,11,,
1971,1.1774,11,,
1972,1.1774,11,,
1973,1.1774,11,,
1974,1.1774,11,,
1975,1.1774,11,,47
1976,1.1774,11,,
1977,1.1774,11,,
1978,1.1774,11,,
1979,1.1774,11,,
1980,1.1774,11,,
1981,1.1774,11,,
1982,1.1774,11,,
1983,1.1774,11,,
1984,1.1774,11,,
1985,1.1774,11,,
1986,1.1774,11,,
1987,1.1774,11,,
1988,1.1774,11,,
1989,1.1774,11,,
1990,1.1774,11,,
1991,1.1774,11,,
1992,1.1774,11,,
1993,1.1774,11,,
1994,1.1774,11,,
1995,1.1774,11,,
1996,1.1774,11,,
1997,1.1774,11,,
1998,1.1774,11,,
1999,1.1774,11,,
2000,1.1774,11,,
2001,1.1774,11,,
2002,1.1774,11,,
2003,1.1774,11,,
2004,1.1774,11,,
2005,1.1774,11,44,
2006,1.1774,11,,
2007,1.1774,11,,
2008,1.1774,11,,
2009,1.1774,11,,
2010,1.1774,11,,
1880,.8970864,14,,
1900,.8970864,14,,
1920,.8970864,14,,
1929,.8970864,14,,
1930,.8970864,14,,
1931,.8970864,14,,
1932,.8970864,14,,
1933,.8970864,14,,
1934,.8970864,14,,
1935,.8970864,14,,
1936,.8970864,14,,
1937,.8970864,14,,
1938,.8970864,14,,
1939,.8970864,14,,
1940,.8970864,14,,
1941,.8970864,14,,
1942,.8970864,14,,
1943,.8970864,14,,
1944,.8970864,14,,
1945,.8970864,14,,
1946,.8970864,14,,
1947,.8970864,14,,
1948,.8970864,14,,
1949,.8970864,14,,
1950,.8970864,14,,
1951,.8970864,14,,
1952,.8970864,14,,
1953,.8970864,14,,
1954,.8970864,14,,
1955,.8970864,14,,
1956,.8970864,14,,
1957,.8970864,14,,
1958,.8970864,14,,
1959,.8970864,14,,
1960,.8970864,14,,
1961,.8970864,14,,
1962,.8970864,14,,
1963,.8970864,14,,
1964,.8970864,14,,
1965,.8970864,14,,
1966,.8970864,14,,
1967,.8970864,14,,
1968,.8970864,14,,
1969,.8970864,14,,
1970,.8970864,14,,
1971,.8970864,14,,
1972,.8970864,14,,
1973,.8970864,14,,
1974,.8970864,14,,
1975,.8970864,14,,40
1976,.8970864,14,,
1977,.8970864,14,,
1978,.8970864,14,,
1979,.8970864,14,,
1980,.8970864,14,,
1981,.8970864,14,,
1982,.8970864,14,,
1983,.8970864,14,,
1984,.8970864,14,,
1985,.8970864,14,,
1986,.8970864,14,,
1987,.8970864,14,,
1988,.8970864,14,,
1989,.8970864,14,,
1990,.8970864,14,,
1991,.8970864,14,,
1992,.8970864,14,,
1993,.8970864,14,,
1994,.8970864,14,,
1995,.8970864,14,,
1996,.8970864,14,,
1997,.8970864,14,,
1998,.8970864,14,,
1999,.8970864,14,,
2000,.8970864,14,,
2001,.8970864,14,,
2002,.8970864,14,,
2003,.8970864,14,,
2004,.8970864,14,,
2005,.8970864,14,42,
2006,.8970864,14,,
2007,.8970864,14,,
2008,.8970864,14,,
2009,.8970864,14,,
2010,.8970864,14,,
1880,.318453,12,,
1900,.318453,12,,
1920,.318453,12,,
1929,.318453,12,,
1930,.318453,12,,
1931,.318453,12,,
1932,.318453,12,,
1933,.318453,12,,
1934,.318453,12,,
1935,.318453,12,,
1936,.318453,12,,
1937,.318453,12,,
1938,.318453,12,,
1939,.318453,12,,
1940,.318453,12,,
1941,.318453,12,,
1942,.318453,12,,
1943,.318453,12,,
1944,.318453,12,,
1945,.318453,12,,
1946,.318453,12,,
1947,.318453,12,,
1948,.318453,12,,
1949,.318453,12,,
1950,.318453,12,,
1951,.318453,12,,
1952,.318453,12,,
1953,.318453,12,,
1954,.318453,12,,
1955,.318453,12,,
1956,.318453,12,,
1957,.318453,12,,
1958,.318453,12,,
1959,.318453,12,,
1960,.318453,12,,
1961,.318453,12,,
1962,.318453,12,,
1963,.318453,12,,
1964,.318453,12,,
1965,.318453,12,,
1966,.318453,12,,
1967,.318453,12,,
1968,.318453,12,,
1969,.318453,12,,
1970,.318453,12,,
1971,.318453,12,,
1972,.318453,12,,
1973,.318453,12,,
1974,.318453,12,,
1975,.318453,12,,16
1976,.318453,12,,
1977,.318453,12,,
1978,.318453,12,,
1979,.318453,12,,
1980,.318453,12,,
1981,.318453,12,,
1982,.318453,12,,
1983,.318453,12,,
1984,.318453,12,,
1985,.318453,12,,
1986,.318453,12,,
1987,.318453,12,,
1988,.318453,12,,
1989,.318453,12,,
1990,.318453,12,,
1991,.318453,12,,
1992,.318453,12,,
1993,.318453,12,,
1994,.318453,12,,
1995,.318453,12,,
1996,.318453,12,,
1997,.318453,12,,
1998,.318453,12,,
1999,.318453,12,,
2000,.318453,12,,
2001,.318453,12,,
2002,.318453,12,,
2003,.318453,12,,
2004,.318453,12,,
2005,.318453,12,34,
2006,.318453,12,,
2007,.318453,12,,
2008,.318453,12,,
2009,.318453,12,,
2010,.318453,12,,
1880,-.9731332,5,,
1900,-.9731332,5,,
1920,-.9731332,5,,
1929,-.9731332,5,,
1930,-.9731332,5,,
1931,-.9731332,5,,
1932,-.9731332,5,,
1933,-.9731332,5,,
1934,-.9731332,5,,
1935,-.9731332,5,,
1936,-.9731332,5,,
1937,-.9731332,5,,
1938,-.9731332,5,,
1939,-.9731332,5,,
1940,-.9731332,5,,
1941,-.9731332,5,,
1942,-.9731332,5,,
1943,-.9731332,5,,
1944,-.9731332,5,,
1945,-.9731332,5,,
1946,-.9731332,5,,
1947,-.9731332,5,,
1948,-.9731332,5,,
1949,-.9731332,5,,
1950,-.9731332,5,,
1951,-.9731332,5,,
1952,-.9731332,5,,
1953,-.9731332,5,,
1954,-.9731332,5,,
1955,-.9731332,5,,
1956,-.9731332,5,,
1957,-.9731332,5,,
1958,-.9731332,5,,
1959,-.9731332,5,,
1960,-.9731332,5,,
1961,-.9731332,5,,
1962,-.9731332,5,,
1963,-.9731332,5,,
1964,-.9731332,5,,
1965,-.9731332,5,,
1966,-.9731332,5,,
1967,-.9731332,5,,
1968,-.9731332,5,,
1969,-.9731332,5,,
1970,-.9731332,5,,
1971,-.9731332,5,,
1972,-.9731332,5,,
1973,-.9731332,5,,
1974,-.9731332,5,,
1975,-.9731332,5,,2
1976,-.9731332,5,,
1977,-.9731332,5,,
1978,-.9731332,5,,
1979,-.9731332,5,,
1980,-.9731332,5,,
1981,-.9731332,5,,
1982,-.9731332,5,,
1983,-.9731332,5,,
1984,-.9731332,5,,
1985,-.9731332,5,,
1986,-.9731332,5,,
1987,-.9731332,5,,
1988,-.9731332,5,,
1989,-.9731332,5,,
1990,-.9731332,5,,
1991,-.9731332,5,,
1992,-.9731332,5,,
1993,-.9731332,5,,
1994,-.9731332,5,,
1995,-.9731332,5,,
1996,-.9731332,5,,
1997,-.9731332,5,,
1998,-.9731332,5,,
1999,-.9731332,5,,
2000,-.9731332,5,,
2001,-.9731332,5,,
2002,-.9731332,5,,
2003,-.9731332,5,,
2004,-.9731332,5,,
2005,-.9731332,5,17,
2006,-.9731332,5,,
2007,-.9731332,5,,
2008,-.9731332,5,,
2009,-.9731332,5,,
2010,-.9731332,5,,
1880,-.8195934,7,,
1900,-.8195934,7,,
1920,-.8195934,7,,
1929,-.8195934,7,,
1930,-.8195934,7,,
1931,-.8195934,7,,
1932,-.8195934,7,,
1933,-.8195934,7,,
1934,-.8195934,7,,
1935,-.8195934,7,,
1936,-.8195934,7,,
1937,-.8195934,7,,
1938,-.8195934,7,,
1939,-.8195934,7,,
1940,-.8195934,7,,
1941,-.8195934,7,,
1942,-.8195934,7,,
1943,-.8195934,7,,
1944,-.8195934,7,,
1945,-.8195934,7,,
1946,-.8195934,7,,
1947,-.8195934,7,,
1948,-.8195934,7,,
1949,-.8195934,7,,
1950,-.8195934,7,,
1951,-.8195934,7,,
1952,-.8195934,7,,
1953,-.8195934,7,,
1954,-.8195934,7,,
1955,-.8195934,7,,
1956,-.8195934,7,,
1957,-.8195934,7,,
1958,-.8195934,7,,
1959,-.8195934,7,,
1960,-.8195934,7,,
1961,-.8195934,7,,
1962,-.8195934,7,,
1963,-.8195934,7,,
1964,-.8195934,7,,
1965,-.8195934,7,,
1966,-.8195934,7,,
1967,-.8195934,7,,
1968,-.8195934,7,,
1969,-.8195934,7,,
1970,-.8195934,7,,
1971,-.8195934,7,,
1972,-.8195934,7,,
1973,-.8195934,7,,
1974,-.8195934,7,,
1975,-.8195934,7,,8
1976,-.8195934,7,,
1977,-.8195934,7,,
1978,-.8195934,7,,
1979,-.8195934,7,,
1980,-.8195934,7,,
1981,-.8195934,7,,
1982,-.8195934,7,,
1983,-.8195934,7,,
1984,-.8195934,7,,
1985,-.8195934,7,,
1986,-.8195934,7,,
1987,-.8195934,7,,
1988,-.8195934,7,,
1989,-.8195934,7,,
1990,-.8195934,7,,
1991,-.8195934,7,,
1992,-.8195934,7,,
1993,-.8195934,7,,
1994,-.8195934,7,,
1995,-.8195934,7,,
1996,-.8195934,7,,
1997,-.8195934,7,,
1998,-.8195934,7,,
1999,-.8195934,7,,
2000,-.8195934,7,,
2001,-.8195934,7,,
2002,-.8195934,7,,
2003,-.8195934,7,,
2004,-.8195934,7,,
2005,-.8195934,7,38,
2006,-.8195934,7,,
2007,-.8195934,7,,
2008,-.8195934,7,,
2009,-.8195934,7,,
2010,-.8195934,7,,
