year,dlpop,lagliInc
1880,,
1900,1.852527,7.521727
1920,1.250172,7.779033
1929,,
1930,,
1931,,
1932,,
1933,,
1934,,
1935,,
1936,,
1937,,
1938,,
1939,,
1940,.9596252,8.187912
1941,,
1942,,
1943,,
1944,,
1945,,
1946,,
1947,,
1948,,
1949,.6315947,8.358916
1950,.7216692,8.191359
1951,.7195282,8.106313
1952,.726676,7.883553
1953,.6871128,7.962873
1954,.5779362,8.168097
1955,.5743885,8.186518
1956,.5647516,8.316171
1957,.5917311,8.345716
1958,.6327772,8.271865
1959,.6489658,8.3218
1960,.7022476,8.42704
1961,.6667948,8.666565
1962,.5953121,8.889807
1963,.7556391,9.070123
1964,.965209,9.168372
1965,1.08748,9.206307
1966,.8782339,9.084064
1967,.8046055,9.012267
1968,.7449436,9.025072
1969,.6842995,8.984131
1970,.6028414,9.060176
1971,.6697321,9.124861
1972,.7156134,9.163436
1973,.797267,9.203778
1974,.9267998,9.174995
1975,.939579,9.293505
1976,.9816742,9.342083
1977,.9807301,9.355926
1978,.9620953,9.353341
1979,.9435511,9.383999
1980,.8752918,9.387465
1981,.8347893,9.395347
1982,.8328295,9.433191
1983,.7916832,9.47319
1984,.7593679,9.532358
1985,.7152843,9.58674
1986,.7087994,9.622794
1987,.7470608,9.648887
1988,.7751131,9.70015
1989,.7917452,9.746785
1990,.8020067,9.771292
1991,.7937336,9.807487
1992,.7996321,9.871167
1993,.814414,9.922431
1994,.8034754,9.912892
1995,.7740641,9.920144
1996,.7374239,9.972712
1997,.7192135,9.996382
1998,.6936598,10.03255
1999,.6766033,10.02445
2000,.6616068,9.989583
2001,.6557083,9.992667
2002,.6610441,9.988283
2003,.6758499,10.02213
2004,.683527,10.07542
2005,.7003498,10.10807
2006,.7407618,10.13853
2007,.7583237,10.1555
2008,.7959604,10.18352
2009,.8299685,10.21651
2010,.8340883,10.21933
1880,,
1900,2.456064,7.489309
1920,1.448269,7.798417
1929,,
1930,,
1931,,
1932,,
1933,,
1934,,
1935,,
1936,,
1937,,
1938,,
1939,,
1940,.5475807,8.235553
1941,,
1942,,
1943,,
1944,,
1945,,
1946,,
1947,,
1948,,
1949,-.0216484,8.309292
1950,.1300812,8.033339
1951,.1413822,8.050933
1952,.0054455,7.838749
1953,-.2036572,7.893975
1954,-.3988838,8.040858
1955,-.456748,8.132102
1956,-.5232811,8.292293
1957,-.4678869,8.29659
1958,-.5533838,8.210843
1959,-.5188274,8.301304
1960,-.4436684,8.336432
1961,-.4244328,8.565795
1962,-.3390217,8.81025
1963,.0969362,8.90446
1964,.343647,9.091178
1965,.3725719,9.145538
1966,.2538347,9.081475
1967,.1766777,8.924881
1968,.2066326,9.023924
1969,.1836777,8.959146
1970,.0575209,8.987251
1971,.1834106,9.035284
1972,.4674339,9.087132
1973,.7268,9.115075
1974,.9584522,9.118398
1975,1.120448,9.214225
1976,1.205721,9.244577
1977,1.209416,9.223659
1978,1.305623,9.245675
1979,1.281757,9.313966
1980,1.231718,9.290584
1981,1.194177,9.352424
1982,1.068006,9.38007
1983,1.034021,9.415515
1984,1.005969,9.473493
1985,1.029544,9.513878
1986,1.026969,9.589711
1987,1.043887,9.617089
1988,1.041894,9.657036
1989,1.020951,9.702847
1990,.9982729,9.72933
1991,.9467936,9.770036
1992,.8997107,9.83745
1993,.8834171,9.931334
1994,.8588743,9.920173
1995,.8051729,9.8993
1996,.8530188,9.942925
1997,.8209658,9.972404
1998,.7932043,10.03329
1999,.779357,10.00765
2000,.7864475,9.949932
2001,.8008766,9.975018
2002,.8251858,9.965545
2003,.8349371,9.989995
2004,.8501005,10.05044
2005,.8912277,10.07487
2006,.9532022,10.10009
2007,.9784412,10.09792
2008,1.023064,10.12428
2009,1.053796,10.14287
2010,1.074595,10.13824
1880,,
1900,5.55902,9.090959
1920,5.000014,9.092475
1929,,
1930,,
1931,,
1932,,
1933,,
1934,,
1935,,
1936,,
1937,,
1938,,
1939,,
1940,2.0049,8.99177
1941,,
1942,,
1943,,
1944,,
1945,,
1946,,
1947,,
1948,,
1949,2.535491,8.985769
1950,2.774987,8.863705
1951,3.021131,8.770864
1952,3.406706,8.584229
1953,3.706331,8.596343
1954,3.896408,8.724185
1955,4.108129,8.840256
1956,4.329147,8.933287
1957,4.54823,8.988145
1958,4.700203,8.954822
1959,4.787879,8.993767
1960,4.867692,9.015894
1961,5.253682,9.201903
1962,5.104103,9.461253
1963,4.166846,9.494744
1964,4.616928,9.521101
1965,4.929461,9.567185
1966,4.79991,9.477519
1967,4.630294,9.401174
1968,4.455237,9.433294
1969,4.445157,9.43392
1970,4.323349,9.469098
1971,4.409375,9.567527
1972,4.347677,9.604323
1973,4.329767,9.597432
1974,4.344058,9.578421
1975,4.200206,9.614642
1976,4.009552,9.655555
1977,3.845005,9.645031
1978,3.734674,9.617466
1979,3.691683,9.654301
1980,3.64378,9.680029
1981,3.458819,9.691997
1982,3.376327,9.711888
1983,3.344159,9.714829
1984,3.393126,9.748587
1985,3.4902,9.773069
1986,3.588538,9.813043
1987,3.681402,9.846457
1988,3.713908,9.920635
1989,3.674588,9.992331
1990,3.595347,10.02806
1991,3.460937,10.06098
1992,3.337221,10.10904
1993,3.243093,10.14071
1994,3.231506,10.11374
1995,3.310037,10.06957
1996,3.348298,10.10438
1997,3.343091,10.12878
1998,3.31212,10.18545
1999,3.219748,10.19993
2000,3.169527,10.1818
2001,3.147335,10.19322
2002,3.122487,10.16137
2003,3.092155,10.19625
2004,3.056684,10.25004
2005,3.032894,10.27808
2006,3.000908,10.30969
2007,2.92347,10.31225
2008,2.873311,10.31675
2009,2.801495,10.3135
2010,2.772083,10.29266
1880,,
1900,2.704153,9.081814
1920,4.18097,9.209122
1929,,
1930,,
1931,,
1932,,
1933,,
1934,,
1935,,
1936,,
1937,,
1938,,
1939,,
1940,3.535485,9.346071
1941,,
1942,,
1943,,
1944,,
1945,,
1946,,
1947,,
1948,,
1949,3.126802,9.496279
1950,3.128495,9.408072
1951,3.24008,9.334675
1952,3.400412,9.182886
1953,3.600163,9.174399
1954,3.717537,9.241313
1955,3.773093,9.31236
1956,3.85654,9.451729
1957,3.908191,9.44805
1958,4.022493,9.439402
1959,4.119978,9.466483
1960,4.128442,9.536064
1961,4.097795,9.668825
1962,3.907614,9.802771
1963,3.586607,9.929814
1964,3.364563,9.934515
1965,3.293076,9.911818
1966,3.310156,9.88188
1967,3.29957,9.759459
1968,3.279991,9.722942
1969,3.227243,9.725763
1970,3.143988,9.788183
1971,3.014307,9.816918
1972,2.852678,9.857781
1973,2.662983,9.869118
1974,2.537441,9.852208
1975,2.473154,9.922599
1976,2.348585,9.955718
1977,2.245493,9.955481
1978,2.142258,9.934345
1979,2.03907,9.98067
1980,2.026443,9.993586
1981,1.933594,10.00318
1982,1.871052,10.03537
1983,1.807098,10.05429
1984,1.766844,10.09548
1985,1.762829,10.12058
1986,1.813402,10.16107
1987,1.85277,10.18846
1988,1.91843,10.22827
1989,1.968069,10.25227
1990,2.01478,10.25423
1991,2.01951,10.25737
1992,2.043085,10.30671
1993,2.023067,10.33291
1994,1.983938,10.32644
1995,1.932249,10.32369
1996,1.891317,10.36114
1997,1.86986,10.38798
1998,1.838331,10.42518
1999,1.824989,10.43089
2000,1.781435,10.41114
2001,1.752338,10.40998
2002,1.700144,10.3947
2003,1.6469,10.418
2004,1.597691,10.46753
2005,1.519041,10.48538
2006,1.422453,10.51066
2007,1.331167,10.52604
2008,1.257591,10.54174
2009,1.175394,10.54143
2010,1.102352,10.53338
1880,,
1900,5.107355,9.025313
1920,2.77236,9.071699
1929,,
1930,,
1931,,
1932,,
1933,,
1934,,
1935,,
1936,,
1937,,
1938,,
1939,,
1940,.9224367,9.030548
1941,,
1942,,
1943,,
1944,,
1945,,
1946,,
1947,,
1948,,
1949,1.252713,9.040048
1950,1.210957,8.968112
1951,1.138391,8.864325
1952,1.236205,8.686688
1953,1.448903,8.73067
1954,1.642332,8.750678
1955,1.802816,8.90928
1956,1.996651,9.091041
1957,2.05142,9.04147
1958,2.024326,9.010158
1959,2.115822,9.046484
1960,2.240987,9.093067
1961,2.475214,9.218316
1962,2.582293,9.43714
1963,2.599964,9.527173
1964,2.805696,9.534955
1965,2.892799,9.622568
1966,2.588291,9.558021
1967,2.537112,9.534024
1968,2.589631,9.52531
1969,2.571855,9.525266
1970,2.589426,9.574939
1971,2.761321,9.66754
1972,2.831097,9.695317
1973,2.781181,9.650578
1974,2.659478,9.620584
1975,2.572484,9.677648
1976,2.411642,9.711537
1977,2.412739,9.750586
1978,2.533193,9.743806
1979,2.552691,9.784138
1980,2.486634,9.802431
1981,2.396407,9.824796
1982,2.387991,9.836521
1983,2.407846,9.850207
1984,2.378483,9.876213
1985,2.401276,9.918698
1986,2.390723,9.9525
1987,2.312856,9.97511
1988,2.155051,10.00741
1989,2.068424,10.04572
1990,1.984653,10.08164
1991,1.927743,10.12385
1992,1.871142,10.17419
1993,1.850657,10.21515
1994,1.910801,10.21018
1995,1.959114,10.20258
1996,1.991239,10.23119
1997,1.995425,10.25906
1998,1.986866,10.30465
1999,1.971145,10.31033
2000,1.985574,10.30377
2001,1.981039,10.32545
2002,1.915088,10.33177
2003,1.841245,10.34815
2004,1.834397,10.38608
2005,1.835456,10.39108
2006,1.885562,10.40144
2007,1.937737,10.39645
2008,2.023554,10.40804
2009,2.086473,10.43577
2010,2.114882,10.43501
1880,,
1900,1.888213,8.702119
1920,2.092943,8.936901
1929,,
1930,,
1931,,
1932,,
1933,,
1934,,
1935,,
1936,,
1937,,
1938,,
1939,,
1940,1.063914,9.111712
1941,,
1942,,
1943,,
1944,,
1945,,
1946,,
1947,,
1948,,
1949,1.21387,9.530447
1950,1.115098,9.447929
1951,1.09849,9.401694
1952,1.199913,9.251906
1953,1.389451,9.243933
1954,1.548553,9.326778
1955,1.612415,9.382298
1956,1.629109,9.498532
1957,1.703176,9.528255
1958,1.866412,9.436827
1959,1.985879,9.534721
1960,1.992073,9.62144
1961,1.94963,9.792287
1962,1.933761,9.902455
1963,2.085414,9.959993
1964,2.202816,9.94658
1965,2.360182,9.902589
1966,2.090588,9.828652
1967,1.995907,9.767382
1968,1.932082,9.700171
1969,1.947956,9.677192
1970,2.051706,9.794756
1971,2.059188,9.852419
1972,1.943521,9.896219
1973,1.737962,9.929402
1974,1.565371,9.903398
1975,1.467772,9.96018
1976,1.435142,10.02675
1977,1.347613,10.03969
1978,1.17641,9.941985
1979,1.029615,9.970423
1980,1.009526,9.985337
1981,.9527445,10.01446
1982,.8524084,10.04746
1983,.7405758,10.0583
1984,.6399012,10.09078
1985,.5686569,10.12576
1986,.5239916,10.17546
1987,.5055666,10.22605
1988,.4942417,10.23951
1989,.4513454,10.31408
1990,.4001427,10.30898
1991,.3795576,10.30929
1992,.3629255,10.35005
1993,.3765106,10.37931
1994,.3761768,10.36188
1995,.373745,10.33982
1996,.3905392,10.36656
1997,.4050303,10.40104
1998,.4189825,10.43393
1999,.4419804,10.44348
2000,.4579496,10.44352
2001,.463624,10.45729
2002,.4849911,10.47222
2003,.4848051,10.49864
2004,.4738045,10.56238
2005,.4562235,10.59041
2006,.4359818,10.63742
2007,.413518,10.68256
2008,.4015684,10.73003
2009,.4069328,10.75814
2010,.4152966,10.7366
1880,,
1900,1.155801,8.397723
1920,.9413147,8.709868
1929,,
1930,,
1931,,
1932,,
1933,,
1934,,
1935,,
1936,,
1937,,
1938,,
1939,,
1940,.9376287,9.003485
1941,,
1942,,
1943,,
1944,,
1945,,
1946,,
1947,,
1948,,
1949,1.459556,9.534275
1950,1.474886,9.372156
1951,1.5659,9.363886
1952,1.653118,9.195938
1953,1.736789,9.204268
1954,1.933107,9.307327
1955,2.170753,9.371419
1956,2.389388,9.568701
1957,2.585526,9.624249
1958,2.608309,9.466274
1959,2.584457,9.605243
1960,2.56156,9.73208
1961,2.564983,9.807134
1962,2.56124,9.806649
1963,2.708311,9.874727
1964,2.76299,9.885145
1965,2.862597,9.875716
1966,2.71162,9.817938
1967,2.699065,9.744126
1968,2.686963,9.677244
1969,2.679133,9.758184
1970,2.695403,9.887103
1971,2.675371,9.850077
1972,2.602177,9.872245
1973,2.503257,9.906299
1974,2.301807,9.883327
1975,2.072163,9.971295
1976,1.867571,10.04996
1977,1.669106,9.977739
1978,1.615839,9.962973
1979,1.529665,9.980121
1980,1.407013,9.991719
1981,1.283998,9.983634
1982,1.224527,10.01343
1983,1.129847,10.03948
1984,1.037154,10.07809
1985,.9921408,10.13987
1986,.9786558,10.14848
1987,.9664345,10.16493
1988,.9645462,10.19827
1989,.9902573,10.224
1990,.9805489,10.2102
1991,.9470987,10.22936
1992,.9574318,10.27807
1993,.9935665,10.31836
1994,1.036959,10.29209
1995,1.073341,10.26665
1996,1.115942,10.29653
1997,1.168966,10.30537
1998,1.218958,10.32086
1999,1.289358,10.30825
2000,1.39503,10.30766
2001,1.445117,10.30442
2002,1.483927,10.31459
2003,1.504397,10.34293
2004,1.531858,10.39147
2005,1.562872,10.43171
2006,1.571217,10.45571
2007,1.569085,10.47925
2008,1.555047,10.50543
2009,1.517715,10.54682
2010,1.477532,10.52533
1880,,
1900,3.367901,7.466169
1920,3.027978,8.022634
1929,,
1930,,
1931,,
1932,,
1933,,
1934,,
1935,,
1936,,
1937,,
1938,,
1939,,
1940,3.408775,8.51973
1941,,
1942,,
1943,,
1944,,
1945,,
1946,,
1947,,
1948,,
1949,3.066101,8.843537
1950,3.236208,8.765415
1951,3.455677,8.694426
1952,3.651271,8.574535
1953,3.787017,8.531646
1954,3.968029,8.688074
1955,4.214296,8.747047
1956,4.482975,8.912092
1957,4.696565,8.955286
1958,4.805064,8.921458
1959,4.813461,9.008082
1960,4.802599,9.054646
1961,4.749217,9.158248
1962,4.565907,9.310802
1963,4.06332,9.500526
1964,4.108129,9.581849
1965,4.308953,9.61249
1966,4.51756,9.523645
1967,4.497652,9.386571
1968,4.572134,9.340179
1969,4.559665,9.357778
1970,4.451928,9.422836
1971,4.385047,9.409812
1972,4.339933,9.451343
1973,4.366693,9.504711
1974,4.320574,9.493206
1975,4.120002,9.566849
1976,3.824067,9.622132
1977,3.547945,9.613847
1978,3.395896,9.611971
1979,3.389549,9.666737
1980,3.381009,9.657068
1981,3.323927,9.656056
1982,3.257823,9.682878
1983,3.235693,9.71012
1984,3.234711,9.762716
1985,3.226266,9.807424
1986,3.239317,9.849998
1987,3.266892,9.900691
1988,3.243394,9.969179
1989,3.217115,10.03783
1990,3.21969,10.07121
1991,3.120327,10.09683
1992,2.980857,10.15761
1993,2.817783,10.20242
1994,2.688556,10.16707
1995,2.659006,10.13374
1996,2.677183,10.15256
1997,2.677917,10.18135
1998,2.641182,10.22571
1999,2.546234,10.2257
2000,2.445574,10.2269
2001,2.364874,10.24107
2002,2.330627,10.23232
2003,2.292805,10.27952
2004,2.279158,10.31909
2005,2.2612,10.34934
2006,2.213993,10.38074
2007,2.129612,10.39573
2008,2.045631,10.4208
2009,1.946516,10.45388
2010,1.843252,10.43807
1880,,
1900,1.813278,7.567586
1920,1.337099,7.758634
1929,,
1930,,
1931,,
1932,,
1933,,
1934,,
1935,,
1936,,
1937,,
1938,,
1939,,
1940,.3711987,8.291779
1941,,
1942,,
1943,,
1944,,
1945,,
1946,,
1947,,
1948,,
1949,.6786251,8.429908
1950,.862689,8.330079
1951,.943141,8.246311
1952,.9988642,8.098239
1953,.9369659,8.172096
1954,.9747505,8.321157
1955,1.03693,8.400052
1956,1.08676,8.501652
1957,1.075716,8.506491
1958,1.037793,8.447269
1959,1.074524,8.526621
1960,1.188607,8.606007
1961,1.156359,8.779745
1962,1.198692,8.980653
1963,1.256399,9.168036
1964,1.489553,9.287188
1965,1.690907,9.320213
1966,1.489286,9.198864
1967,1.491628,9.110489
1968,1.593246,9.140463
1969,1.569386,9.133345
1970,1.432719,9.217505
1971,1.440825,9.267019
1972,1.468124,9.308685
1973,1.607261,9.336617
1974,1.634607,9.310024
1975,1.650963,9.4055
1976,1.628761,9.443808
1977,1.624532,9.426062
1978,1.645184,9.431228
1979,1.660213,9.472238
1980,1.634984,9.477812
1981,1.635303,9.494581
1982,1.620259,9.539403
1983,1.585073,9.588839
1984,1.575327,9.636131
1985,1.597419,9.700723
1986,1.64474,9.758265
1987,1.71247,9.804506
1988,1.715193,9.848637
1989,1.713433,9.888192
1990,1.732526,9.902855
1991,1.726613,9.937285
1992,1.746721,10.00304
1993,1.760731,10.05033
1994,1.798515,10.02566
1995,1.853409,9.998985
1996,1.903448,10.04074
1997,1.941814,10.06407
1998,1.985731,10.10517
1999,2.001953,10.09427
2000,2.026138,10.06142
2001,2.041979,10.07401
2002,2.047095,10.08093
2003,2.044992,10.12748
2004,2.036934,10.19751
2005,2.017236,10.2343
2006,2.043104,10.28008
2007,2.0473,10.29757
2008,2.043467,10.32557
2009,2.029495,10.33643
2010,1.99842,10.3367
1880,,
1900,1.587806,8.238292
1920,.3715563,8.620523
1929,,
1930,,
1931,,
1932,,
1933,,
1934,,
1935,,
1936,,
1937,,
1938,,
1939,,
1940,.2691936,8.775472
1941,,
1942,,
1943,,
1944,,
1945,,
1946,,
1947,,
1948,,
1949,.2342653,8.940035
1950,.294199,8.83256
1951,.2648211,8.692723
1952,.2679062,8.494209
1953,.2615738,8.39403
1954,.2258968,8.436881
1955,.2979898,8.849687
1956,.3723907,8.767832
1957,.4183483,9.006226
1958,.4116106,8.895804
1959,.3983784,8.948523
1960,.4139948,8.995178
1961,.5054808,9.145798
1962,.5959654,9.357311
1963,.8189154,9.504331
1964,.8992434,9.468643
1965,.8767176,9.530787
1966,.5647612,9.576997
1967,.5361605,9.419776
1968,.4867315,9.638786
1969,.4219484,9.475194
1970,.3733921,9.586891
1971,.4296589,9.57806
1972,.4276848,9.613711
1973,.428133,9.565345
1974,.4406643,9.636074
1975,.3642082,9.569793
1976,.3582382,9.605329
1977,.3523636,9.672394
1978,.3751659,9.669016
1979,.3327656,9.678763
1980,.278759,9.677891
1981,.2683973,9.725422
1982,.2451468,9.760247
1983,.219965,9.809923
1984,.2009583,9.843383
1985,.1573896,9.932375
1986,.0539589,9.982183
1987,-.0467491,9.959339
1988,-.0621176,9.986116
1989,-.061717,10.03984
1990,-.0847101,10.04059
1991,-.0959682,10.03511
1992,-.0741482,10.11461
1993,-.0474644,10.23865
1994,-.0300694,10.16921
1995,-.0244427,10.18808
1996,-.0410986,10.18892
1997,-.0399446,10.22281
1998,-.0277138,10.29213
1999,.0014257,10.25538
2000,.0257587,10.19112
2001,.0411177,10.21725
2002,.0790834,10.19341
2003,.1229334,10.18748
2004,.1634979,10.25099
2005,.2326393,10.25839
2006,.3303146,10.28549
2007,.4029179,10.30478
2008,.4295397,10.29226
2009,.4522467,10.32591
2010,.4614305,10.32447
1880,,
1900,8.007846,8.730795
1920,4.909639,8.712549
1929,,
1930,,
1931,,
1932,,
1933,,
1934,,
1935,,
1936,,
1937,,
1938,,
1939,,
1940,.9477568,8.832919
1941,,
1942,,
1943,,
1944,,
1945,,
1946,,
1947,,
1948,,
1949,1.215386,8.805725
1950,1.38782,8.806999
1951,1.301646,8.612987
1952,1.229873,8.402095
1953,1.251779,8.289145
1954,1.18917,8.797068
1955,1.253104,8.788209
1956,1.189909,8.943447
1957,1.180387,8.806939
1958,1.152616,8.828343
1959,1.159668,8.866108
1960,1.255512,8.919731
1961,1.546788,9.124979
1962,1.81859,9.452778
1963,1.569443,9.508483
1964,1.399345,9.556936
1965,1.682363,9.568969
1966,1.513968,9.546238
1967,1.38061,9.469622
1968,1.160884,9.444863
1969,1.076975,9.411152
1970,.9765434,9.43988
1971,1.13266,9.483797
1972,1.312671,9.560049
1973,1.358461,9.491313
1974,1.487994,9.490276
1975,1.486607,9.517225
1976,1.55437,9.584165
1977,1.596208,9.584079
1978,1.718512,9.570292
1979,1.751657,9.603258
1980,1.727834,9.588571
1981,1.706343,9.616384
1982,1.707687,9.662746
1983,1.814799,9.683421
1984,1.88231,9.706417
1985,1.854558,9.818812
1986,1.813436,9.801365
1987,1.794248,9.833998
1988,1.747003,9.847033
1989,1.705651,9.923857
1990,1.723161,9.949102
1991,1.716413,9.961435
1992,1.697145,10.0298
1993,1.745362,10.09507
1994,1.74377,10.12361
1995,1.73594,10.07643
1996,1.696143,10.11084
1997,1.648674,10.10811
1998,1.591296,10.14769
1999,1.566072,10.11249
2000,1.576724,10.08823
2001,1.580663,10.07239
2002,1.597896,10.03828
2003,1.64134,10.07782
2004,1.698999,10.09719
2005,1.812048,10.10746
2006,1.970916,10.11286
2007,2.119894,10.13104
2008,2.212653,10.16863
2009,2.233543,10.20672
2010,2.198453,10.21838
1880,,
1900,2.244287,8.447664
1920,1.482196,8.868462
1929,,
1930,,
1931,,
1932,,
1933,,
1934,,
1935,,
1936,,
1937,,
1938,,
1939,,
1940,.9898043,9.16067
1941,,
1942,,
1943,,
1944,,
1945,,
1946,,
1947,,
1948,,
1949,.6546545,9.450705
1950,.6687975,9.312704
1951,.6704187,9.220857
1952,.732193,9.003157
1953,.7720423,8.951398
1954,.8715582,9.064812
1955,.9534359,9.168661
1956,.9760332,9.280365
1957,1.037083,9.36054
1958,1.14285,9.262487
1959,1.177945,9.360625
1960,1.218266,9.418985
1961,1.183424,9.540956
1962,1.220155,9.586202
1963,1.461859,9.721728
1964,1.577053,9.8019
1965,1.699319,9.834933
1966,1.415701,9.797167
1967,1.357613,9.728018
1968,1.25638,9.751246
1969,1.207833,9.692007
1970,1.207423,9.764196
1971,1.214089,9.790645
1972,1.143827,9.8027
1973,1.08429,9.850133
1974,.9881878,9.82822
1975,.9046936,9.874256
1976,.8783817,9.937952
1977,.8267307,9.932254
1978,.7275391,9.891161
1979,.672121,9.93367
1980,.6275177,9.938254
1981,.6095886,9.961069
1982,.5273247,9.99044
1983,.4619408,10.00404
1984,.3785515,10.04008
1985,.320034,10.09415
1986,.2480984,10.13271
1987,.1988697,10.15366
1988,.1765537,10.17734
1989,.1651764,10.20739
1990,.1455688,10.20444
1991,.1594639,10.22507
1992,.1900196,10.27146
1993,.2381611,10.32413
1994,.2755928,10.31023
1995,.3012276,10.30556
1996,.3162479,10.3333
1997,.3304863,10.36291
1998,.3534031,10.38796
1999,.3938866,10.37531
2000,.4189777,10.32828
2001,.4369259,10.33136
2002,.4605293,10.32903
2003,.4790592,10.33939
2004,.4910469,10.39227
2005,.504427,10.40779
2006,.5234241,10.43837
2007,.5421829,10.45813
2008,.5627346,10.49112
2009,.573616,10.50271
2010,.5726624,10.50756
1880,,
1900,1.203074,8.121928
1920,.7614088,8.511478
1929,,
1930,,
1931,,
1932,,
1933,,
1934,,
1935,,
1936,,
1937,,
1938,,
1939,,
1940,.7914972,8.807091
1941,,
1942,,
1943,,
1944,,
1945,,
1946,,
1947,,
1948,,
1949,1.022482,8.998474
1950,1.009097,8.856248
1951,1.146021,8.785501
1952,1.17239,8.544514
1953,1.178279,8.547878
1954,1.252723,8.714328
1955,1.347938,8.852302
1956,1.431689,8.974676
1957,1.472011,9.066871
1958,1.513519,8.940241
1959,1.521106,9.048821
1960,1.542902,9.105371
1961,1.533027,9.329779
1962,1.489344,9.458071
1963,1.658869,9.619682
1964,1.73099,9.654886
1965,1.815987,9.674622
1966,1.500473,9.553278
1967,1.452613,9.504255
1968,1.364026,9.528678
1969,1.309485,9.474966
1970,1.356802,9.577238
1971,1.241012,9.61799
1972,1.221747,9.636428
1973,1.211987,9.718513
1974,1.134338,9.637122
1975,1.020694,9.695349
1976,.9320831,9.732478
1977,.8841848,9.71652
1978,.8630085,9.676608
1979,.8564854,9.72496
1980,.8052206,9.745105
1981,.7363033,9.752389
1982,.7185221,9.809582
1983,.6364059,9.832311
1984,.5846357,9.870427
1985,.5179501,9.941873
1986,.4356527,9.974504
1987,.3992462,9.979905
1988,.3768826,10.01459
1989,.3570366,10.0473
1990,.3291559,10.01815
1991,.3373814,10.05015
1992,.3450727,10.10136
1993,.3705072,10.17646
1994,.3983259,10.13658
1995,.4469633,10.12277
1996,.474267,10.175
1997,.4846907,10.20905
1998,.4830885,10.23953
1999,.4952526,10.22515
2000,.5194759,10.16796
2001,.558219,10.16497
2002,.5926228,10.14199
2003,.6415939,10.15712
2004,.6635857,10.21825
2005,.6992245,10.23535
2006,.7467651,10.26718
2007,.7663679,10.28682
2008,.7846165,10.3065
2009,.7824039,10.337
2010,.7757854,10.33046
1880,,
1900,1.947556,7.901837
1920,.9248018,8.538635
1929,,
1930,,
1931,,
1932,,
1933,,
1934,,
1935,,
1936,,
1937,,
1938,,
1939,,
1940,.0526905,8.816736
1941,,
1942,,
1943,,
1944,,
1945,,
1946,,
1947,,
1948,,
1949,.1529646,8.861465
1950,.0868702,8.750838
1951,.18013,8.691053
1952,.2435732,8.402039
1953,.3023386,8.388005
1954,.4453039,8.497894
1955,.5579519,8.699459
1956,.6277037,8.755148
1957,.683794,8.819701
1958,.7544422,8.730912
1959,.8453846,8.742155
1960,.9980106,8.840422
1961,1.129847,9.054354
1962,1.160178,9.383016
1963,1.036291,9.53137
1964,1.127615,9.62523
1965,1.247191,9.599545
1966,.9950256,9.489661
1967,.8568335,9.49134
1968,.7903481,9.448289
1969,.7488155,9.430568
1970,.7986116,9.540483
1971,.7069016,9.554721
1972,.659008,9.671421
1973,.635767,9.610959
1974,.5245829,9.636314
1975,.4248619,9.616297
1976,.4068756,9.639871
1977,.4272556,9.655185
1978,.4266787,9.711823
1979,.4159355,9.704246
1980,.4089212,9.717402
1981,.3694296,9.735161
1982,.3676081,9.759051
1983,.4288149,9.777415
1984,.4645777,9.818318
1985,.4782009,9.868245
1986,.5025482,9.913363
1987,.535512,9.930588
1988,.5263376,9.964293
1989,.5033875,10.00951
1990,.4941988,10.02667
1991,.5328465,10.06605
1992,.5789137,10.14102
1993,.6068087,10.21351
1994,.645709,10.18809
1995,.6616402,10.18399
1996,.6438684,10.20701
1997,.6418037,10.22449
1998,.6573772,10.2483
1999,.6595039,10.26923
2000,.6421232,10.22869
2001,.6245708,10.24972
2002,.6114006,10.2638
2003,.5990887,10.26639
2004,.6022358,10.31256
2005,.615344,10.32651
2006,.6366253,10.35217
2007,.6480837,10.35631
2008,.6576395,10.35601
2009,.6793261,10.35723
2010,.708642,10.36319
1880,,
1900,1.320858,7.780937
1920,.5911064,8.096271
1929,,
1930,,
1931,,
1932,,
1933,,
1934,,
1935,,
1936,,
1937,,
1938,,
1939,,
1940,.8404875,8.433178
1941,,
1942,,
1943,,
1944,,
1945,,
1946,,
1947,,
1948,,
1949,.4457569,8.554194
1950,.5636501,8.390978
1951,.5171776,8.36817
1952,.436306,8.150449
1953,.366168,8.178847
1954,.3201675,8.278348
1955,.2863979,8.387245
1956,.2294827,8.475838
1957,.2521563,8.586213
1958,.2795362,8.469592
1959,.2988529,8.513408
1960,.3085756,8.556548
1961,.343914,8.718864
1962,.4588795,8.926262
1963,.7028484,9.131795
1964,.8953381,9.204026
1965,.9358692,9.227436
1966,.6615305,9.174005
1967,.620141,9.083158
1968,.6295729,9.146893
1969,.5777884,9.100056
1970,.4780769,9.142299
1971,.5732298,9.221341
1972,.6661034,9.271549
1973,.7481718,9.318955
1974,.8168697,9.300084
1975,.8782148,9.347275
1976,.98701,9.39878
1977,.9982252,9.402573
1978,.9928179,9.405357
1979,.9735394,9.435499
1980,.9321451,9.436607
1981,.9192324,9.48493
1982,.896225,9.526663
1983,.8836317,9.558372
1984,.8319521,9.578939
1985,.8135414,9.641394
1986,.7929087,9.69984
1987,.7472754,9.740668
1988,.7066298,9.782065
1989,.6982899,9.827488
1990,.6702948,9.840954
1991,.6047678,9.861182
1992,.60534,9.92061
1993,.6141472,9.969339
1994,.5953121,9.970783
1995,.5697584,9.955998
1996,.522747,9.999446
1997,.5022287,10.0437
1998,.4927254,10.07708
1999,.4890537,10.08738
2000,.4992962,10.02565
2001,.5144262,10.03041
2002,.523324,10.03097
2003,.5416441,10.03127
2004,.5753183,10.10148
2005,.6201792,10.10803
2006,.6731176,10.11664
2007,.7233524,10.13565
2008,.7667255,10.17723
2009,.8019733,10.19971
2010,.8129692,10.20268
1880,,
1900,1.925969,8.039902
1920,1.318488,8.160353
1929,,
1930,,
1931,,
1932,,
1933,,
1934,,
1935,,
1936,,
1937,,
1938,,
1939,,
1940,1.379657,8.495849
1941,,
1942,,
1943,,
1944,,
1945,,
1946,,
1947,,
1948,,
1949,1.166272,8.609965
1950,1.239123,8.486461
1951,1.325927,8.465608
1952,1.383586,8.290445
1953,1.372552,8.287337
1954,1.347327,8.412338
1955,1.396718,8.482385
1956,1.500359,8.595358
1957,1.610961,8.630273
1958,1.613116,8.636474
1959,1.590319,8.683512
1960,1.594191,8.689874
1961,1.368423,8.853329
1962,1.374545,9.025332
1963,1.384902,9.250013
1964,1.646795,9.340816
1965,1.853743,9.33389
1966,1.673918,9.185347
1967,1.641197,9.10906
1968,1.638975,9.170816
1969,1.588473,9.239259
1970,1.513224,9.266685
1971,1.463628,9.272406
1972,1.402168,9.309882
1973,1.395712,9.351801
1974,1.408038,9.341949
1975,1.385899,9.388132
1976,1.324534,9.446488
1977,1.26977,9.485487
1978,1.277308,9.469208
1979,1.274414,9.491314
1980,1.294212,9.476556
1981,1.323738,9.496248
1982,1.316547,9.522294
1983,1.317754,9.564584
1984,1.222491,9.599708
1985,1.159134,9.648396
1986,1.081142,9.705855
1987,.9659433,9.757724
1988,.8712673,9.801356
1989,.8070135,9.801069
1990,.727067,9.813272
1991,.6823921,9.839582
1992,.660224,9.885174
1993,.6518412,9.931005
1994,.6457901,9.948374
1995,.5957079,9.959488
1996,.5360985,10.01605
1997,.4809952,10.04902
1998,.4314041,10.09961
1999,.3740025,10.10577
2000,.2861977,10.10318
2001,.2221298,10.13573
2002,.1634693,10.13147
2003,.1410198,10.12874
2004,.1695299,10.15099
2005,.187583,10.1523
2006,-.11971,10.13171
2007,.0360441,10.11409
2008,.1681948,10.13776
2009,.2730942,10.15996
2010,.3682995,10.19031
1880,,
1900,2.265911,8.789757
1920,1.585789,9.027038
1929,,
1930,,
1931,,
1932,,
1933,,
1934,,
1935,,
1936,,
1937,,
1938,,
1939,,
1940,.5705404,9.250437
1941,,
1942,,
1943,,
1944,,
1945,,
1946,,
1947,,
1948,,
1949,.571413,9.406311
1950,.4883051,9.349231
1951,.4563904,9.347236
1952,.439167,9.239702
1953,.5772257,9.200528
1954,.6574821,9.254823
1955,.5849504,9.287156
1956,.5803633,9.376837
1957,.6156111,9.365904
1958,.6890917,9.300917
1959,.8154106,9.389596
1960,.8907223,9.456285
1961,.8535051,9.551506
1962,.911417,9.623315
1963,1.11361,9.726336
1964,1.112738,9.738482
1965,1.22087,9.75321
1966,.9952307,9.705119
1967,.9901619,9.596656
1968,.9198046,9.57198
1969,.877037,9.562145
1970,.9826803,9.663125
1971,1.047435,9.681666
1972,1.072192,9.704914
1973,.9259844,9.723703
1974,.8130503,9.706886
1975,.8287668,9.781574
1976,.8080292,9.825336
1977,.7651854,9.838207
1978,.6826591,9.816506
1979,.5798388,9.854665
1980,.5379009,9.870568
1981,.5006933,9.897557
1982,.4609156,9.935969
1983,.4089069,9.946284
1984,.3480721,9.979904
1985,.3328514,10.01904
1986,.3215742,10.06105
1987,.2960348,10.10413
1988,.3122091,10.14785
1989,.3134012,10.17258
1990,.2720499,10.18315
1991,.2380991,10.19918
1992,.2261353,10.24048
1993,.2337074,10.2627
1994,.2681255,10.23946
1995,.3187561,10.22315
1996,.3613806,10.2474
1997,.4028511,10.26915
1998,.4405069,10.29724
1999,.473814,10.29649
2000,.5084229,10.29024
2001,.5174208,10.29742
2002,.5304956,10.33091
2003,.5103111,10.37758
2004,.4667616,10.45013
2005,.4256487,10.48666
2006,.4123306,10.5375
2007,.4015779,10.57624
2008,.3929901,10.62113
2009,.4008627,10.61889
2010,.4252291,10.59754
1880,,
1900,1.197891,8.252877
1920,.9951067,8.624093
1929,,
1930,,
1931,,
1932,,
1933,,
1934,,
1935,,
1936,,
1937,,
1938,,
1939,,
1940,1.189461,9.028388
1941,,
1942,,
1943,,
1944,,
1945,,
1946,,
1947,,
1948,,
1949,1.811981,9.240598
1950,1.821432,9.189957
1951,1.936994,9.173728
1952,1.993442,9.061692
1953,2.078228,9.020053
1954,2.255936,9.103926
1955,2.305722,9.129821
1956,2.383928,9.232096
1957,2.467294,9.269935
1958,2.619386,9.242707
1959,2.682419,9.30201
1960,2.631826,9.363566
1961,2.524304,9.517414
1962,2.417588,9.662961
1963,2.395711,9.745858
1964,2.411098,9.756958
1965,2.586641,9.725757
1966,2.531624,9.644048
1967,2.550139,9.538999
1968,2.593603,9.564628
1969,2.536492,9.571506
1970,2.570724,9.653833
1971,2.497487,9.679454
1972,2.450404,9.728736
1973,2.352257,9.759023
1974,2.157025,9.710848
1975,2.080784,9.769757
1976,1.974435,9.820108
1977,1.892252,9.824367
1978,1.726289,9.771553
1979,1.601329,9.791444
1980,1.53029,9.80984
1981,1.470466,9.840611
1982,1.359944,9.881572
1983,1.210303,9.89992
1984,1.116004,9.943801
1985,1.018186,9.98567
1986,.9709692,10.03055
1987,.9745979,10.07015
1988,.9981203,10.11611
1989,1.003084,10.17595
1990,.9894133,10.20233
1991,.9535217,10.22782
1992,.9381056,10.27501
1993,.9530544,10.30928
1994,.9747696,10.2972
1995,.9925175,10.28854
1996,1.015806,10.32187
1997,1.033053,10.34046
1998,1.058321,10.36695
1999,1.092234,10.35855
2000,1.140709,10.3449
2001,1.159925,10.34649
2002,1.196074,10.36456
2003,1.211796,10.40159
2004,1.197853,10.45408
2005,1.184173,10.49477
2006,1.132336,10.53355
2007,1.068592,10.55908
2008,.9962988,10.58943
2009,.9621429,10.60235
2010,.9343481,10.59244
1880,,
1900,.3390455,8.117566
1920,.5033255,8.53961
1929,,
1930,,
1931,,
1932,,
1933,,
1934,,
1935,,
1936,,
1937,,
1938,,
1939,,
1940,.501256,8.85487
1941,,
1942,,
1943,,
1944,,
1945,,
1946,,
1947,,
1948,,
1949,.624342,8.987679
1950,.682478,8.965973
1951,.6334639,8.90544
1952,.57868,8.749292
1953,.5310631,8.781417
1954,.5586672,8.866693
1955,.5542374,8.881885
1956,.5517387,9.025468
1957,.5664301,8.998863
1958,.5657959,8.941648
1959,.6164217,9.004293
1960,.6918907,9.059583
1961,.7757807,9.193414
1962,.8535957,9.395881
1963,1.043234,9.588802
1964,1.049442,9.571432
1965,1.088209,9.527822
1966,.896616,9.494332
1967,.809083,9.389073
1968,.620451,9.369739
1969,.4699993,9.33468
1970,.4171324,9.333086
1971,.5164719,9.357404
1972,.6152773,9.426091
1973,.6819725,9.424987
1974,.6705904,9.416338
1975,.6949902,9.510005
1976,.7507324,9.549059
1977,.7943392,9.54657
1978,.8344698,9.555634
1979,.8083487,9.575753
1980,.7237625,9.598527
1981,.6495523,9.578764
1982,.6706619,9.610626
1983,.7111502,9.630875
1984,.7583666,9.696379
1985,.7697582,9.75458
1986,.7905579,9.787295
1987,.8269691,9.802372
1988,.957675,9.838142
1989,1.03426,9.884494
1990,1.058159,9.912909
1991,.9859943,9.920576
1992,.8984137,9.961186
1993,.857954,10.01107
1994,.7946968,10.00335
1995,.7359743,9.973156
1996,.6812525,10.04267
1997,.6338835,10.0505
1998,.6057692,10.06852
1999,.5939102,10.06191
2000,.6256771,10.0525
2001,.6319952,10.04938
2002,.6556892,10.06688
2003,.6607819,10.09856
2004,.6409502,10.15378
2005,.628829,10.18806
2006,.616293,10.2427
2007,.5678225,10.28068
2008,.500226,10.31741
2009,.4302549,10.33791
2010,.3746891,10.31644
1880,,
1900,1.956735,8.277089
1920,2.077928,8.530313
1929,,
1930,,
1931,,
1932,,
1933,,
1934,,
1935,,
1936,,
1937,,
1938,,
1939,,
1940,1.853871,9.017958
1941,,
1942,,
1943,,
1944,,
1945,,
1946,,
1947,,
1948,,
1949,1.390214,9.269209
1950,1.408587,9.106909
1951,1.515708,9.004403
1952,1.650882,8.793692
1953,1.77856,8.718378
1954,1.935477,8.956285
1955,2.04658,9.090956
1956,2.117529,9.231625
1957,2.105222,9.298403
1958,2.081747,9.137817
1959,2.048616,9.241902
1960,1.939697,9.319019
1961,1.835318,9.467292
1962,1.784363,9.600202
1963,2.005038,9.796598
1964,2.02641,9.805573
1965,2.120934,9.734694
1966,1.854706,9.654604
1967,1.755309,9.616738
1968,1.681094,9.606789
1969,1.63487,9.594764
1970,1.641364,9.702025
1971,1.61375,9.72596
1972,1.526732,9.75314
1973,1.425071,9.84936
1974,1.270046,9.783242
1975,1.116595,9.862451
1976,.998497,9.864659
1977,.9524202,9.846795
1978,.912447,9.787825
1979,.8730602,9.828807
1980,.8337498,9.846922
1981,.7711792,9.83315
1982,.694561,9.889752
1983,.5792618,9.928875
1984,.5007839,9.994528
1985,.4128265,10.06464
1986,.349226,10.10635
1987,.3129864,10.10679
1988,.2914762,10.16004
1989,.2619505,10.16338
1990,.2278328,10.11998
1991,.233326,10.14686
1992,.2456093,10.21425
1993,.2516937,10.2648
1994,.261116,10.2253
1995,.3026676,10.20014
1996,.3398037,10.26141
1997,.3437996,10.31272
1998,.339241,10.34112
1999,.3387356,10.32361
2000,.362978,10.26348
2001,.4074192,10.23873
2002,.4710579,10.21856
2003,.5208683,10.25094
2004,.5269814,10.3096
2005,.5101013,10.3522
2006,.4743195,10.38907
2007,.4243565,10.38146
2008,.3805065,10.39753
2009,.3385735,10.4179
2010,.2951813,10.40043
1880,,
1900,4.039412,8.277885
1920,1.54839,8.641454
1929,,
1930,,
1931,,
1932,,
1933,,
1934,,
1935,,
1936,,
1937,,
1938,,
1939,,
1940,.7797575,8.792796
1941,,
1942,,
1943,,
1944,,
1945,,
1946,,
1947,,
1948,,
1949,.6601143,8.97997
1950,.7568693,8.920546
1951,.7052946,8.833367
1952,.6775665,8.702018
1953,.6597042,8.59965
1954,.7209444,8.716346
1955,.774169,8.917647
1956,.8490372,8.955983
1957,.8793354,9.049387
1958,.9258127,8.981734
1959,.9725857,9.043534
1960,1.0253,9.048566
1961,1.219449,9.162536
1962,1.386962,9.316936
1963,1.584482,9.432104
1964,1.71875,9.475766
1965,1.744552,9.550729
1966,1.393909,9.537621
1967,1.345,9.466485
1968,1.277642,9.52224
1969,1.2359,9.450114
1970,1.20697,9.516932
1971,1.233134,9.538174
1972,1.219425,9.551942
1973,1.210117,9.590989
1974,1.124959,9.592381
1975,1.066031,9.633064
1976,.9990597,9.645167
1977,.9761524,9.661178
1978,.9480429,9.676789
1979,.910306,9.691337
1980,.8811235,9.71824
1981,.8484507,9.745234
1982,.8107948,9.776002
1983,.7973385,9.817073
1984,.7788229,9.835544
1985,.7631493,9.910227
1986,.7534027,9.956334
1987,.7311296,9.98691
1988,.7428932,10.03
1989,.7176971,10.06943
1990,.7014561,10.08405
1991,.7114029,10.09406
1992,.7532263,10.14256
1993,.7963467,10.24083
1994,.8386326,10.2079
1995,.8574295,10.18811
1996,.8745146,10.20838
1997,.8985853,10.25946
1998,.9197187,10.29698
1999,.9401083,10.29014
2000,.9438086,10.25746
2001,.9607363,10.25509
2002,.9729433,10.2604
2003,.9952354,10.28022
2004,1.009326,10.35716
2005,1.008682,10.37494
2006,1.026502,10.40759
2007,1.033134,10.42876
2008,.9996891,10.42425
2009,.9836388,10.4544
2010,.9520245,10.45203
1880,,
1900,1.797848,8.168336
1920,.4570866,8.545526
1929,,
1930,,
1931,,
1932,,
1933,,
1934,,
1935,,
1936,,
1937,,
1938,,
1939,,
1940,.5317163,8.809733
1941,,
1942,,
1943,,
1944,,
1945,,
1946,,
1947,,
1948,,
1949,.3466177,9.021101
1950,.4181147,8.944643
1951,.3936815,8.902347
1952,.2929068,8.711207
1953,.3170586,8.676022
1954,.3593922,8.741961
1955,.4238558,8.853966
1956,.4548597,8.944027
1957,.4952049,8.992597
1958,.5087852,8.947782
1959,.5914116,9.019724
1960,.666666,9.043801
1961,.6550264,9.204502
1962,.6458998,9.331263
1963,.8653784,9.452324
1964,1.112342,9.538919
1965,1.201234,9.572858
1966,.9251118,9.541322
1967,.8283663,9.433947
1968,.8628082,9.471302
1969,.891819,9.451386
1970,.8353138,9.513274
1971,.8117199,9.522875
1972,.8977795,9.569751
1973,.8601427,9.60766
1974,.8145428,9.594777
1975,.7420397,9.651643
1976,.7363749,9.684287
1977,.7274675,9.673165
1978,.7579422,9.709752
1979,.6912756,9.742888
1980,.6453228,9.740104
1981,.6290627,9.757581
1982,.6172228,9.798248
1983,.5916786,9.826151
1984,.5668831,9.856642
1985,.5638647,9.918755
1986,.5243158,9.945673
1987,.5400372,9.974036
1988,.5328894,10.02798
1989,.4685545,10.01334
1990,.4528522,10.03469
1991,.453229,10.05789
1992,.465579,10.10454
1993,.4947138,10.14702
1994,.5337524,10.10978
1995,.5735445,10.10938
1996,.5935669,10.14508
1997,.6168365,10.18343
1998,.6268167,10.21444
1999,.6444693,10.21429
2000,.6517935,10.16285
2001,.6716394,10.17424
2002,.7040548,10.18215
2003,.7199669,10.21142
2004,.7216311,10.26615
2005,.7334709,10.29263
2006,.7557774,10.31915
2007,.7606792,10.32838
2008,.7667208,10.33851
2009,.7841396,10.3525
2010,.7812214,10.3378
1880,,
1900,1.57722,7.530099
1920,.7174349,7.743587
1929,,
1930,,
1931,,
1932,,
1933,,
1934,,
1935,,
1936,,
1937,,
1938,,
1939,,
1940,.9746361,8.080335
1941,,
1942,,
1943,,
1944,,
1945,,
1946,,
1947,,
1948,,
1949,.2131128,8.217454
1950,.4067278,7.902074
1951,.4067659,7.842959
1952,.3562641,7.621359
1953,.1789331,7.705965
1954,.0340319,7.954174
1955,-.0024271,7.971992
1956,.0336742,8.20363
1957,.0047874,8.15641
1958,-.0973177,8.062985
1959,-.0696707,8.103027
1960,.0137711,8.145973
1961,.0409651,8.458611
1962,.0876999,8.716164
1963,-.0244474,8.855084
1964,.2798891,9.0022
1965,.3863192,8.98033
1966,.4009581,8.87065
1967,.2768278,8.82227
1968,.333066,8.924091
1969,.3136921,8.815127
1970,.1026344,8.892595
1971,.2315617,8.916552
1972,.348382,8.962029
1973,.5500793,8.98918
1974,.7093382,8.967238
1975,.7636547,9.094337
1976,.7638788,9.08529
1977,.8193874,9.062258
1978,.8812189,9.117182
1979,.7980108,9.185696
1980,.7306719,9.160793
1981,.7030106,9.217289
1982,.654664,9.233646
1983,.67379,9.317494
1984,.7005596,9.34217
1985,.7088709,9.406135
1986,.7216978,9.463093
1987,.7499552,9.520186
1988,.7543421,9.573241
1989,.7402945,9.617573
1990,.7467365,9.651704
1991,.6860781,9.69146
1992,.6426239,9.772242
1993,.6107569,9.830765
1994,.613265,9.811848
1995,.6308603,9.795193
1996,.6143999,9.859906
1997,.6064463,9.894577
1998,.5992603,9.918756
1999,.6012058,9.929326
2000,.6018209,9.878832
2001,.5829287,9.893543
2002,.5580664,9.882232
2003,.5535269,9.890932
2004,.5694008,9.938631
2005,.5791664,9.953618
2006,.5669022,9.966827
2007,.6167173,9.990569
2008,.6656837,10.01863
2009,.696044,10.04916
2010,.7060575,10.04478
1880,,
1900,9.133925,9.240931
1920,4.067407,9.335924
1929,,
1930,,
1931,,
1932,,
1933,,
1934,,
1935,,
1936,,
1937,,
1938,,
1939,,
1940,.0823116,8.88082
1941,,
1942,,
1943,,
1944,,
1945,,
1946,,
1947,,
1948,,
1949,.4119444,8.974443
1950,.4773951,8.829927
1951,.4933548,8.662632
1952,.5434418,8.620909
1953,.6491375,8.559875
1954,.6768227,8.731331
1955,.7264042,8.973433
1956,.8449793,8.96628
1957,.9281254,9.002997
1958,.9387112,9.025672
1959,.9340763,9.070286
1960,.9813118,9.128557
1961,1.241202,9.303119
1962,1.462345,9.437094
1963,1.876698,9.622004
1964,2.023787,9.632945
1965,1.960497,9.630783
1966,1.594038,9.629908
1967,1.398153,9.617085
1968,1.279073,9.64239
1969,.9929562,9.51363
1970,.8091879,9.664509
1971,.8824205,9.675955
1972,.8889771,9.664981
1973,.8310699,9.650755
1974,.8335638,9.621978
1975,.819087,9.69397
1976,.7260466,9.697953
1977,.7267857,9.693192
1978,.8158684,9.706667
1979,.8259726,9.673184
1980,.7491541,9.681767
1981,.6670046,9.64514
1982,.7068014,9.793411
1983,.7331991,9.764335
1984,.7539511,9.765821
1985,.7625675,9.822265
1986,.7030392,9.862655
1987,.6920671,9.859373
1988,.6689072,9.869748
1989,.7084131,9.933231
1990,.6891727,9.973011
1991,.6495714,9.974858
1992,.6913137,10.08105
1993,.747962,10.15993
1994,.777936,10.1262
1995,.7849026,10.11882
1996,.7781649,10.12734
1997,.714612,10.12998
1998,.6474257,10.20167
1999,.6432152,10.16206
2000,.6806326,10.1337
2001,.656743,10.15514
2002,.6284761,10.13777
2003,.6098747,10.14544
2004,.6239414,10.15288
2005,.6692982,10.13022
2006,.7882643,10.16059
2007,.9045076,10.16431
2008,.9951305,10.15387
2009,1.037269,10.20242
2010,1.068726,10.20173
1880,,
1900,1.511488,7.27395
1920,1.50537,7.581527
1929,,
1930,,
1931,,
1932,,
1933,,
1934,,
1935,,
1936,,
1937,,
1938,,
1939,,
1940,1.670103,8.310798
1941,,
1942,,
1943,,
1944,,
1945,,
1946,,
1947,,
1948,,
1949,1.109014,8.383982
1950,1.251836,8.278443
1951,1.288571,8.209309
1952,1.208134,8.027
1953,1.158371,8.18113
1954,1.116929,8.34722
1955,1.220837,8.404276
1956,1.264701,8.483157
1957,1.274757,8.536819
1958,1.203318,8.459441
1959,1.189728,8.543216
1960,1.232419,8.566748
1961,1.299181,8.78413
1962,1.354489,8.985824
1963,1.321001,9.121098
1964,1.396246,9.201858
1965,1.611714,9.251099
1966,1.364074,9.219809
1967,1.360931,9.122516
1968,1.327734,9.153782
1969,1.259127,9.133335
1970,1.129613,9.228837
1971,1.164761,9.255951
1972,1.26894,9.267756
1973,1.336446,9.295028
1974,1.395664,9.304371
1975,1.330371,9.364435
1976,1.304464,9.399216
1977,1.303091,9.35715
1978,1.356869,9.383164
1979,1.317134,9.424805
1980,1.27305,9.438685
1981,1.224251,9.46453
1982,1.229444,9.516581
1983,1.240311,9.546776
1984,1.248469,9.60218
1985,1.257792,9.649335
1986,1.277752,9.718866
1987,1.285415,9.756067
1988,1.292872,9.801966
1989,1.331019,9.854698
1990,1.338239,9.871028
1991,1.329017,9.895392
1992,1.320748,9.969215
1993,1.344333,10.02136
1994,1.373386,10.00057
1995,1.414332,9.97754
1996,1.466966,10.02185
1997,1.503367,10.03804
1998,1.538916,10.07502
1999,1.574821,10.06045
2000,1.574059,10.0343
2001,1.604295,10.04695
2002,1.622338,10.0475
2003,1.631932,10.09403
2004,1.637864,10.16606
2005,1.653652,10.19841
2006,1.720104,10.24172
2007,1.766896,10.26728
2008,1.811094,10.30113
2009,1.820731,10.32409
2010,1.805143,10.31548
1880,,
1900,5.88975,8.649366
1920,3.5325,8.654263
1929,,
1930,,
1931,,
1932,,
1933,,
1934,,
1935,,
1936,,
1937,,
1938,,
1939,,
1940,-.053401,8.562901
1941,,
1942,,
1943,,
1944,,
1945,,
1946,,
1947,,
1948,,
1949,-.6065655,8.522074
1950,-.4846239,8.342972
1951,-.5925894,7.972888
1952,-.5300903,7.987845
1953,-.5070591,7.872237
1954,-.4758072,8.045261
1955,-.4282808,8.408963
1956,-.3995848,8.263627
1957,-.3395128,8.54007
1958,-.3273296,8.422113
1959,-.2060509,8.551174
1960,-.0470972,8.64952
1961,.2070379,8.995637
1962,.4429102,9.125126
1963,.8254004,9.439395
1964,.9751844,9.486311
1965,.8824205,9.47707
1966,.6335497,9.438864
1967,.3988838,9.611433
1968,.3415155,9.535205
1969,.197072,9.374854
1970,-.0012016,9.484872
1971,.1841402,9.471547
1972,.1851559,9.358397
1973,.1886082,9.364447
1974,.1864338,9.378513
1975,.187254,9.475919
1976,.2566957,9.505808
1977,.294795,9.500106
1978,.355444,9.625464
1979,.2689457,9.516792
1980,.1581955,9.581507
1981,.142293,9.4642
1982,.2448654,9.80347
1983,.24755,9.701582
1984,.236969,9.673293
1985,.2110386,9.809793
1986,.1710224,9.795789
1987,.2730799,9.799524
1988,.2690363,9.807288
1989,.200057,9.872084
1990,.1498985,9.866277
1991,.0720358,9.954965
1992,.0574064,10.09532
1993,.0691319,10.37627
1994,.0828123,10.26005
1995,.072794,10.21322
1996,.0392771,10.12802
1997,.00422,10.09913
1998,-.024004,10.25762
1999,-.0608826,10.17395
2000,-.0953197,9.998325
2001,-.1574326,10.16616
2002,-.2357054,10.17301
2003,-.2879524,10.17777
2004,-.2701712,10.2074
2005,-.2335167,10.20917
2006,-.1523399,10.21385
2007,-.0633097,10.22039
2008,.0170565,10.10849
2009,.141983,10.18874
2010,.2806282,10.23506
1880,,
1900,4.286895,8.166298
1920,.9768724,8.663803
1929,,
1930,,
1931,,
1932,,
1933,,
1934,,
1935,,
1936,,
1937,,
1938,,
1939,,
1940,.0751352,8.762775
1941,,
1942,,
1943,,
1944,,
1945,,
1946,,
1947,,
1948,,
1949,-.2727604,8.963673
1950,-.1958132,8.851654
1951,-.2519083,8.723788
1952,-.2781582,8.524421
1953,-.2479219,8.473477
1954,-.1543093,8.407845
1955,-.0036383,8.815043
1956,.1415682,8.775121
1957,.201273,8.787615
1958,.2104425,8.778455
1959,.2910566,8.785127
1960,.36973,8.875612
1961,.6410551,9.046732
1962,.8101845,9.343976
1963,.8913231,9.502303
1964,.9973621,9.55405
1965,.9766102,9.613515
1966,.738802,9.530961
1967,.7025862,9.464114
1968,.7407379,9.586984
1969,.620389,9.470292
1970,.5724335,9.609715
1971,.6683493,9.583332
1972,.7339811,9.63809
1973,.7409096,9.576662
1974,.688448,9.616896
1975,.5749559,9.55653
1976,.5160952,9.558427
1977,.5447721,9.676794
1978,.6048012,9.704832
1979,.5657387,9.694832
1980,.5199718,9.726437
1981,.4384232,9.717708
1982,.3868818,9.778987
1983,.3540134,9.784498
1984,.3474236,9.792541
1985,.372138,9.880105
1986,.3906775,9.936695
1987,.362463,9.940289
1988,.3439808,9.956007
1989,.330925,10.01391
1990,.3053379,10.01851
1991,.2959156,10.05818
1992,.2984762,10.12042
1993,.3078651,10.2106
1994,.3187609,10.14189
1995,.361433,10.18019
1996,.3875732,10.16577
1997,.4073763,10.17982
1998,.4147434,10.24953
1999,.429759,10.21595
2000,.4309416,10.14656
2001,.4287148,10.19292
2002,.4429245,10.20442
2003,.4648304,10.20644
2004,.4818916,10.26841
2005,.5289698,10.28689
2006,.5933571,10.30246
2007,.6483603,10.31565
2008,.6687832,10.33787
2009,.7032156,10.34434
2010,.7303762,10.35841
1880,,
1900,.8536196,8.402997
1920,.3686714,8.672532
1929,,
1930,,
1931,,
1932,,
1933,,
1934,,
1935,,
1936,,
1937,,
1938,,
1939,,
1940,.5236053,8.927641
1941,,
1942,,
1943,,
1944,,
1945,,
1946,,
1947,,
1948,,
1949,.6609583,9.125454
1950,.6622887,9.088861
1951,.5912781,9.036757
1952,.6052971,8.872942
1953,.6846619,8.901647
1954,.7168961,9.005554
1955,.73349,9.030841
1956,.813632,9.090475
1957,.8663559,9.106278
1958,.9030056,9.066866
1959,.9791756,9.132891
1960,1.066699,9.158507
1961,1.150222,9.3095
1962,1.354728,9.389119
1963,1.710176,9.46807
1964,1.827745,9.52783
1965,1.881542,9.558413
1966,1.59502,9.510506
1967,1.571684,9.430655
1968,1.550136,9.41276
1969,1.531353,9.407215
1970,1.66307,9.452714
1971,1.825929,9.490384
1972,1.896014,9.516884
1973,1.912203,9.556299
1974,1.942816,9.578503
1975,1.994452,9.654143
1976,2.015681,9.67815
1977,2.107449,9.700147
1978,2.154632,9.674809
1979,2.126412,9.725218
1980,2.085824,9.741462
1981,2.078953,9.768218
1982,2.025847,9.805345
1983,1.947775,9.80563
1984,1.937857,9.842626
1985,1.941552,9.884382
1986,2.044692,9.944741
1987,2.069182,9.979418
1988,2.116213,10.02205
1989,2.111883,10.06152
1990,2.025018,10.04187
1991,1.879387,10.05128
1992,1.788168,10.095
1993,1.713018,10.13218
1994,1.676493,10.10636
1995,1.66307,10.08158
1996,1.63527,10.135
1997,1.552982,10.16605
1998,1.496687,10.21145
1999,1.463666,10.22054
2000,1.468945,10.21619
2001,1.46512,10.23058
2002,1.45998,10.2574
2003,1.447511,10.30871
2004,1.390724,10.37142
2005,1.322279,10.41671
2006,1.220255,10.46946
2007,1.09549,10.50637
2008,.975914,10.53384
2009,.8763075,10.53094
2010,.843339,10.47836
1880,,
1900,2.550087,8.646711
1920,2.580261,8.933824
1929,,
1930,,
1931,,
1932,,
1933,,
1934,,
1935,,
1936,,
1937,,
1938,,
1939,,
1940,1.399202,9.140369
1941,,
1942,,
1943,,
1944,,
1945,,
1946,,
1947,,
1948,,
1949,1.017237,9.420703
1950,.9017658,9.364056
1951,.9739208,9.318975
1952,1.09139,9.197125
1953,1.207633,9.134851
1954,1.353316,9.19486
1955,1.488948,9.259801
1956,1.591821,9.369402
1957,1.694403,9.385849
1958,1.811342,9.338598
1959,1.881104,9.424795
1960,1.898332,9.508281
1961,1.934419,9.612207
1962,1.953378,9.706954
1963,2.200241,9.850962
1964,2.339816,9.917634
1965,2.4786,9.912956
1966,2.096033,9.793534
1967,2.017231,9.68736
1968,1.917195,9.658616
1969,1.862011,9.655254
1970,1.94613,9.747727
1971,1.873798,9.777269
1972,1.79368,9.813396
1973,1.692352,9.860019
1974,1.568623,9.846039
1975,1.442099,9.885999
1976,1.342268,9.934358
1977,1.233397,9.942747
1978,1.111584,9.872834
1979,1.017876,9.917234
1980,.9474754,9.938178
1981,.8375549,9.951259
1982,.7655764,9.996632
1983,.6701899,10.00795
1984,.6042242,10.04559
1985,.557723,10.08567
1986,.5333233,10.12509
1987,.5092096,10.15856
1988,.4809856,10.20059
1989,.4260635,10.24519
1990,.3831673,10.25679
1991,.3530359,10.27422
1992,.3576279,10.318
1993,.4017258,10.34678
1994,.4427004,10.32709
1995,.4813099,10.31192
1996,.5203676,10.34366
1997,.5640507,10.37234
1998,.5958319,10.40268
1999,.6278896,10.3979
2000,.6679726,10.38972
2001,.6835699,10.39794
2002,.70292,10.41309
2003,.7066345,10.45253
2004,.6940413,10.50408
2005,.6709242,10.53164
2006,.6392479,10.57112
2007,.616827,10.60447
2008,.6088781,10.65077
2009,.6254578,10.66916
2010,.627861,10.66361
1880,,
1900,2.453642,7.719236
1920,3.062439,8.307926
1929,,
1930,,
1931,,
1932,,
1933,,
1934,,
1935,,
1936,,
1937,,
1938,,
1939,,
1940,1.938429,8.608494
1941,,
1942,,
1943,,
1944,,
1945,,
1946,,
1947,,
1948,,
1949,2.137218,8.59278
1950,2.392287,8.416886
1951,2.487168,8.361216
1952,2.554126,8.143953
1953,2.605095,8.206583
1954,2.519302,8.336604
1955,2.511845,8.488639
1956,2.498608,8.631375
1957,2.605553,8.651731
1958,2.732205,8.601684
1959,2.818522,8.669884
1960,2.929511,8.719416
1961,3.237848,8.899217
1962,3.280249,9.093284
1963,3.090868,9.231814
1964,3.242178,9.345037
1965,3.234034,9.390658
1966,2.916145,9.293487
1967,2.706423,9.241404
1968,2.490811,9.26911
1969,2.254982,9.303308
1970,1.977272,9.342145
1971,1.922841,9.379175
1972,1.914105,9.415674
1973,1.894288,9.422987
1974,1.96166,9.427506
1975,1.964006,9.485196
1976,1.969767,9.52474
1977,1.845975,9.557056
1978,1.728296,9.587566
1979,1.658754,9.617121
1980,1.5833,9.592609
1981,1.614347,9.616497
1982,1.657577,9.630274
1983,1.717486,9.63958
1984,1.711812,9.66437
1985,1.757874,9.700341
1986,1.866641,9.729436
1987,1.955204,9.742315
1988,2.025099,9.785426
1989,1.985612,9.812673
1990,1.984024,9.844943
1991,1.948915,9.870983
1992,1.961074,9.932137
1993,1.966934,9.966199
1994,1.991925,9.961273
1995,1.959119,9.977954
1996,1.913309,10.01082
1997,1.852846,10.04101
1998,1.797695,10.08362
1999,1.724925,10.07978
2000,1.649647,10.05217
2001,1.589985,10.06254
2002,1.538801,10.06845
2003,1.487718,10.0877
2004,1.477561,10.11921
2005,1.475968,10.14685
2006,1.468654,10.14978
2007,1.485643,10.1478
2008,1.497312,10.15287
2009,1.516595,10.16325
2010,1.529179,10.1671
1880,,
1900,-1.926646,9.52436
1920,3.014951,9.302345
1929,,
1930,,
1931,,
1932,,
1933,,
1934,,
1935,,
1936,,
1937,,
1938,,
1939,,
1940,1.891556,9.289457
1941,,
1942,,
1943,,
1944,,
1945,,
1946,,
1947,,
1948,,
1949,2.782178,9.362513
1950,2.829041,9.33963
1951,2.903347,9.205286
1952,3.170748,9.131845
1953,3.543258,9.07484
1954,3.881626,9.158993
1955,4.314451,9.31238
1956,4.531703,9.536221
1957,4.629765,9.413447
1958,4.703751,9.447326
1959,4.791913,9.560149
1960,4.729676,9.593126
1961,4.742756,9.637813
1962,4.645786,9.99483
1963,4.800277,9.904256
1964,5.05507,9.867401
1965,5.526962,9.927944
1966,5.617924,9.932311
1967,5.515385,9.802932
1968,5.450144,9.719818
1969,5.587702,9.754588
1970,5.566826,9.84718
1971,5.649219,9.877375
1972,5.527344,9.939093
1973,5.353613,9.950917
1974,5.150719,9.930068
1975,4.807062,9.980071
1976,4.753056,9.951051
1977,4.793315,9.947764
1978,4.918151,9.944092
1979,5.044112,9.99502
1980,5.119882,10.02834
1981,4.949512,10.04066
1982,4.590187,10.10583
1983,4.10327,10.09035
1984,3.876348,10.09067
1985,3.808613,10.10234
1986,3.9393,10.12468
1987,4.119186,10.14774
1988,4.201064,10.22193
1989,4.313493,10.25172
1990,4.531069,10.28105
1991,4.566813,10.29453
1992,4.524531,10.32523
1993,4.542422,10.35764
1994,4.606581,10.31451
1995,4.683528,10.30862
1996,4.731503,10.34772
1997,4.780269,10.38182
1998,4.731617,10.4403
1999,4.638414,10.42338
2000,4.564648,10.39003
2001,4.532275,10.37651
2002,4.512796,10.34716
2003,4.567924,10.35272
2004,4.654264,10.37463
2005,4.694905,10.39391
2006,4.72445,10.41909
2007,4.664092,10.42729
2008,4.517932,10.46383
2009,4.294133,10.47662
2010,3.977747,10.46871
1880,,
1900,1.78864,8.745783
1920,1.7839,9.087305
1929,,
1930,,
1931,,
1932,,
1933,,
1934,,
1935,,
1936,,
1937,,
1938,,
1939,,
1940,1.295204,9.373908
1941,,
1942,,
1943,,
1944,,
1945,,
1946,,
1947,,
1948,,
1949,1.008835,9.645066
1950,.8079529,9.562512
1951,.7375145,9.495588
1952,.7787132,9.336304
1953,.83992,9.311852
1954,.8833599,9.363565
1955,.8853722,9.402528
1956,.8914185,9.499689
1957,.9609604,9.49852
1958,1.029425,9.460536
1959,1.050587,9.518954
1960,1.121063,9.564137
1961,1.256447,9.650573
1962,1.425228,9.707047
1963,1.524963,9.817192
1964,1.635056,9.905527
1965,1.735992,9.95049
1966,1.419115,9.899327
1967,1.240988,9.780395
1968,1.096296,9.728055
1969,.97682,9.714652
1970,1.031694,9.774836
1971,1.048746,9.775289
1972,.9447861,9.78293
1973,.7927704,9.816746
1974,.6675529,9.823853
1975,.6085014,9.881575
1976,.5469894,9.918911
1977,.4319668,9.929346
1978,.3262711,9.928647
1979,.2764988,9.975748
1980,.2118492,9.993397
1981,.1463413,10.01194
1982,.0827599,10.04151
1983,.0642776,10.05862
1984,.0443363,10.10473
1985,.0162315,10.13937
1986,-.0026894,10.17626
1987,-.0184822,10.2173
1988,-.0304794,10.2668
1989,-.0337791,10.26113
1990,-.0691128,10.26815
1991,-.0664234,10.28456
1992,-.0287247,10.32073
1993,.0492764,10.33607
1994,.1058578,10.31374
1995,.1345539,10.3001
1996,.1678944,10.31333
1997,.2205372,10.33536
1998,.2839565,10.35555
1999,.3421879,10.34319
2000,.3926277,10.32879
2001,.4136276,10.34039
2002,.4217434,10.36362
2003,.4041576,10.40059
2004,.3864288,10.45573
2005,.3633213,10.48446
2006,.344286,10.52802
2007,.3416061,10.55443
2008,.3422642,10.60169
2009,.355196,10.6237
2010,.366745,10.63679
1880,,
1900,1.311898,8.288248
1920,1.629534,8.71125
1929,,
1930,,
1931,,
1932,,
1933,,
1934,,
1935,,
1936,,
1937,,
1938,,
1939,,
1940,.9244204,9.000886
1941,,
1942,,
1943,,
1944,,
1945,,
1946,,
1947,,
1948,,
1949,.9252977,9.242726
1950,.9025955,9.114642
1951,.9291267,9.04413
1952,1.042986,8.810427
1953,1.213274,8.82297
1954,1.366611,8.958979
1955,1.420512,9.063669
1956,1.514473,9.189287
1957,1.617637,9.241116
1958,1.696548,9.117636
1959,1.698208,9.224653
1960,1.699543,9.286652
1961,1.739926,9.4583
1962,1.769218,9.572404
1963,1.873016,9.719146
1964,1.874914,9.748073
1965,1.943965,9.746437
1966,1.59009,9.640353
1967,1.506405,9.572284
1968,1.445394,9.587937
1969,1.406488,9.54268
1970,1.451945,9.631439
1971,1.432257,9.688416
1972,1.306906,9.712487
1973,1.128945,9.760384
1974,.9667206,9.7232
1975,.8885002,9.787786
1976,.7759762,9.81803
1977,.6755257,9.812471
1978,.5873203,9.75552
1979,.551405,9.808473
1980,.5199051,9.825179
1981,.4529381,9.821177
1982,.4005241,9.856427
1983,.3628445,9.878179
1984,.3160572,9.92135
1985,.2550793,9.973019
1986,.1900864,10.02019
1987,.1634598,10.0294
1988,.1325703,10.07687
1989,.124445,10.10491
1990,.090704,10.09343
1991,.0973225,10.1062
1992,.1297379,10.15585
1993,.1527214,10.201
1994,.1765156,10.19056
1995,.196743,10.16702
1996,.2228546,10.21213
1997,.2295971,10.25329
1998,.2334976,10.28061
1999,.2426147,10.27499
2000,.2540207,10.237
2001,.2702141,10.22482
2002,.2937031,10.21401
2003,.3145313,10.24183
2004,.3221035,10.2984
2005,.3282547,10.32204
2006,.3382111,10.34649
2007,.3327274,10.35385
2008,.3213596,10.37692
2009,.3130436,10.39551
2010,.3001022,10.3961
1880,,
1900,,
1920,4.712086,8.0425
1929,,
1930,,
1931,,
1932,,
1933,,
1934,,
1935,,
1936,,
1937,,
1938,,
1939,,
1940,.6826496,8.663625
1941,,
1942,,
1943,,
1944,,
1945,,
1946,,
1947,,
1948,,
1949,-.5970907,8.706986
1950,-.3716612,8.523482
1951,-.4186249,8.409321
1952,-.3795481,8.183617
1953,-.4594374,8.259789
1954,-.3958607,8.362453
1955,-.2934408,8.508185
1956,-.1983881,8.575132
1957,-.1126575,8.691152
1958,-.1241589,8.629923
1959,-.0952005,8.651389
1960,.0236034,8.710552
1961,.2542591,8.809318
1962,.4277563,9.077074
1963,.5088425,9.243446
1964,.8684587,9.416759
1965,.9321451,9.419016
1966,.7056427,9.315707
1967,.7717562,9.254827
1968,.9040213,9.283998
1969,.9293938,9.324746
1970,.7049227,9.294084
1971,.846982,9.338667
1972,.9015512,9.40256
1973,1.054263,9.447812
1974,1.063304,9.428459
1975,1.042938,9.470456
1976,1.084199,9.507581
1977,1.139212,9.512155
1978,1.253724,9.565558
1979,1.302371,9.590526
1980,1.318331,9.604864
1981,1.315308,9.609047
1982,1.39204,9.621146
1983,1.497111,9.636514
1984,1.475377,9.689791
1985,1.465998,9.745477
1986,1.408882,9.780589
1987,1.272144,9.822524
1988,1.176572,9.868081
1989,1.086526,9.90534
1990,1.022458,9.931049
1991,.9652853,9.95348
1992,.9608746,10.00113
1993,.9413147,10.05799
1994,.9146452,10.0505
1995,.8844423,10.06207
1996,.8403444,10.09
1997,.814414,10.12204
1998,.7804966,10.16011
1999,.7302666,10.18644
2000,.63766,10.18212
2001,.5657816,10.22673
2002,.4228687,10.24375
2003,.3157473,10.20539
2004,.3520823,10.23548
2005,.4067707,10.24337
2006,.4989719,10.23566
2007,.6206036,10.21051
2008,.7355404,10.22141
2009,.8278561,10.24432
2010,.8892107,10.24828
1880,,
1900,4.306426,8.568302
1920,3.194423,8.825203
1929,,
1930,,
1931,,
1932,,
1933,,
1934,,
1935,,
1936,,
1937,,
1938,,
1939,,
1940,1.633139,9.052632
1941,,
1942,,
1943,,
1944,,
1945,,
1946,,
1947,,
1948,,
1949,2.064152,9.093674
1950,2.357855,9.021313
1951,2.383552,8.931187
1952,2.435446,8.745725
1953,2.464366,8.741949
1954,2.506185,8.91394
1955,2.526078,8.942122
1956,2.523794,9.102235
1957,2.453895,9.08438
1958,2.381549,9.058959
1959,2.397203,9.144552
1960,2.448034,9.204766
1961,2.564397,9.449637
1962,2.386451,9.65948
1963,2.057099,9.812818
1964,2.065873,9.801044
1965,2.150145,9.754681
1966,1.916823,9.688309
1967,1.860852,9.638989
1968,1.775537,9.652911
1969,1.82651,9.6384
1970,1.57774,9.660146
1971,1.616488,9.684669
1972,1.637959,9.708981
1973,1.676736,9.702752
1974,1.692357,9.669641
1975,1.686711,9.732124
1976,1.671739,9.76405
1977,1.770353,9.723231
1978,1.894832,9.718277
1979,1.949039,9.774299
1980,1.995659,9.774844
1981,2.003927,9.792645
1982,1.912184,9.828383
1983,1.794558,9.848498
1984,1.726408,9.891251
1985,1.609645,9.935195
1986,1.548028,9.96729
1987,1.555147,9.99161
1988,1.566434,10.02422
1989,1.512866,10.04257
1990,1.544156,10.0532
1991,1.545382,10.07689
1992,1.54789,10.13805
1993,1.5628,10.18148
1994,1.568217,10.18647
1995,1.573482,10.18067
1996,1.569834,10.2338
1997,1.517472,10.25783
1998,1.447821,10.29565
1999,1.374283,10.28836
2000,1.306176,10.24338
2001,1.311183,10.21381
2002,1.382089,10.18263
2003,1.452451,10.2149
2004,1.458077,10.25065
2005,1.507626,10.26278
2006,1.566505,10.29025
2007,1.603761,10.30063
2008,1.591558,10.32909
2009,1.555061,10.35416
2010,1.471238,10.35543
1880,,
1900,1.931286,8.512268
1920,1.623678,8.832391
1929,,
1930,,
1931,,
1932,,
1933,,
1934,,
1935,,
1936,,
1937,,
1938,,
1939,,
1940,.6325483,9.052716
1941,,
1942,,
1943,,
1944,,
1945,,
1946,,
1947,,
1948,,
1949,.3317547,9.246659
1950,.4259396,9.190062
1951,.3740311,9.111922
1952,.36479,8.928553
1953,.4296875,8.907621
1954,.4962349,9.019653
1955,.5630493,9.069873
1956,.5816841,9.203509
1957,.5617142,9.225124
1958,.5269051,9.123275
1959,.6315422,9.203918
1960,.6761742,9.275603
1961,.6928062,9.402192
1962,.7804489,9.501912
1963,.9622765,9.629605
1964,1.09849,9.700011
1965,1.178503,9.701151
1966,.8299732,9.624555
1967,.6773853,9.54591
1968,.6610298,9.519608
1969,.6112099,9.508013
1970,.5851841,9.596561
1971,.637846,9.620247
1972,.626297,9.644486
1973,.5430412,9.694191
1974,.4619122,9.649964
1975,.420084,9.70104
1976,.4006958,9.761246
1977,.4065418,9.780948
1978,.3520966,9.749364
1979,.2768517,9.775629
1980,.2325249,9.786045
1981,.2006912,9.79108
1982,.2112961,9.825306
1983,.1778793,9.841866
1984,.1269341,9.88821
1985,.064497,9.932955
1986,.0506496,9.975457
1987,.0552845,10.01178
1988,.0444126,10.04794
1989,.052948,10.07708
1990,.038681,10.08871
1991,.0409794,10.09849
1992,.0604916,10.15382
1993,.0977039,10.19054
1994,.1257324,10.185
1995,.1247692,10.18012
1996,.1381302,10.21883
1997,.1434994,10.25087
1998,.1579952,10.27799
1999,.1616859,10.27176
2000,.172205,10.23881
2001,.1823235,10.24103
2002,.2010059,10.24914
2003,.221796,10.26423
2004,.2458858,10.3007
2005,.2804661,10.3269
2006,.299778,10.35614
2007,.3090477,10.37472
2008,.3135109,10.40775
2009,.3265667,10.43654
2010,.3277206,10.4379
1880,,
1900,2.190495,8.739672
1920,1.71905,8.991079
1929,,
1930,,
1931,,
1932,,
1933,,
1934,,
1935,,
1936,,
1937,,
1938,,
1939,,
1940,.8681488,9.184119
1941,,
1942,,
1943,,
1944,,
1945,,
1946,,
1947,,
1948,,
1949,.7895184,9.371747
1950,.6803942,9.29192
1951,.704236,9.283368
1952,.847187,9.17657
1953,.942378,9.201367
1954,.9485054,9.240924
1955,.9690428,9.291322
1956,1.012621,9.373675
1957,1.019702,9.366064
1958,1.060662,9.302825
1959,1.004648,9.385407
1960,.8661985,9.420596
1961,.7128143,9.589283
1962,.56458,9.692193
1963,.0458717,9.677511
1964,.2253437,9.719186
1965,.2940321,9.700275
1966,.6462526,9.68535
1967,.7396793,9.613371
1968,.7915831,9.518394
1969,.7573557,9.490768
1970,.9504795,9.59897
1971,1.033278,9.62461
1972,.9836388,9.633144
1973,.9116554,9.675225
1974,.7786417,9.662427
1975,.6982231,9.724791
1976,.6169891,9.730913
1977,.5771685,9.711432
1978,.5472374,9.717305
1979,.5499649,9.765311
1980,.5203438,9.7721
1981,.5251169,9.803761
1982,.4559994,9.848043
1983,.4389572,9.872759
1984,.4165888,9.913468
1985,.4081631,9.962
1986,.417757,10.01532
1987,.4248047,10.05548
1988,.3880501,10.08861
1989,.355444,10.08837
1990,.2833986,10.09591
1991,.2364159,10.09771
1992,.1821089,10.13982
1993,.1861715,10.15095
1994,.317235,10.12958
1995,.3600693,10.12516
1996,.3581667,10.15913
1997,.3547335,10.18187
1998,.3719187,10.1992
1999,.4196596,10.19853
2000,.5081558,10.19863
2001,.5184841,10.2074
2002,.5541086,10.2201
2003,.5675459,10.25949
2004,.553894,10.3126
2005,.4862261,10.34213
2006,.4205275,10.38422
2007,.3309107,10.40764
2008,.2857161,10.45591
2009,.2579546,10.48823
2010,.2277899,10.45763
1880,,
1900,1.486688,7.391533
1920,1.140513,7.619728
1929,,
1930,,
1931,,
1932,,
1933,,
1934,,
1935,,
1936,,
1937,,
1938,,
1939,,
1940,.6094933,8.256138
1941,,
1942,,
1943,,
1944,,
1945,,
1946,,
1947,,
1948,,
1949,.7711601,8.180444
1950,.9567738,8.092112
1951,1.060071,8.021854
1952,1.099677,7.864915
1953,1.095128,8.012519
1954,1.060872,8.168166
1955,1.090212,8.239487
1956,1.121888,8.342291
1957,1.163216,8.364825
1958,1.140738,8.297387
1959,1.132779,8.411574
1960,1.146116,8.521256
1961,1.023688,8.720021
1962,.9169722,8.940412
1963,1.100497,9.05564
1964,1.192055,9.158895
1965,1.305213,9.164743
1966,1.29756,9.116209
1967,1.191297,8.998045
1968,1.242356,9.059087
1969,1.181817,9.027922
1970,1.033568,9.077063
1971,1.028366,9.190825
1972,1.108189,9.241213
1973,1.205134,9.264742
1974,1.337209,9.199018
1975,1.38154,9.256546
1976,1.386676,9.26686
1977,1.366959,9.254358
1978,1.387811,9.24841
1979,1.367993,9.296721
1980,1.351705,9.311956
1981,1.387177,9.343386
1982,1.402602,9.399462
1983,1.367898,9.427185
1984,1.395597,9.482719
1985,1.405034,9.556947
1986,1.412687,9.634366
1987,1.443105,9.677164
1988,1.438551,9.729743
1989,1.482153,9.777984
1990,1.491351,9.80208
1991,1.46831,9.825881
1992,1.432786,9.890121
1993,1.387792,9.940913
1994,1.324306,9.939119
1995,1.283064,9.912522
1996,1.275563,9.961668
1997,1.278281,9.974292
1998,1.268439,10.00708
1999,1.263914,10.00308
2000,1.249309,9.978165
2001,1.228828,9.986475
2002,1.236801,9.980163
2003,1.247196,10.02402
2004,1.261606,10.08912
2005,1.28377,10.11551
2006,1.325908,10.14789
2007,1.367769,10.17137
2008,1.415868,10.2029
2009,1.41758,10.22696
2010,1.404133,10.23367
1880,,
1900,7.038417,8.649366
1920,2.303381,8.523902
1929,,
1930,,
1931,,
1932,,
1933,,
1934,,
1935,,
1936,,
1937,,
1938,,
1939,,
1940,.0348568,8.729747
1941,,
1942,,
1943,,
1944,,
1945,,
1946,,
1947,,
1948,,
1949,-.4469252,8.618957
1950,-.2819729,8.491321
1951,-.2891827,8.194206
1952,-.3053808,8.051826
1953,-.314002,7.766289
1954,-.2019739,8.071019
1955,-.0822735,8.530301
1956,.0299406,8.303944
1957,.0756454,8.531167
1958,.0536394,8.540403
1959,.1676989,8.62787
1960,.3173256,8.666718
1961,.6133223,8.890859
1962,.8314037,9.253662
1963,.9370995,9.311446
1964,1.105032,9.436502
1965,.9434986,9.516681
1966,.7488394,9.478031
1967,.5592012,9.453094
1968,.4452562,9.561625
1969,.2849102,9.280356
1970,.0880814,9.413704
1971,.1235151,9.494834
1972,.198679,9.354403
1973,.233202,9.433088
1974,.1863861,9.437531
1975,.1370192,9.356936
1976,.1241398,9.398946
1977,.1696968,9.533816
1978,.2475262,9.546446
1979,.1623869,9.420856
1980,.0571489,9.591678
1981,-.0247049,9.572729
1982,-.1032066,9.678483
1983,-.107007,9.625932
1984,-.0268221,9.599431
1985,.0460625,9.716523
1986,.094533,9.77983
1987,.1831436,9.781757
1988,.2133226,9.814439
1989,.2103186,9.849735
1990,.2233934,9.874995
1991,.2348518,9.913461
1992,.2547836,10.01914
1993,.3085709,10.1945
1994,.3610706,10.09203
1995,.3983164,10.1
1996,.3876495,10.02527
1997,.3855562,10.08825
1998,.3956842,10.15448
1999,.426774,10.14566
2000,.4495525,10.01843
2001,.4727888,10.07584
2002,.4789448,10.07142
2003,.4858494,10.07408
2004,.498805,10.15318
2005,.5235052,10.14172
2006,.58887,10.16887
2007,.6434345,10.18626
2008,.6753397,10.18292
2009,.7352734,10.2082
2010,.7902575,10.24816
1880,,
1900,1.350451,7.513403
1920,.7292175,7.922181
1929,,
1930,,
1931,,
1932,,
1933,,
1934,,
1935,,
1936,,
1937,,
1938,,
1939,,
1940,1.137304,8.329226
1941,,
1942,,
1943,,
1944,,
1945,,
1946,,
1947,,
1948,,
1949,1.086445,8.51574
1950,1.178327,8.390209
1951,1.19154,8.319627
1952,1.061196,8.083506
1953,.9457684,8.169451
1954,.9387732,8.324578
1955,.9963608,8.383497
1956,1.008887,8.511358
1957,1.029468,8.569643
1958,1.036758,8.481967
1959,1.016617,8.534979
1960,.98629,8.616127
1961,.9822321,8.819294
1962,1.090932,8.969582
1963,1.175585,9.172585
1964,1.352963,9.325753
1965,1.392112,9.356556
1966,1.084094,9.229276
1967,.9865379,9.115501
1968,.9359026,9.115826
1969,.9293461,9.11533
1970,.8597755,9.181462
1971,.8667231,9.194176
1972,.993042,9.224374
1973,1.103249,9.297034
1974,1.119137,9.288154
1975,1.106434,9.332562
1976,1.18598,9.387702
1977,1.241598,9.392712
1978,1.255364,9.397657
1979,1.262102,9.445642
1980,1.260729,9.440805
1981,1.225128,9.47411
1982,1.175036,9.510052
1983,1.128888,9.542637
1984,1.086988,9.588543
1985,1.081681,9.652184
1986,1.074953,9.715158
1987,1.073236,9.74445
1988,1.089802,9.806924
1989,1.098428,9.825266
1990,1.088486,9.841106
1991,1.069412,9.877656
1992,1.055861,9.946033
1993,1.081347,10.00556
1994,1.096077,9.990252
1995,1.116562,9.973129
1996,1.120515,10.01997
1997,1.112814,10.04605
1998,1.109438,10.09232
1999,1.091027,10.08101
2000,1.075039,10.03966
2001,1.086426,10.04452
2002,1.10569,10.04599
2003,1.135521,10.07414
2004,1.160226,10.13514
2005,1.197286,10.16292
2006,1.253405,10.2038
2007,1.277857,10.23247
2008,1.294436,10.26405
2009,1.30806,10.27831
2010,1.307149,10.27873
1880,,
1900,3.249426,7.701847
1920,2.124949,8.232999
1929,,
1930,,
1931,,
1932,,
1933,,
1934,,
1935,,
1936,,
1937,,
1938,,
1939,,
1940,1.60244,8.729844
1941,,
1942,,
1943,,
1944,,
1945,,
1946,,
1947,,
1948,,
1949,1.399426,8.75818
1950,1.428132,8.632893
1951,1.585412,8.556177
1952,1.663513,8.390092
1953,1.632466,8.407231
1954,1.62766,8.516614
1955,1.733313,8.600984
1956,1.774483,8.720546
1957,1.861954,8.802293
1958,1.920657,8.788381
1959,1.956062,8.83403
1960,2.020321,8.873418
1961,1.987514,9.012036
1962,1.976852,9.218841
1963,1.902413,9.43275
1964,2.016869,9.517819
1965,2.097678,9.508682
1966,1.883359,9.41298
1967,1.807218,9.366945
1968,1.7487,9.345243
1969,1.854043,9.429274
1970,1.840754,9.465057
1971,1.749821,9.478248
1972,1.733289,9.508894
1973,1.82951,9.522671
1974,1.904488,9.537093
1975,1.862273,9.58322
1976,1.896629,9.6189
1977,1.873112,9.624532
1978,1.888409,9.608066
1979,1.948671,9.639419
1980,1.993341,9.62683
1981,2.032862,9.650803
1982,2.110157,9.666452
1983,2.192926,9.688119
1984,2.219028,9.733648
1985,2.249012,9.780161
1986,2.282219,9.828817
1987,2.249775,9.876806
1988,2.160654,9.925172
1989,2.098999,9.954044
1990,2.086773,9.97418
1991,2.065849,9.98809
1992,2.061672,10.03994
1993,2.064123,10.0894
1994,2.071218,10.08877
1995,2.055483,10.10571
1996,2.023563,10.15043
1997,2.015343,10.1773
1998,2.005281,10.22758
1999,1.961432,10.23719
2000,1.894741,10.22171
2001,1.843176,10.26065
2002,1.73481,10.25628
2003,1.677504,10.25616
2004,1.67881,10.29394
2005,1.681547,10.31228
2006,1.719751,10.29898
2007,1.801577,10.28204
2008,1.887074,10.29484
2009,1.945677,10.30635
2010,1.962805,10.3193
1880,,
1900,3.267775,7.993072
1920,2.423964,8.523933
1929,,
1930,,
1931,,
1932,,
1933,,
1934,,
1935,,
1936,,
1937,,
1938,,
1939,,
1940,1.028218,8.761631
1941,,
1942,,
1943,,
1944,,
1945,,
1946,,
1947,,
1948,,
1949,1.391439,8.899163
1950,1.564507,8.818931
1951,1.596699,8.626097
1952,1.683745,8.527082
1953,1.757345,8.555061
1954,1.812029,8.57871
1955,1.989155,8.77601
1956,2.142992,8.931405
1957,2.228031,8.861732
1958,2.285347,8.87863
1959,2.35692,8.923103
1960,2.444234,8.965532
1961,2.649403,9.129551
1962,2.491884,9.421178
1963,2.202325,9.609101
1964,2.311316,9.520649
1965,2.557483,9.564401
1966,2.291884,9.457644
1967,2.356892,9.396098
1968,2.273827,9.3854
1969,2.224574,9.402594
1970,2.130055,9.456853
1971,2.220578,9.518275
1972,2.246222,9.532415
1973,2.292109,9.52842
1974,2.34499,9.501795
1975,2.274156,9.563845
1976,2.264171,9.603976
1977,2.330389,9.628972
1978,2.395062,9.613677
1979,2.435822,9.648689
1980,2.461934,9.664207
1981,2.409334,9.680713
1982,2.432561,9.735801
1983,2.465911,9.744524
1984,2.53058,9.776721
1985,2.512436,9.801548
1986,2.497816,9.818887
1987,2.494259,9.833232
1988,2.478848,9.855979
1989,2.440715,9.874095
1990,2.426114,9.905831
1991,2.402568,9.936828
1992,2.408719,9.989867
1993,2.425246,10.01296
1994,2.459283,10.00157
1995,2.450013,10.00206
1996,2.428465,10.05252
1997,2.381988,10.08695
1998,2.311349,10.12009
1999,2.210684,10.11188
2000,2.107286,10.07137
2001,2.050385,10.06908
2002,2.000179,10.07212
2003,1.95941,10.09456
2004,1.961279,10.13144
2005,2.013826,10.14407
2006,2.089591,10.15836
2007,2.184854,10.14893
2008,2.275534,10.14793
2009,2.339082,10.15839
2010,2.36176,10.16872
1880,,
1900,1.01819,7.55644
1920,1.09725,8.013028
1929,,
1930,,
1931,,
1932,,
1933,,
1934,,
1935,,
1936,,
1937,,
1938,,
1939,,
1940,.8186817,8.480721
1941,,
1942,,
1943,,
1944,,
1945,,
1946,,
1947,,
1948,,
1949,1.52832,8.660867
1950,1.55901,8.565384
1951,1.698403,8.616374
1952,1.785007,8.458613
1953,1.843781,8.512091
1954,1.790409,8.602304
1955,1.766677,8.671206
1956,1.886921,8.76506
1957,1.974282,8.809649
1958,1.972694,8.748841
1959,1.959448,8.852212
1960,1.910782,8.939222
1961,1.59761,9.111737
1962,1.165304,9.307959
1963,.98701,9.320422
1964,.8962536,9.368572
1965,1.063285,9.399798
1966,1.395211,9.37058
1967,1.600733,9.24787
1968,1.757741,9.293248
1969,1.687999,9.288282
1970,1.702714,9.382827
1971,1.62509,9.430048
1972,1.602769,9.472003
1973,1.608367,9.479575
1974,1.683526,9.486252
1975,1.715283,9.541751
1976,1.606846,9.572409
1977,1.516209,9.554956
1978,1.500731,9.542781
1979,1.491785,9.589975
1980,1.488647,9.601026
1981,1.423826,9.626663
1982,1.365619,9.673553
1983,1.317091,9.705581
1984,1.293931,9.773952
1985,1.295094,9.821983
1986,1.328101,9.863111
1987,1.372766,9.912159
1988,1.405039,9.964232
1989,1.412535,10.0109
1990,1.44134,10.0182
1991,1.409998,10.05124
1992,1.42036,10.11195
1993,1.41346,10.15427
1994,1.404848,10.14793
1995,1.38536,10.1436
1996,1.370215,10.18182
1997,1.357245,10.21258
1998,1.334739,10.24897
1999,1.368051,10.25048
2000,1.401982,10.24545
2001,1.396608,10.25238
2002,1.413198,10.26709
2003,1.402855,10.30709
2004,1.405354,10.36051
2005,1.410055,10.39219
2006,1.389651,10.43127
2007,1.337075,10.45549
2008,1.302586,10.48524
2009,1.292691,10.49975
2010,1.276226,10.48212
1880,,
1900,.168004,8.237545
1920,.1262474,8.565276
1929,,
1930,,
1931,,
1932,,
1933,,
1934,,
1935,,
1936,,
1937,,
1938,,
1939,,
1940,.1477814,8.801349
1941,,
1942,,
1943,,
1944,,
1945,,
1946,,
1947,,
1948,,
1949,.137372,9.039124
1950,.2571583,8.965036
1951,.2578592,8.864557
1952,.231967,8.70334
1953,.2990007,8.683232
1954,.2725458,8.776876
1955,.2459526,8.837188
1956,.2725458,8.948631
1957,.2732897,8.945899
1958,.3261995,8.906749
1959,.3894615,8.992765
1960,.3458834,9.038172
1961,.569725,9.210063
1962,.6513262,9.291718
1963,1.000552,9.418994
1964,1.181946,9.424879
1965,1.244211,9.484057
1966,.9431839,9.453446
1967,.890379,9.351625
1968,.9023142,9.332503
1969,.8456802,9.277081
1970,.8175373,9.304299
1971,.9199476,9.363852
1972,1.056314,9.377895
1973,1.060352,9.407181
1974,1.135712,9.415203
1975,1.233196,9.466165
1976,1.261005,9.534823
1977,1.346216,9.540728
1978,1.354995,9.522468
1979,1.3377,9.569704
1980,1.378837,9.604625
1981,1.395864,9.631836
1982,1.391511,9.662377
1983,1.381116,9.676482
1984,1.387949,9.727074
1985,1.357641,9.790541
1986,1.285357,9.867161
1987,1.223454,9.892384
1988,1.228509,9.932301
1989,1.219516,9.958881
1990,1.177125,9.973107
1991,1.121521,9.98999
1992,1.061311,10.03703
1993,1.047659,10.06095
1994,1.051164,10.02592
1995,1.024323,10.00771
1996,1.00965,10.05111
1997,.9674263,10.05649
1998,.9322643,10.10932
1999,.8936977,10.1073
2000,.8674288,10.08385
2001,.8588839,10.101
2002,.8511448,10.10871
2003,.8304977,10.13412
2004,.815196,10.18338
2005,.7936716,10.22003
2006,.7692719,10.26665
2007,.7162762,10.30272
2008,.6345272,10.33198
2009,.5681133,10.36812
2010,.5140924,10.34126
1880,,
1900,9.655704,8.589528
1920,4.812889,9.001997
1929,,
1930,,
1931,,
1932,,
1933,,
1934,,
1935,,
1936,,
1937,,
1938,,
1939,,
1940,1.24444,9.087095
1941,,
1942,,
1943,,
1944,,
1945,,
1946,,
1947,,
1948,,
1949,1.944108,9.199384
1950,2.101183,9.103496
1951,2.136807,8.989257
1952,2.17659,8.808125
1953,2.188034,8.793156
1954,2.23218,8.926263
1955,2.345409,9.007565
1956,2.393684,9.143443
1957,2.413564,9.160453
1958,2.452393,9.150125
1959,2.488394,9.220995
1960,2.475934,9.284139
1961,2.372971,9.506339
1962,2.17566,9.728935
1963,1.897054,9.875968
1964,1.62828,9.897542
1965,1.409845,9.801629
1966,1.422625,9.704464
1967,1.776175,9.639328
1968,1.858201,9.63982
1969,1.882858,9.634686
1970,1.794157,9.700585
1971,1.760364,9.710383
1972,1.710896,9.743327
1973,1.718187,9.781847
1974,1.718392,9.779514
1975,1.645503,9.8016
1976,1.622248,9.813761
1977,1.627998,9.821815
1978,1.687498,9.795951
1979,1.762028,9.832386
1980,1.875815,9.838174
1981,1.925354,9.868011
1982,1.870289,9.914751
1983,1.875896,9.921806
1984,1.915951,9.953048
1985,1.970377,10.0106
1986,1.880412,10.07761
1987,1.780748,10.10088
1988,1.749506,10.13601
1989,1.752501,10.14842
1990,1.804938,10.11787
1991,1.88529,10.11514
1992,2.018161,10.16132
1993,2.087359,10.21528
1994,2.077198,10.21952
1995,2.075715,10.23566
1996,2.057862,10.27166
1997,2.041626,10.2932
1998,1.975832,10.34337
1999,1.878362,10.34599
2000,1.76249,10.3127
2001,1.729112,10.30503
2002,1.736498,10.29475
2003,1.751428,10.31859
2004,1.761909,10.33744
2005,1.760616,10.3477
2006,1.79101,10.38276
2007,1.773663,10.38931
2008,1.733198,10.40703
2009,1.699328,10.43616
2010,1.594353,10.44833
1880,,
1900,2.264352,8.164096
1920,1.203423,8.1788
1929,,
1930,,
1931,,
1932,,
1933,,
1934,,
1935,,
1936,,
1937,,
1938,,
1939,,
1940,.8870411,8.849684
1941,,
1942,,
1943,,
1944,,
1945,,
1946,,
1947,,
1948,,
1949,.7237911,9.10123
1950,.7654238,8.987682
1951,.6995392,8.860511
1952,.69139,8.703778
1953,.7130909,8.672051
1954,.8335066,8.774033
1955,.9048176,8.94473
1956,.9702063,9.0465
1957,1.025529,9.074573
1958,1.077485,9.01147
1959,1.102567,9.03974
1960,1.157856,9.096193
1961,1.221595,9.252882
1962,1.390481,9.403229
1963,1.564832,9.540577
1964,1.689086,9.575661
1965,1.785741,9.615858
1966,1.49725,9.557098
1967,1.403289,9.48945
1968,1.354351,9.514716
1969,1.277337,9.493177
1970,1.262965,9.565102
1971,1.299801,9.632591
1972,1.299314,9.650225
1973,1.268477,9.664118
1974,1.146855,9.620564
1975,1.083941,9.68034
1976,1.015511,9.725752
1977,.9815693,9.727004
1978,.9336138,9.705584
1979,.9080839,9.767164
1980,.8668661,9.766432
1981,.8230543,9.776591
1982,.7760715,9.813269
1983,.6910229,9.818992
1984,.6419325,9.86898
1985,.5749941,9.916327
1986,.5338907,9.968989
1987,.5234671,9.989549
1988,.5212212,10.02694
1989,.5186987,10.06197
1990,.5134106,10.06702
1991,.5356979,10.08721
1992,.5538797,10.13724
1993,.5905104,10.18516
1994,.6164885,10.172
1995,.6315422,10.16521
1996,.6584311,10.20146
1997,.6618404,10.24135
1998,.6714535,10.27618
1999,.6678391,10.27769
2000,.6572485,10.24323
2001,.6725597,10.22948
2002,.7052135,10.22294
2003,.7442284,10.2297
2004,.7609606,10.27392
2005,.7771683,10.28414
2006,.7972002,10.31585
2007,.8034134,10.33127
2008,.7839537,10.3402
2009,.7736349,10.36797
2010,.7436466,10.36049
1880,,
1900,2.192273,7.598295
1920,2.115207,8.076923
1929,,
1930,,
1931,,
1932,,
1933,,
1934,,
1935,,
1936,,
1937,,
1938,,
1939,,
1940,1.322813,8.679425
1941,,
1942,,
1943,,
1944,,
1945,,
1946,,
1947,,
1948,,
1949,.5847025,8.723453
1950,.7314396,8.628656
1951,.6561518,8.581872
1952,.567565,8.362037
1953,.4812193,8.420907
1954,.3646898,8.58209
1955,.2341175,8.6369
1956,.1337051,8.768156
1957,.0820589,8.803106
1958,.0462866,8.700161
1959,-.0349188,8.763438
1960,-.1436234,8.804187
1961,-.1535273,8.956755
1962,-.0631666,9.061159
1963,.1555109,9.189715
1964,.2539778,9.276759
1965,.226202,9.33429
1966,-.147109,9.292191
1967,-.3096008,9.266196
1968,-.3715515,9.261119
1969,-.5009604,9.187456
1970,-.6922722,9.208461
1971,-.5699635,9.247632
1972,-.4267216,9.281672
1973,-.3313923,9.296824
1974,-.2446032,9.248315
1975,-.106039,9.32585
1976,.0547314,9.426956
1977,.1670837,9.4705
1978,.200119,9.439171
1979,.2215958,9.457612
1980,.2585745,9.457767
1981,.3336,9.473971
1982,.3742599,9.517159
1983,.3986502,9.553786
1984,.3510332,9.604553
1985,.3273249,9.661694
1986,.2936077,9.698148
1987,.2443075,9.730603
1988,.1870775,9.751359
1989,.1705122,9.767727
1990,.1297522,9.819709
1991,.0798082,9.857018
1992,.0264788,9.912022
1993,.033803,9.939221
1994,.0175333,9.936167
1995,-.0459814,9.962534
1996,-.1476526,10.00136
1997,-.2323151,10.03568
1998,-.2804136,10.0635
1999,-.3394175,10.05672
2000,-.3842068,10.01985
2001,-.4066658,10.00507
2002,-.3841829,10.00856
2003,-.3534889,10.00184
2004,-.2972412,10.03784
2005,-.2316809,10.04961
2006,-.1467371,10.06395
2007,-.0637436,10.06381
2008,.0275087,10.09883
2009,.1127625,10.11863
2010,.1684618,10.14064
1880,,
1900,7.465596,8.929676
1920,3.711925,9.054971
1929,,
1930,,
1931,,
1932,,
1933,,
1934,,
1935,,
1936,,
1937,,
1938,,
1939,,
1940,1.257663,9.242932
1941,,
1942,,
1943,,
1944,,
1945,,
1946,,
1947,,
1948,,
1949,1.084228,9.09831
1950,1.246729,8.978125
1951,1.198006,8.873252
1952,1.210465,8.735842
1953,1.159005,8.775445
1954,1.145673,8.853652
1955,1.293941,9.019764
1956,1.311822,9.108809
1957,1.281657,9.166672
1958,1.236205,9.109585
1959,1.274462,9.167504
1960,1.403284,9.184876
1961,1.513152,9.394944
1962,1.453447,9.486982
1963,1.5589,9.625476
1964,1.726804,9.672626
1965,1.622481,9.677376
1966,1.221313,9.672082
1967,1.146874,9.636927
1968,.9301615,9.628588
1969,.8601999,9.666533
1970,.7032347,9.699135
1971,.778451,9.754247
1972,.8437872,9.711114
1973,.9879351,9.713308
1974,1.092429,9.666738
1975,1.072888,9.702021
1976,1.185055,9.738077
1977,1.352444,9.76554
1978,1.566482,9.758035
1979,1.725149,9.794727
1980,1.7974,9.791619
1981,1.889048,9.811963
1982,2.095923,9.848249
1983,2.089868,9.847002
1984,1.991754,9.854341
1985,2.044325,9.894215
1986,2.140918,9.922887
1987,1.964464,9.965892
1988,1.80758,9.984434
1989,1.65813,10.01839
1990,1.534433,10.04886
1991,1.503015,10.09106
1992,1.478972,10.1568
1993,1.458998,10.23502
1994,1.378584,10.26231
1995,1.215262,10.26384
1996,1.053214,10.27995
1997,.8670139,10.33783
1998,.6507063,10.40343
1999,.4234028,10.41161
2000,.2077246,10.3891
2001,.0298595,10.38408
2002,-.0634241,10.36568
2003,-.0679731,10.28446
2004,.0415277,10.29679
2005,.1426411,10.31421
2006,.2655411,10.30333
2007,.5729485,10.27047
2008,.8021927,10.26663
2009,.9999371,10.31969
2010,1.092277,10.35624
