statefip,skill,basePop,netMig,lr,lincShared
"Alabama",0,93049,-3.214579,8.53431,9.005493
"Alabama",1,12968,-.565947,9.586309,9.005493
"Alabama",1,9870,-.976813,9.246747,8.517259
"Alabama",0,72029,-1.006117,7.937521,8.517259
"Alabama",0,123577,.4042559,8.736384,9.332416
"Alabama",1,18907,.614104,9.404466,9.332416
"Alabama",0,166028,1.537266,9.60253,9.903096
"Alabama",1,50070,1.697841,10.10358,9.903096
"Alabama",1,8702,.0303972,9.558837,9.072683
"Alabama",0,63673,.0041451,8.785147,9.072683
"Alabama",0,118481,-2.257969,8.14541,8.744959
"Alabama",1,17039,.5585891,9.540078,8.744959
"Alabama",1,12387,.3174925,9.242372,8.27267
"Alabama",0,86198,-4.335345,7.502712,8.27267
"Alabama",1,12987,-.0839211,10.24259,9.712792
"Alabama",0,37060,-.0599437,9.040322,9.712792
"Alabama",1,16614,-.3592986,9.122553,8.54555
"Alabama",0,136462,-4.678068,8.139739,8.54555
"Alabama",0,42503,-2.040101,7.9254,8.563128
"Alabama",1,5975,1.031396,9.06319,8.563128
"Alabama",1,16827,-.5057336,10.02139,9.698118
"Alabama",0,51193,1.643634,9.254462,9.698118
"Arizona",0,29801,-3.079821,9.116102,9.389828
"Arizona",1,9487,-.2545306,9.750584,9.389828
"Arizona",0,46593,9.223418,9.449991,9.812998
"Arizona",1,23316,3.504556,9.835423,9.812998
"Arizona",0,11313,14.58621,9.502002,9.823701
"Arizona",1,3900,5.25866,9.77817,9.823701
"Arizona",0,35089,.9279182,9.371202,9.756205
"Arizona",1,16963,6.218781,9.944297,9.756205
"Arkansas",1,7687,.8605605,9.43968,8.544274
"Arkansas",0,27174,-1.571957,7.368616,8.544274
"Arkansas",1,5700,-1.228286,8.778743,8.261139
"Arkansas",0,51290,-2.879452,7.737425,8.261139
"Arkansas",0,71073,-4.66451,8.569365,9.110243
"Arkansas",1,13609,1.444227,9.570373,9.110243
"Arkansas",0,56330,-6.161983,,8.520547
"Arkansas",1,7578,-2.503599,9.04114,8.520547
"Arkansas",1,21588,1.969058,10.05355,9.844755
"Arkansas",0,49512,.3769339,8.986903,9.844755
"Arkansas",0,54308,-3.643192,8.493655,8.864354
"Arkansas",1,8000,1.444437,9.484355,8.864354
"Arkansas",1,8764,.020611,9.310895,8.689366
"Arkansas",0,54309,1.510948,8.156659,8.689366
"Arkansas",0,78556,-2.818007,8.638505,8.977847
"Arkansas",1,15766,.1802337,9.228269,8.977847
"Arkansas",0,94957,-4.179119,7.929854,8.545951
"Arkansas",1,12123,-1.201905,9.255761,8.545951
"Arkansas",1,14150,-.1549605,9.508644,8.645334
"Arkansas",0,100718,1.570498,8.049137,8.645334
"Arkansas",1,9148,-.8614451,9.483672,8.791377
"Arkansas",0,47501,-.3936521,8.202031,8.791377
"California",0,18689,2.732863,9.466832,9.727693
"California",1,7657,3.24907,9.556271,9.727693
"California",0,28361,5.306505,9.542558,9.728121
"California",1,11100,4.308051,9.536619,9.728121
"California",1,301720,.8445955,10.17702,10.29782
"California",0,425492,2.654247,9.923716,10.29782
"California",0,48086,6.165845,9.538387,9.967024
"California",1,29227,2.085031,9.906507,9.967024
"California",1,20288,4.595323,9.838631,9.712545
"California",0,46889,5.860637,9.198708,9.712545
"California",0,37969,3.625685,9.384835,9.596107
"California",1,18048,-.6248103,9.30539,9.596107
"California",0,39831,1.438873,9.751222,10.18651
"California",1,21050,7.496592,10.22846,10.18651
"California",0,32077,10.43515,9.132033,9.547411
"California",1,14918,3.88552,9.701764,9.547411
"California",1,14748,-.6584129,9.960901,9.998736
"California",0,34765,3.716196,9.670866,9.998736
"California",1,31134,6.264555,10.11879,10.00981
"California",0,75785,12.47112,9.677656,10.00981
"California",0,47478,5.383801,9.33689,9.819613
"California",1,21451,1.52911,10.09624,9.819613
"California",1,19400,5.959476,9.843281,9.957109
"California",0,34296,8.926177,9.652565,9.957109
"California",1,569281,4.277363,10.02693,10.12007
"California",0,773205,5.807509,9.704842,10.12007
"California",1,48784,3.693546,9.809353,9.89404
"California",0,66065,5.626518,9.524828,9.89404
"California",1,22074,6.048895,9.81171,9.821502
"California",0,37441,12.44728,8.897264,9.821502
"California",0,41910,4.029113,9.312192,9.824309
"California",1,23216,1.970027,10.06214,9.824309
"California",1,23353,3.172186,9.689738,9.767765
"California",0,55457,18.73366,9.553615,9.767765
"Colorado",0,23516,-4.818107,9.186466,9.503972
"Colorado",1,11477,1.374561,9.608027,9.503972
"Colorado",0,37861,8.727167,8.754571,9.162745
"Colorado",1,13599,6.389429,9.18477,9.162745
"Colorado",1,25495,-.7368407,9.462534,9.378952
"Colorado",0,50098,2.426151,8.700521,9.378952
"Colorado",0,35237,-2.288943,8.810628,9.408055
"Colorado",1,19985,-4.485531,9.441736,9.408055
"Colorado",0,102929,.116947,9.528079,10.00173
"Colorado",1,72364,-.1249337,10.04074,10.00173
"Colorado",1,20342,.9460292,9.871567,9.820618
"Colorado",0,55977,-1.478007,9.565435,9.820618
"Connecticut",1,8605,1.994366,10.06813,10.09596
"Connecticut",0,31508,4.457408,9.75541,10.09596
"Connecticut",1,52692,1.894469,10.26924,10.30251
"Connecticut",0,151798,1.828451,9.91459,10.30251
"Connecticut",1,67837,-.2985604,10.22597,10.27273
"Connecticut",0,174660,1.094447,9.915019,10.27273
"Connecticut",1,58009,.8957701,10.34708,10.3606
"Connecticut",0,154099,.2149848,9.961311,10.3606
"Connecticut",1,23856,.7640068,9.906554,10.03745
"Connecticut",0,93944,1.651104,9.74064,10.03745
"Delaware",1,7400,2.538136,9.565723,9.424948
"Delaware",0,31999,2.157415,9.039948,9.424948
"Delaware",0,61061,.6548615,9.845238,10.27501
"Delaware",1,22010,1.564927,10.40376,10.27501
"District of Columbia",1,,,,
"District of Columbia",0,,,,
"Florida",1,10179,1.273752,10.04651,9.578054
"Florida",0,56553,3.463106,9.261934,9.578054
"Florida",0,32648,4.733999,9.049532,9.344354
"Florida",1,6600,3.279148,9.678851,9.344354
"Florida",1,26004,2.11494,10.1129,9.957034
"Florida",0,76032,-.3018543,9.631845,9.957034
"Florida",1,14248,.333126,9.836007,9.129844
"Florida",0,75808,.153238,8.616411,9.129844
"Florida",1,11870,2.016841,9.003038,9.426588
"Florida",0,27796,5.485806,9.062513,9.426588
"Florida",1,34977,.9618515,9.717503,9.585125
"Florida",0,100179,2.3299,9.253324,9.585125
"Florida",1,36003,2.742445,9.834795,9.700479
"Florida",0,88448,.4001575,9.324739,9.700479
"Florida",1,21439,5.672796,9.832827,9.555885
"Florida",0,61818,11.98698,9.153229,9.555885
"Florida",1,41987,9.179627,10.17019,10.18158
"Florida",0,61405,17.18508,9.731665,10.18158
"Georgia",1,9174,1.272229,9.703154,9.541907
"Georgia",0,70450,.7284236,9.235486,9.541907
"Georgia",1,21460,.8923845,9.795894,9.13393
"Georgia",0,110770,1.749225,8.700938,9.13393
"Georgia",0,29622,2.357045,8.195321,8.679787
"Georgia",1,3343,1.101168,9.389277,8.679787
"Georgia",1,13780,-1.587508,9.600397,8.861208
"Georgia",0,93936,-.035278,8.386172,8.861208
"Georgia",1,74035,.0648311,10.23849,9.993139
"Georgia",0,175845,1.018489,9.568463,9.993139
"Georgia",1,18917,.2812117,9.473082,9.259694
"Georgia",0,107678,-1.325487,8.89525,9.259694
"Georgia",1,8828,-.2850099,9.334067,8.847018
"Georgia",0,61345,.9576333,8.337372,8.847018
"Georgia",1,7000,2.430002,10.47946,9.83198
"Georgia",0,30037,-1.190701,9.432252,9.83198
"Georgia",1,8303,.2695636,9.861663,9.667454
"Georgia",0,28794,2.426072,9.252236,9.667454
"Georgia",0,64941,-4.235168,7.419023,8.65894
"Georgia",1,9814,-.3839208,9.188467,8.65894
"Georgia",1,13062,-.2285815,9.633832,8.841406
"Georgia",0,100683,-3.758407,8.340693,8.841406
"Georgia",1,16354,1.055125,9.370645,8.754765
"Georgia",0,101452,-1.793627,8.247072,8.754765
"Georgia",0,43741,-.0928631,8.715678,9.143807
"Georgia",1,7948,-1.934648,10.01113,9.143807
"Georgia",0,44490,1.784894,9.402617,9.824761
"Georgia",1,12096,-1.060333,10.17765,9.824761
"Idaho",1,8952,-2.321574,9.780972,9.402684
"Idaho",0,22966,4.93452,9.08307,9.402684
"Idaho",1,11841,-3.073249,9.567966,9.575777
"Idaho",0,19982,.0031424,9.150736,9.575777
"Idaho",1,16875,5.728357,9.371998,9.553545
"Idaho",0,32668,1.889268,9.151216,9.553545
"Idaho",0,22467,1.432729,8.72053,9.27487
"Idaho",1,13269,-2.963398,9.467871,9.27487
"Idaho",1,17276,1.302037,9.513976,9.438047
"Idaho",0,33721,3.170775,8.973841,9.438047
"Illinois",0,74301,2.711278,9.395151,9.771945
"Illinois",1,26869,.2836809,9.835145,9.771945
"Illinois",0,36695,4.697323,9.826285,10.14751
"Illinois",1,13887,4.349373,10.22568,10.14751
"Illinois",0,42807,4.450302,9.679475,10.05936
"Illinois",1,15616,0,10.06844,10.05936
"Illinois",1,7404,.7779377,9.923675,9.845675
"Illinois",0,18305,1.843712,9.354,9.845675
"Illinois",1,670288,-1.0262,10.19978,10.29552
"Illinois",0,1776702,-.9659214,9.906569,10.29552
"Illinois",0,107491,-.9141162,8.997767,9.390276
"Illinois",1,40849,.6525549,9.402832,9.390276
"Illinois",1,27038,-1.45813,9.513945,9.379621
"Illinois",0,105049,-.1128044,8.926385,9.379621
"Illinois",0,67473,1.206907,9.420774,9.780149
"Illinois",1,17372,.8097119,10.00686,9.780149
"Illinois",0,79609,.4703816,9.341394,9.633243
"Illinois",1,22861,-.6704401,9.645844,9.633243
"Illinois",1,26511,.0457094,10.03444,10.10609
"Illinois",0,71937,2.014261,9.796989,10.10609
"Illinois",0,40548,-.6977758,9.617514,10.04618
"Illinois",1,16777,1.069342,10.23693,10.04618
"Illinois",0,153210,.0431747,9.145754,9.581001
"Illinois",1,59878,.6363568,9.612803,9.581001
"Illinois",0,56339,.1869892,8.91526,9.359148
"Illinois",1,9975,.3679464,9.553414,9.359148
"Illinois",0,131019,-.5016935,9.761016,10.01435
"Illinois",1,26049,.01146,10.22035,10.01435
"Illinois",0,51355,5.464077,8.969366,9.273238
"Illinois",1,8161,4.667653,9.430642,9.273238
"Illinois",1,11152,-.9679043,9.38847,9.43072
"Illinois",0,40506,-.0232297,9.152804,9.43072
"Illinois",0,79478,-.5733957,9.330514,9.560741
"Illinois",1,13477,-.8358884,9.822202,9.560741
"Illinois",0,53781,-2.248595,9.151794,9.439151
"Illinois",1,10259,-.6605247,9.800178,9.439151
"Indiana",0,52499,7.126652,9.825762,10.05396
"Indiana",1,18025,2.471499,9.943013,10.05396
"Indiana",0,108535,2.678884,10.05388,10.30016
"Indiana",1,37160,.0960912,10.31755,10.30016
"Indiana",1,21428,-1.735573,10.20511,10.14667
"Indiana",0,59237,-2.313271,9.873342,10.14667
"Indiana",1,14416,2.352941,9.244336,9.203376
"Indiana",0,36584,3.05098,8.687243,9.203376
"Indiana",1,42390,.2609774,9.470646,9.524721
"Indiana",0,95553,.5842993,9.148044,9.524721
"Indiana",1,23920,.3247702,9.502094,9.522545
"Indiana",0,68453,.9634849,9.109756,9.522545
"Indiana",0,51895,-.4570591,9.909799,10.16474
"Indiana",1,23150,-.117263,10.09937,10.16474
"Indiana",1,53377,1.148641,9.882552,9.928336
"Indiana",0,137196,1.181175,9.617936,9.928336
"Indiana",1,32014,.5087334,9.332164,9.379292
"Indiana",0,78653,2.811136,8.984138,9.379292
"Indiana",1,77995,.2713141,10.2563,10.17343
"Indiana",0,157894,1.752519,9.781004,10.17343
"Indiana",1,43183,-.3455044,9.696625,9.520698
"Indiana",0,141764,-1.376611,9.152637,9.520698
"Indiana",1,14770,4.072855,10.01627,10.02117
"Indiana",0,46612,6.962954,9.679797,10.02117
"Indiana",1,17746,-2.001423,9.58074,9.328274
"Indiana",0,66594,-2.909651,8.960691,9.328274
"Indiana",1,12990,-1.67041,9.338065,9.18403
"Indiana",0,48013,-.9851974,8.682143,9.18403
"Indiana",1,6678,.3409711,10.01455,9.785374
"Indiana",0,22650,4.337152,9.469975,9.785374
"Iowa",1,22600,-3.013479,9.451228,9.156572
"Iowa",0,57009,-1.448329,8.168159,9.156572
"Iowa",1,23845,-.8986286,8.577682,8.903971
"Iowa",0,55053,-2.214251,8.006392,8.903971
"Iowa",0,33089,-.5072804,9.441609,9.90933
"Iowa",1,20136,-3.006106,9.989053,9.90933
"Iowa",0,143161,-.1375698,8.943144,9.430229
"Iowa",1,60372,-.0108091,9.386256,9.430229
"Iowa",1,13383,-2.327173,9.373382,9.029186
"Iowa",0,33369,1.067334,8.391442,9.029186
"Iowa",0,89815,-2.066119,8.732674,9.344326
"Iowa",1,39074,-1.541637,9.650923,9.344326
"Iowa",1,41207,-1.598442,10.21708,10.10107
"Iowa",0,53260,.5864482,9.653881,10.10107
"Iowa",0,42852,-1.935842,8.367666,8.829186
"Iowa",1,18465,-.8154346,8.428554,8.829186
"Iowa",0,63520,-1.174416,8.904972,9.281616
"Iowa",1,20096,-2.126387,9.347132,9.281616
"Iowa",0,75267,-1.775262,8.707542,9.272702
"Iowa",1,38350,-1.507697,9.340367,9.272702
"Iowa",1,59124,-.24169,9.640706,9.675926
"Iowa",0,133685,.2448018,9.151611,9.675926
"Iowa",0,31913,-1.590873,9.778811,10.08297
"Iowa",1,12088,-1.245426,9.940217,10.08297
"Kansas",1,14477,-5.868521,9.224542,9.104784
"Kansas",0,25073,-7.785082,7.042887,9.104784
"Kansas",0,48053,-4.942733,8.276368,9.028514
"Kansas",1,22232,-4.002276,9.135257,9.028514
"Kansas",1,26453,-3.2294,9.259079,8.833915
"Kansas",0,58826,-3.255198,7.72506,8.833915
"Kansas",1,28076,-.3832054,9.497053,9.422951
"Kansas",0,50211,-1.466399,8.774966,9.422951
"Kansas",1,30123,-1.682856,9.767325,9.732501
"Kansas",0,43383,-1.482872,9.175538,9.732501
"Kansas",0,38617,-4.568423,8.459726,9.13157
"Kansas",1,19368,-1.936708,9.041179,9.13157
"Kansas",0,65798,-3.553616,8.794273,9.314723
"Kansas",1,32243,-1.585051,9.545844,9.314723
"Kansas",1,44730,-3.153534,9.828085,9.553057
"Kansas",0,79353,-4.009413,8.863658,9.553057
"Kansas",1,25147,-2.217744,9.862617,9.923575
"Kansas",0,63682,.9152416,9.676192,9.923575
"Kansas",0,51758,-4.44978,8.586957,9.1104
"Kansas",1,19886,-1.362291,9.083055,9.1104
"Kansas",1,28727,-1.283017,9.635879,9.407156
"Kansas",0,70804,-4.654831,9.017883,9.407156
"Kentucky",1,10934,-.1448394,9.757616,9.18391
"Kentucky",0,58108,1.984299,8.792713,9.18391
"Kentucky",0,49381,-2.976982,8.756398,9.211987
"Kentucky",1,10008,0,9.671881,9.211987
"Kentucky",1,7866,.2130561,8.849179,8.707107
"Kentucky",0,86006,-1.960116,8.309663,8.707107
"Kentucky",1,3900,.9786411,9.577971,8.620345
"Kentucky",0,36973,.3743302,8.096798,8.620345
"Kentucky",0,62734,-4.421038,8.396725,8.837211
"Kentucky",1,10846,-.021745,9.086403,8.837211
"Kentucky",0,79341,-3.270837,7.987806,8.392462
"Kentucky",1,6478,-.8156702,8.825955,8.392462
"Kentucky",1,25702,-.1795002,9.720515,9.069817
"Kentucky",0,110231,-.7334496,8.284387,9.069817
"Kentucky",1,44630,.5525343,10.03735,10.053
"Kentucky",0,150471,.5135801,9.694546,10.053
"Kentucky",1,14793,.2496598,10.17958,10.17311
"Kentucky",0,65316,2.261918,9.952866,10.17311
"Kentucky",1,26281,0,9.75022,9.63295
"Kentucky",0,74771,1.812928,9.21947,9.63295
"Kentucky",0,149321,-2.857437,8.780592,9.118326
"Kentucky",1,15687,-.5781538,9.94276,9.118326
"Kentucky",1,11306,.2021854,9.629459,9.230726
"Kentucky",0,99978,-.3306854,9.019016,9.230726
"Louisiana",0,52383,1.900611,8.622293,9.09497
"Louisiana",1,9334,1.782329,9.918603,9.09497
"Louisiana",0,48624,.3445748,9.434483,9.76854
"Louisiana",1,19576,4.545455,9.978492,9.76854
"Louisiana",0,91365,-2.24318,8.188299,8.939028
"Louisiana",1,18167,-.5313516,9.628353,8.939028
"Louisiana",1,7992,.3652835,9.601453,8.751686
"Louisiana",0,74136,.1595071,8.201262,8.751686
"Louisiana",0,69453,1.185559,8.606927,9.039409
"Louisiana",1,14558,-1.464094,9.665099,9.039409
"Louisiana",1,21326,1.723791,10.16711,9.462605
"Louisiana",0,88142,2.038038,8.994981,9.462605
"Louisiana",0,224437,-1.28067,9.540289,9.959651
"Louisiana",1,64318,-.3809458,10.21517,9.959651
"Louisiana",1,11069,.5411597,9.657043,9.130588
"Louisiana",0,99804,1.869707,8.755157,9.130588
"Louisiana",1,10431,1.700343,9.992172,9.238718
"Louisiana",0,67318,-1.147282,8.802756,9.238718
"Louisiana",0,29861,2.519292,8.309051,8.685593
"Louisiana",1,5387,-.6014525,9.206226,8.685593
"Maine",0,94205,.5210396,9.408036,9.760981
"Maine",1,34576,.388256,9.786044,9.760981
"Maine",0,45193,-1.575821,9.185213,9.491202
"Maine",1,19789,-2.923887,9.656968,9.491202
"Maine",1,33420,1.080127,9.881777,9.975008
"Maine",0,77678,2.215161,9.690309,9.975008
"Maine",1,28476,-.9053591,9.75736,9.97937
"Maine",0,42656,-1.488781,9.700406,9.97937
"Maryland",0,40706,-.1540676,9.452703,9.786217
"Maryland",1,8623,1.982607,9.748056,9.786217
"Maryland",1,17971,-.7545398,9.391986,9.722147
"Maryland",0,77849,2.693592,9.325372,9.722147
"Maryland",1,108618,.9530658,10.23941,10.22484
"Maryland",0,407296,.988343,9.935455,10.22484
"Maryland",1,21185,25.86362,10.5031,10.39425
"Maryland",0,33150,21.17236,9.957112,10.39425
"Maryland",0,14112,-.3573936,8.576492,8.964308
"Maryland",1,1557,1.359372,9.458186,8.964308
"Maryland",0,31114,.9163103,8.607936,9.244206
"Maryland",1,4900,1.943689,9.90354,9.244206
"Maryland",0,43016,1.095974,9.221797,9.491329
"Maryland",1,6164,1.016673,9.643472,9.491329
"Massachusetts",0,60485,-.4933568,9.852732,10.15722
"Massachusetts",1,21403,.0158753,10.09266,10.15722
"Massachusetts",0,143670,.2122984,9.914553,10.21857
"Massachusetts",1,57933,-.9424463,10.19383,10.21857
"Massachusetts",0,167345,.0789326,9.986222,10.27663
"Massachusetts",1,55630,.1690772,9.933328,10.27663
"Massachusetts",1,479608,-.2569101,10.15221,10.26165
"Massachusetts",0,819679,-.3672014,9.86031,10.26165
"Massachusetts",1,8763,4.080893,9.699497,9.758612
"Massachusetts",0,13291,1.81373,9.324645,9.758612
"Massachusetts",0,54318,2.012835,9.768466,10.10682
"Massachusetts",1,30140,-.3552061,10.08352,10.10682
"Massachusetts",0,149803,-.4275232,9.724166,10.04953
"Massachusetts",1,35684,-1.186067,10.16325,10.04953
"Michigan",1,19002,-.1069565,9.731503,9.730345
"Michigan",0,74494,.3208693,9.472727,9.730345
"Michigan",1,10452,-2.20724,9.802991,9.696385
"Michigan",0,39384,-.5016454,9.477782,9.696385
"Michigan",0,28692,3.365866,8.885415,9.468595
"Michigan",1,9218,2.374044,9.798269,9.468595
"Michigan",0,44647,.1252155,8.86024,9.19563
"Michigan",1,10458,.8855821,9.619906,9.19563
"Michigan",0,34593,4.017217,9.039847,9.405296
"Michigan",1,9318,2.760128,9.427677,9.405296
"Michigan",0,66072,-1.780462,9.30009,9.64981
"Michigan",1,17221,-.1200581,9.73233,9.64981
"Michigan",1,13041,.1234506,9.971651,10.0324
"Michigan",0,46902,4.55099,9.7578,10.0324
"Michigan",1,8699,-.6563833,8.892891,8.889267
"Michigan",0,37006,1.595012,,8.889267
"Michigan",1,9928,1.051978,9.931098,9.774323
"Michigan",0,35130,3.799547,9.457103,9.774323
"Michigan",1,29422,.3804777,10.06262,10.00385
"Michigan",0,75709,.7466875,9.713854,10.00385
"Michigan",0,34364,.463951,9.899373,10.15477
"Michigan",1,8744,3.479633,10.37569,10.15477
"Michigan",0,39364,1.187506,9.434478,9.73233
"Michigan",1,15541,1.573627,9.62927,9.73233
"Michigan",0,89477,1.849838,9.417637,9.768005
"Michigan",1,34642,.4237868,9.798266,9.768005
"Michigan",0,82798,-1.277051,9.99174,10.17881
"Michigan",1,26673,-1.154644,10.10064,10.17881
"Michigan",0,42145,-.9766284,9.737549,10.12564
"Michigan",1,22977,.0552809,10.10212,10.12564
"Michigan",0,64449,6.37861,9.652024,10.06723
"Michigan",1,27107,-.3276683,10.19122,10.06723
"Michigan",0,862261,.55957,10.03826,10.33767
"Michigan",1,320433,.4413652,10.29024,10.33767
"Michigan",1,13076,1.214168,9.409009,9.273031
"Michigan",0,33705,.444625,8.813498,9.273031
"Michigan",1,18519,2.726746,9.654161,9.794731
"Michigan",0,57469,1.942412,9.539064,9.794731
"Michigan",1,15210,-.6689112,10.04007,10.09335
"Michigan",0,29639,2.675645,9.717147,10.09335
"Minnesota",0,52928,.4268895,8.577195,9.131537
"Minnesota",1,13834,.1303136,9.706935,9.131537
"Minnesota",0,68976,1.601531,9.065466,9.410595
"Minnesota",1,17254,.291082,9.876749,9.410595
"Minnesota",1,31880,-2.365727,10.14751,10.01179
"Minnesota",0,72739,-1.559946,9.674994,10.01179
"Minnesota",0,54359,-3.453041,8.20265,8.818426
"Minnesota",1,10048,.4285249,9.492793,8.818426
"Minnesota",1,7192,0,9.292448,8.592249
"Minnesota",0,45063,2.133767,7.914511,8.592249
"Minnesota",0,68971,.5999272,8.162603,8.843632
"Minnesota",1,16206,-.273548,9.1441,8.843632
"Minnesota",0,130851,-.2634853,8.720801,9.405725
"Minnesota",1,39557,.1026947,9.739861,9.405725
"Minnesota",1,171339,-1.007572,10.11831,10.19217
"Minnesota",0,309222,-.5489417,9.847713,10.19217
"Minnesota",1,25705,-.7342088,9.670295,9.507665
"Minnesota",0,79987,.6528403,8.5175,9.507665
"Minnesota",1,20316,-.2045762,9.468477,9.173278
"Minnesota",0,61805,-.166827,8.394353,9.173278
"Mississippi",1,18962,.0428555,9.451842,8.429946
"Mississippi",0,158378,.5841886,7.552341,8.429946
"Mississippi",0,99048,.4355127,7.084791,8.39744
"Mississippi",1,12315,.1679193,9.549275,8.39744
"Mississippi",1,18602,-2.320537,9.539313,8.890035
"Mississippi",0,80513,.75367,8.341335,8.890035
"Mississippi",0,30392,-.2985341,8.509362,9.456225
"Mississippi",1,14494,1.162946,10.19765,9.456225
"Mississippi",0,60480,-3.066808,7.733817,8.410099
"Mississippi",1,9332,-.9024236,8.523767,8.410099
"Mississippi",1,15039,-.7764858,9.490386,8.858904
"Mississippi",0,60558,1.644245,8.114673,8.858904
"Mississippi",0,102622,-1.080584,8.18688,8.742051
"Mississippi",1,20367,-3.057997,9.210212,8.742051
"Mississippi",0,68849,-4.018406,8.223112,8.726583
"Mississippi",1,14169,.2601846,8.865092,8.726583
"Mississippi",0,31443,.0949644,8.690068,9.078127
"Mississippi",1,9625,.7304958,4.895578,9.078127
"Mississippi",1,8076,1.351064,9.784094,9.427134
"Mississippi",0,24861,1.314631,8.992297,9.427134
"Missouri",0,208148,-1.817672,8.94313,9.348705
"Missouri",1,62913,.1505196,9.529259,9.348705
"Missouri",0,175383,-2.455812,9.679446,10.06265
"Missouri",1,109370,-2.618761,10.00889,10.06265
"Missouri",0,82248,-1.60442,8.164036,8.708524
"Missouri",1,27262,-1.804401,8.570014,8.708524
"Missouri",0,93125,2.674767,8.725548,9.185665
"Missouri",1,31970,-1.696311,9.325964,9.185665
"Missouri",0,75996,-4.81231,8.374509,9.012273
"Missouri",1,22917,-.5317804,8.762066,9.012273
"Missouri",0,58160,-1.49831,9.017182,9.398795
"Missouri",1,19928,-.7683639,9.599166,9.398795
"Missouri",0,48121,1.33317,8.173653,8.750484
"Missouri",1,8886,-.2736506,9.358729,8.750484
"Missouri",0,82270,.4442901,9.030793,9.366274
"Missouri",1,15639,.2032499,9.512856,9.366274
"Missouri",1,136165,-.6540335,10.11215,10.13486
"Missouri",0,470073,-1.305428,9.76278,10.13486
"Missouri",1,8738,-.8228993,9.547962,9.201944
"Missouri",0,47648,-2.186713,8.842337,9.201944
"Missouri",0,31946,2.064182,8.575893,9.00739
"Missouri",1,4388,-3.302692,9.349668,9.00739
"Missouri",0,47091,.3896564,8.773343,9.146325
"Missouri",1,6546,-.5593154,9.667665,9.146325
"Montana",0,25051,4.878884,9.42129,9.754784
"Montana",1,12888,4.712829,9.890293,9.754784
"Montana",0,40086,.5967041,9.617167,9.927993
"Montana",1,20413,.8264599,9.780928,9.927993
"Montana",1,12479,3.369471,9.824706,9.722625
"Montana",0,26815,-1.135033,9.406979,9.722625
"Montana",1,14289,-6.895958,9.750763,9.314035
"Montana",0,38046,-10.63724,8.952036,9.314035
"Montana",1,15074,.4067769,9.751105,9.435389
"Montana",0,34093,2.241341,8.955476,9.435389
"Nebraska",1,40821,-4.493165,9.292074,8.980418
"Nebraska",0,87485,-4.923386,8.166026,8.980418
"Nebraska",1,22964,-3.029457,9.461019,9.173265
"Nebraska",0,52231,-5.292905,8.591283,9.173265
"Nebraska",1,15527,-2.222255,9.22261,8.782613
"Nebraska",0,53502,-9.380116,7.807133,8.782613
"Nebraska",1,21615,.0170035,9.017416,8.861081
"Nebraska",0,54840,-4.099144,8.104457,8.861081
"Nebraska",1,15378,-2.03704,9.543881,9.00422
"Nebraska",0,43531,-4.031642,8.264094,9.00422
"Nebraska",1,18479,-1.376462,8.988215,8.903207
"Nebraska",0,46906,-3.019041,8.263164,8.903207
"Nebraska",1,27974,-8.323151,9.843928,9.879404
"Nebraska",0,28495,-4.935451,9.268569,9.879404
"Nebraska",1,52791,-.6579769,10.13671,10.13353
"Nebraska",0,83384,-4.002203,9.729836,10.13353
"Nevada",0,25365,3.911531,9.605715,9.965701
"Nevada",1,14875,2.012923,9.967999,9.965701
"New Hampshire",1,15770,3.212604,9.904408,9.872147
"New Hampshire",0,45800,1.783336,9.577214,9.872147
"New Hampshire",1,25108,2.187667,10.05392,9.992598
"New Hampshire",0,62931,.3180408,9.661241,9.992598
"New Hampshire",1,15751,0,10.04575,10.10612
"New Hampshire",0,53370,.3153889,9.877791,10.10612
"New Jersey",1,27941,.9480602,9.991393,9.984963
"New Jersey",0,72791,4.320375,9.614924,9.984963
"New Jersey",0,32208,1.825507,9.735041,10.02706
"New Jersey",1,8000,2.238361,10.22772,10.02706
"New Jersey",0,1164592,.3246211,10.03277,10.38132
"New Jersey",1,356566,.444464,10.39244,10.38132
"New Jersey",1,21159,.0400038,10.36929,10.27311
"New Jersey",0,73832,-.407407,9.934906,10.27311
"New Jersey",1,15794,.1529356,9.792424,9.903641
"New Jersey",0,49593,2.988362,9.582737,9.903641
"New Jersey",0,162260,2.18756,9.912268,10.20536
"New Jersey",1,45460,.3312151,10.22657,10.20536
"New Jersey",0,48692,2.385773,9.264359,9.878773
"New Jersey",1,15019,-1.726547,9.84431,9.878773
"New Mexico",0,34293,8.44096,9.056715,9.568565
"New Mexico",1,12396,7.282229,10.00766,9.568565
"New Mexico",0,25276,-1.319701,8.519159,9.058891
"New Mexico",1,5337,3.22412,9.799457,9.058891
"New Mexico",1,11251,-.9901552,9.789203,9.447951
"New Mexico",0,41569,-3.888679,9.107718,9.447951
"New Mexico",1,15204,.8212068,9.873707,9.582056
"New Mexico",0,45682,4.2867,9.220601,9.582056
"New York",0,30358,-3.016145,9.202651,9.648913
"New York",1,8168,-.9551991,10.02927,9.648913
"New York",1,105902,-.0307758,10.11279,10.16902
"New York",0,381494,-.0258517,9.836269,10.16902
"New York",1,59268,-1.107977,10.18012,10.30374
"New York",0,170430,.8942177,9.98933,10.30374
"New York",1,26179,-.4135692,9.839569,9.787854
"New York",0,70540,-.4694011,9.435707,9.787854
"New York",1,28809,1.158537,10.083,9.91752
"New York",0,79172,1.382651,9.569235,9.91752
"New York",0,80628,.4292149,9.626865,9.976251
"New York",1,32602,-.2649474,10.034,9.976251
"New York",0,72759,1.38612,9.548192,9.853042
"New York",1,25573,.3762763,9.818411,9.853042
"New York",1,47274,-1.08201,10.17234,10.19629
"New York",0,100599,-.9501396,9.804597,10.19629
"New York",1,9826,-.7117817,9.769189,9.999366
"New York",0,46371,-1.103262,9.707625,9.999366
"New York",1,25716,.1978223,9.735244,9.972745
"New York",0,97627,.6121142,9.73179,9.972745
"New York",1,16533,.8043221,9.697886,9.576198
"New York",0,49361,-.7678999,9.194894,9.576198
"New York",1,19800,1.45885,10.03911,10.13025
"New York",0,61634,-.7662647,9.792754,10.13025
"New York",1,28189,.2728503,9.797175,9.733827
"New York",0,111448,-1.348496,9.280794,9.733827
"New York",0,54358,2.438438,9.539176,9.848716
"New York",1,16343,1.021202,9.880753,9.848716
"New York",1,68706,.0361151,10.22744,10.2003
"New York",0,177728,-.7770844,9.793536,10.2003
"New York",0,157817,4.33865,9.584273,9.929276
"New York",1,43075,1.473926,9.810125,9.929276
"New York",0,3505907,-1.128452,9.838263,10.32067
"New York",1,1144445,-.7998965,10.15522,10.32067
"North Carolina",0,89332,-1.342852,8.579766,8.987055
"North Carolina",1,15445,.7558911,9.663218,8.987055
"North Carolina",1,13859,3.42073,9.914147,9.681371
"North Carolina",0,35838,1.368292,9.25388,9.681371
"North Carolina",0,180534,.5397865,9.105548,9.516487
"North Carolina",1,38812,-1.235035,9.915804,9.516487
"North Carolina",0,43116,-1.749819,9.565952,9.868187
"North Carolina",1,12204,.5422993,9.903386,9.868187
"North Carolina",1,22580,-.46873,10.2791,10.06593
"North Carolina",0,47823,1.08234,9.666555,10.06593
"North Carolina",1,10167,.5306729,9.801716,9.444364
"North Carolina",0,46365,-1.537182,9.054547,9.444364
"North Carolina",1,17613,.3478295,9.684469,9.711975
"North Carolina",0,84736,.9135409,9.38296,9.711975
"North Carolina",1,20820,-.9945647,9.911376,9.480681
"North Carolina",0,92697,-1.417409,9.048989,9.480681
"North Carolina",1,22099,2.930184,9.668633,9.986152
"North Carolina",0,41583,4.926039,9.449822,9.986152
"North Carolina",0,72925,-1.0161,8.197659,8.879132
"North Carolina",1,10925,.2516398,8.911788,8.879132
"North Carolina",1,14646,3.398401,10.04068,9.834475
"North Carolina",0,26491,-3.541823,8.695685,9.834475
"North Carolina",1,9464,-.3076397,9.648379,8.998313
"North Carolina",0,60748,.44152,8.559807,8.998313
"North Carolina",1,22943,-.0518622,9.642724,9.087587
"North Carolina",0,100461,-2.930213,8.47784,9.087587
"North Carolina",0,71936,.09895,8.865676,9.304004
"North Carolina",1,13966,1.720565,9.756667,9.304004
"North Carolina",1,6488,1.400521,9.630033,8.988326
"North Carolina",0,29213,-.1148427,8.429007,8.988326
"North Carolina",0,85967,1.899867,8.504025,9.138056
"North Carolina",1,18514,.3991156,9.768184,9.138056
"North Dakota",1,20303,-2.336354,9.360445,8.897678
"North Dakota",0,78141,-5.811426,8.028719,8.897678
"North Dakota",1,16909,-1.55722,9.04361,8.989694
"North Dakota",0,47308,-3.692169,8.232632,8.989694
"North Dakota",1,16278,-4.116698,9.504277,9.152255
"North Dakota",0,43843,-7.390097,8.508686,9.152255
"North Dakota",1,22816,-1.295463,9.92919,9.680065
"North Dakota",0,38938,-2.14561,8.116377,9.680065
"Ohio",1,35893,-.108919,9.623153,9.473111
"Ohio",0,93561,-.451898,8.579688,9.473111
"Ohio",0,137204,-2.21137,9.832686,10.13829
"Ohio",1,50779,-1.60174,10.10552,10.13829
"Ohio",1,57806,.0673196,9.791652,9.639147
"Ohio",0,139759,-.650925,9.21778,9.639147
"Ohio",1,54192,.8801669,9.475986,9.632572
"Ohio",0,131341,1.097918,9.155935,9.632572
"Ohio",0,124423,.6513284,9.827689,10.1869
"Ohio",1,69949,1.42716,10.13555,10.1869
"Ohio",0,109455,.4300666,9.81596,10.14976
"Ohio",1,58426,-.7946105,10.07701,10.14976
"Ohio",0,40294,1.931214,9.795226,10.13396
"Ohio",1,16665,-1.931214,10.25932,10.13396
"Ohio",0,65102,3.994818,9.750869,9.984016
"Ohio",1,25991,.393005,9.698658,9.984016
"Ohio",0,494698,-1.677128,9.892923,10.2476
"Ohio",1,211092,-.9784781,10.14856,10.2476
"Ohio",1,27085,.325542,9.809425,9.716694
"Ohio",0,65069,.015192,9.232972,9.716694
"Ohio",0,75332,3.539849,9.535001,9.818991
"Ohio",1,28712,2.222137,9.690784,9.818991
"Ohio",1,54656,-.1494593,10.17396,10.1808
"Ohio",0,123988,-3.055798,9.885321,10.1808
"Ohio",0,89168,-1.734104,9.808012,10.08343
"Ohio",1,27434,-.2452788,10.12956,10.08343
"Ohio",1,44232,-.4884196,10.20257,10.22631
"Ohio",0,135122,.886515,9.94641,10.22631
"Ohio",1,19011,1.703657,9.67838,9.719172
"Ohio",0,45556,2.081559,9.348753,9.719172
"Ohio",1,28250,-1.222431,9.72064,9.656976
"Ohio",0,95847,1.110422,9.38385,9.656976
"Ohio",0,75364,-.9386693,9.645372,9.947721
"Ohio",1,17640,-.2505269,10.05219,9.947721
"Ohio",0,52863,3.461613,8.807896,9.249333
"Ohio",1,14100,2.350552,9.126287,9.249333
"Ohio",0,240575,-1.660429,9.729091,10.14302
"Ohio",1,83016,-.5887061,10.2591,10.14302
"Ohio",1,13352,-1.856126,9.876653,9.498199
"Ohio",0,68108,.3989688,9.18459,9.498199
"Ohio",0,54977,-1.152168,8.999028,9.415247
"Ohio",1,15846,.5393728,9.735671,9.415247
"Oklahoma",0,45136,-12.12671,8.344175,8.83936
"Oklahoma",1,12159,-3.665241,9.063145,8.83936
"Oklahoma",0,68822,-3.951491,8.76614,9.285405
"Oklahoma",1,29470,-1.800757,9.412082,9.285405
"Oklahoma",0,62380,-.6379746,9.014257,9.415728
"Oklahoma",1,17247,-1.758198,9.893892,9.415728
"Oklahoma",0,59858,-3.69076,9.362852,10.01211
"Oklahoma",1,41151,-1.705789,10.16807,10.01211
"Oklahoma",0,99906,-12.31719,8.2191,8.904223
"Oklahoma",1,30424,-2.915676,9.287345,8.904223
"Oklahoma",1,25295,-1.476555,9.807531,9.330351
"Oklahoma",0,72297,-2.009386,8.742593,9.330351
"Oklahoma",0,70508,-3.868922,9.450303,9.905299
"Oklahoma",1,52472,-1.678322,9.987939,9.905299
"Oklahoma",0,78880,-4.838196,8.905576,9.341485
"Oklahoma",1,18429,-.1027654,9.768662,9.341485
"Oklahoma",0,44139,-2.912155,8.586962,8.991542
"Oklahoma",1,12108,2.087222,9.334225,8.991542
"Oklahoma",0,41679,-1.368037,7.900067,8.659161
"Oklahoma",1,7077,1.390598,9.346372,8.659161
"Oklahoma",1,18457,-3.228237,9.67875,9.236559
"Oklahoma",0,73110,-8.943178,8.807528,9.236559
"Oklahoma",0,66610,-2.993839,8.078007,8.732813
"Oklahoma",1,9680,-1.179709,9.276556,8.732813
"Oregon",1,10409,-.3555148,9.576932,9.738281
"Oregon",0,24470,4.134293,9.445427,9.738281
"Oregon",1,10522,9.12158,9.347508,9.467852
"Oregon",0,22082,-.3128451,7.272322,9.467852
"Oregon",0,32256,5.342244,9.269523,9.56263
"Oregon",1,14728,-1.064192,9.521667,9.56263
"Oregon",1,94220,.5112047,10.02085,10.03379
"Oregon",0,140324,.7162835,9.726751,10.03379
"Oregon",1,18202,.654097,9.555144,9.634417
"Oregon",0,29956,9.448067,9.321397,9.634417
"Oregon",0,52534,14.82154,9.365714,9.706422
"Oregon",1,25157,7.018831,9.715297,9.706422
"Pennsylvania",1,20836,.0451003,9.85384,9.931623
"Pennsylvania",0,58986,-.035078,9.575908,9.931623
"Pennsylvania",1,24418,-1.535704,9.94784,10.02764
"Pennsylvania",0,65964,-.6948286,9.713145,10.02764
"Pennsylvania",1,14042,-.2410255,10.01653,10.07934
"Pennsylvania",0,32841,-2.531835,9.819588,10.07934
"Pennsylvania",1,38108,.6007693,9.93327,9.855324
"Pennsylvania",0,102545,1.392789,9.514982,9.855324
"Pennsylvania",1,18119,1.550548,9.620028,9.526145
"Pennsylvania",0,59273,2.332283,9.242636,9.526145
"Pennsylvania",0,119014,-1.862644,9.337693,9.861534
"Pennsylvania",1,30612,-2.055124,8.355922,9.861534
"Pennsylvania",0,62176,-.2198291,9.467468,9.814337
"Pennsylvania",1,23345,-2.881164,9.747157,9.814337
"Pennsylvania",0,87380,-.8385937,9.346002,9.610184
"Pennsylvania",1,21612,-.2541471,9.666824,9.610184
"Pennsylvania",1,19637,-.3597673,9.840732,9.706949
"Pennsylvania",0,84875,.8592315,9.428291,9.706949
"Pennsylvania",0,774570,.0066368,9.825603,10.17846
"Pennsylvania",1,234953,-.3912739,10.20942,10.17846
"Pennsylvania",1,23586,-1.644749,9.81704,9.895341
"Pennsylvania",0,110173,-1.02423,9.64619,9.895341
"Pennsylvania",1,24239,-.3890113,9.781954,9.545949
"Pennsylvania",0,87840,-.6566796,9.125422,9.545949
"Pennsylvania",0,51241,-1.038703,9.761032,10.00559
"Pennsylvania",1,15188,-1.318701,9.940341,10.00559
"Pennsylvania",1,42698,.0874018,9.914409,9.781793
"Pennsylvania",0,201004,-1.242091,9.419072,9.781793
"Pennsylvania",1,41637,-.5889995,9.966528,9.902616
"Pennsylvania",0,174662,-1.311148,9.558216,9.902616
"Pennsylvania",1,14808,.5062266,9.948808,9.80654
"Pennsylvania",0,64208,1.208616,9.472823,9.80654
"Pennsylvania",1,30060,3.492956,10.10907,10.0375
"Pennsylvania",0,86632,2.057553,9.616447,10.0375
"Pennsylvania",1,15474,-.116109,10.12636,9.923125
"Pennsylvania",0,70652,-1.273715,9.61117,9.923125
"Pennsylvania",1,16701,.7233483,10.06705,9.934882
"Pennsylvania",0,78274,1.396157,9.581017,9.934882
"Pennsylvania",0,103033,-2.42675,9.72901,10.03052
"Pennsylvania",1,19765,-.7329109,9.872775,10.03052
"Pennsylvania",0,136434,-.1334964,9.772382,10.08616
"Pennsylvania",1,32859,-.2285978,10.19574,10.08616
"Pennsylvania",1,332097,-.5397623,10.16055,10.19455
"Pennsylvania",0,1105573,-.234268,9.834121,10.19455
"Rhode Island",1,76162,0,10.04599,10.09535
"Rhode Island",0,264562,-.1860744,9.792907,10.09535
"South Carolina",0,25551,-2.745616,8.958213,9.158426
"South Carolina",1,3987,1.398199,9.784904,9.158426
"South Carolina",0,137846,-.3237117,9.213338,9.574942
"South Carolina",1,36692,-.5534611,9.908815,9.574942
"South Carolina",1,10485,.0170107,9.593238,9.348372
"South Carolina",0,60059,-.0155931,9.110641,9.348372
"South Carolina",1,7975,-2.00261,9.643156,8.993989
"South Carolina",0,38764,.7531184,8.453689,8.993989
"South Carolina",1,5388,-1.540397,10.07064,8.986461
"South Carolina",0,33563,1.997381,8.445823,8.986461
"South Carolina",0,28821,-2.83908,9.269234,9.895032
"South Carolina",1,14362,2.547299,10.32047,9.895032
"South Carolina",0,102435,.2651512,8.238008,8.802149
"South Carolina",1,21268,0,9.652359,8.802149
"South Carolina",1,13085,.2471607,9.874507,8.967754
"South Carolina",0,67834,-.1693051,8.287324,8.967754
"South Carolina",0,36101,1.298386,8.401707,8.785407
"South Carolina",1,5027,3.678759,8.419044,8.785407
"South Carolina",0,36501,1.664073,9.116235,9.582644
"South Carolina",1,11694,.4627036,9.997814,9.582644
"South Carolina",1,3187,-1.336005,9.933875,9.236263
"South Carolina",0,19268,.4453351,8.938591,9.236263
"South Dakota",0,43100,-3.698886,8.866681,9.302265
"South Dakota",1,15323,-2.593157,9.710525,9.302265
"South Dakota",1,18858,-1.206515,9.504581,9.058571
"South Dakota",0,55737,-6.722971,8.464881,9.058571
"South Dakota",1,42500,-.1798347,9.431255,9.123443
"South Dakota",0,117091,-2.209398,8.290058,9.123443
"Tennessee",0,127430,-2.315048,8.042816,8.62982
"Tennessee",1,23366,-1.11873,9.284913,8.62982
"Tennessee",0,132027,-.2636199,9.474624,9.882524
"Tennessee",1,48536,-.1750082,10.12885,9.882524
"Tennessee",0,67126,-1.419976,7.744176,8.489285
"Tennessee",1,9988,-.907747,9.263919,8.489285
"Tennessee",0,44446,-.8907784,8.365227,8.668622
"Tennessee",1,4949,-1.417148,9.378812,8.668622
"Tennessee",1,7827,-.9331523,9.657187,8.740108
"Tennessee",0,39325,-3.289362,7.816369,8.740108
"Tennessee",0,89486,1.123617,8.023566,8.775254
"Tennessee",1,15621,1.320559,9.254474,8.775254
"Tennessee",0,95101,-1.62101,9.598899,10.03988
"Tennessee",1,35620,-1.173492,10.27455,10.03988
"Tennessee",1,9227,-.4102888,9.36949,8.749627
"Tennessee",0,66817,-5.509968,8.221717,8.749627
"Tennessee",1,2926,.2518511,9.684305,9.127621
"Tennessee",0,36780,.231703,8.859803,9.127621
"Tennessee",1,14073,-1.286846,9.86978,9.254629
"Tennessee",0,78168,-3.604688,8.769744,9.254629
"Tennessee",1,22489,-2.618351,10.14888,9.995369
"Tennessee",0,66040,-2.612703,9.479172,9.995369
"Tennessee",1,28318,-.5386655,10.0013,9.855547
"Tennessee",0,80655,1.229662,9.513186,9.855547
"Tennessee",1,18673,-.157032,10.05017,9.364832
"Tennessee",0,127794,-1.32931,8.865345,9.364832
"Texas",0,32538,10.26185,9.016983,9.355928
"Texas",1,10846,5.241563,9.576655,9.355928
"Texas",0,45307,-6.868375,9.507412,9.827395
"Texas",1,15639,-2.625275,9.998111,9.827395
"Texas",0,95692,-2.023143,8.677168,9.136949
"Texas",1,23133,.0698506,9.682968,9.136949
"Texas",0,51803,3.016971,9.295542,9.704744
"Texas",1,27979,1.863829,9.729119,9.704744
"Texas",0,55647,10.0644,8.840472,9.480392
"Texas",1,26186,4.083927,9.766157,9.480392
"Texas",0,164760,-5.685098,8.703286,9.154752
"Texas",1,61850,-2.739508,9.281088,9.154752
"Texas",0,49811,.3080857,8.219272,8.769787
"Texas",1,15106,-1.33093,9.119031,8.769787
"Texas",1,9699,1.53596,9.936443,9.077716
"Texas",0,30276,1.153221,8.147453,9.077716
"Texas",0,72052,1.61492,9.445278,9.836841
"Texas",1,39904,.7377898,9.933131,9.836841
"Texas",0,28114,-2.532094,7.855507,8.576368
"Texas",1,8575,-1.090245,8.910186,8.576368
"Texas",1,56266,-.5856779,9.641745,8.880234
"Texas",0,243899,-4.828344,8.198279,8.880234
"Texas",1,77130,-.0904403,10.21927,10.07164
"Texas",0,111945,1.21592,9.524633,10.07164
"Texas",1,8764,-6.683138,9.51031,9.194644
"Texas",0,23616,-4.070414,8.619659,9.194644
"Texas",1,16789,2.895222,9.941964,9.754999
"Texas",0,25004,12.7653,9.306291,9.754999
"Texas",1,13461,1.883901,9.580082,8.694012
"Texas",0,66161,-2.776871,8.046323,8.694012
"Texas",0,66619,-6.010513,7.833185,8.602686
"Texas",1,9664,-.7354195,9.229893,8.602686
"Texas",0,79353,2.875048,8.560726,9.213646
"Texas",1,19741,4.47353,9.81558,9.213646
"Texas",0,111739,-2.348404,9.363682,9.726518
"Texas",1,45389,-.8006212,9.791447,9.726518
"Texas",1,58663,-.6908327,9.545088,9.014362
"Texas",0,272821,-3.313584,8.478476,9.014362
"Texas",1,13847,-2.994924,9.646354,9.138259
"Texas",0,74803,1.857868,8.74799,9.138259
"Texas",1,25343,2.635884,9.760555,9.284074
"Texas",0,104860,1.454652,8.777199,9.284074
"Texas",1,74657,3.430337,10.17645,10.0383
"Texas",0,162550,2.710291,9.666189,10.0383
"Texas",0,38536,-.1282638,9.764369,10.10981
"Texas",1,16039,.1594137,10.31116,10.10981
"Texas",0,53161,7.210804,8.744407,9.271475
"Texas",1,16956,.1112426,9.66479,9.271475
"Utah",0,23994,.5062895,9.155412,9.398976
"Utah",1,14324,-2.547106,9.324202,9.398976
"Utah",1,16144,-1.338583,9.989675,9.819081
"Utah",0,27036,2.149143,9.411186,9.819081
"Utah",0,55145,-1.630802,9.806433,10.17814
"Utah",1,42537,-1.167052,10.16214,10.17814
"Utah",1,11450,-.4902081,8.979061,9.338562
"Utah",0,29145,-.7587141,8.991712,9.338562
"Vermont",1,13678,.5077827,10.13829,9.886917
"Vermont",0,37525,.5663731,9.445375,9.886917
"Vermont",0,75956,-.1438037,9.444604,9.80074
"Vermont",1,30439,-.6927017,9.833722,9.80074
"Virginia",1,4845,1.071031,10.07759,9.546032
"Virginia",0,55284,4.357298,9.338835,9.546032
"Virginia",0,68422,.3697475,8.8275,9.182979
"Virginia",1,9469,.3132583,9.325924,9.182979
"Virginia",0,58667,-1.042482,9.265121,9.585816
"Virginia",1,15387,-1.299052,9.787234,9.585816
"Virginia",1,15639,3.578222,10.22099,10.18171
"Virginia",0,37460,-.8474736,9.888688,10.18171
"Virginia",0,56508,1.520034,9.206412,9.525169
"Virginia",1,14872,1.260857,9.528147,9.525169
"Virginia",0,58940,-.1366905,9.052896,9.432446
"Virginia",1,14218,-.0601438,9.46103,9.432446
"Virginia",0,29896,10.7106,10.18771,10.41198
"Virginia",1,12772,35.5442,10.2544,10.41198
"Virginia",1,19210,-.8594435,10.03488,9.421391
"Virginia",0,97028,.5850067,9.029195,9.421391
"Virginia",0,91832,-.3918968,9.812716,10.1901
"Virginia",1,40856,1.147052,10.24619,10.1901
"Virginia",1,16030,.7555382,9.333393,9.115166
"Virginia",0,97002,.4096185,8.751366,9.115166
"Virginia",0,48392,1.416681,8.863096,9.22601
"Virginia",1,9278,-1.560603,9.913391,9.22601
"Virginia",1,10862,1.388278,10.26821,10.20676
"Virginia",0,20976,3.900999,9.88665,10.20676
"Virginia",0,63399,.9093584,8.783959,9.23869
"Virginia",1,11379,-.4011875,9.878813,9.23869
"Virginia",0,88578,.0746958,9.674176,10.03685
"Virginia",1,30572,-.4691565,10.31406,10.03685
"Washington",0,38706,6.050634,9.717857,9.919291
"Washington",1,14776,3.552597,9.920298,9.919291
"Washington",0,49962,2.625535,9.305616,9.599367
"Washington",1,20576,-1.258896,9.62549,9.599367
"Washington",1,5000,12.50303,10.13454,10.19545
"Washington",0,11500,12.50303,10.0547,10.19545
"Washington",0,139503,1.499843,9.791599,10.10812
"Washington",1,109523,-.3140234,9.988869,10.10812
"Washington",0,57214,-.9918264,9.746097,10.01194
"Washington",1,26470,.3154725,10.04445,10.01194
"Washington",1,14387,3.397418,10.07146,9.874473
"Washington",0,35651,12.64639,9.627576,9.874473
"Washington",0,14991,11.95013,9.315408,9.656043
"Washington",1,4900,2.448344,10.01265,9.656043
"Washington",0,23706,9.61913,9.42315,9.572545
"Washington",1,9665,8.678193,9.48271,9.572545
"Washington",1,19407,.8713497,9.626534,9.482743
"Washington",0,41992,1.970716,9.111095,9.482743
"Washington",0,11662,-9.64351,9.115555,9.464069
"Washington",1,5842,-8.443784,9.49774,9.464069
"Washington",0,21963,-5.193254,9.362226,9.702162
"Washington",1,14026,-4.506933,9.750631,9.702162
"Washington",0,47215,2.678924,9.701912,10.02217
"Washington",1,33937,-3.2014,10.0641,10.02217
"West Virginia",0,38219,-4.391052,9.513082,9.787496
"West Virginia",1,10061,-2.458575,9.754421,9.787496
"West Virginia",1,16990,.3496812,9.97859,10.06476
"West Virginia",0,62225,-1.281323,9.817269,10.06476
"West Virginia",1,2982,1.019992,9.379593,9.24175
"West Virginia",0,26430,-1.081191,8.668245,9.24175
"West Virginia",1,12917,.1927844,10.09632,9.898767
"West Virginia",0,45179,1.621454,9.545609,9.898767
"West Virginia",0,63817,-3.829002,8.726842,9.223829
"West Virginia",1,11529,0,9.680265,9.223829
"West Virginia",0,92749,-.6980437,9.321877,9.763271
"West Virginia",1,31312,-1.479917,9.929996,9.763271
"West Virginia",1,25471,.5019928,10.15611,9.916245
"West Virginia",0,139870,-1.767862,9.669269,9.916245
"West Virginia",1,28928,.2039228,10.18226,10.10495
"West Virginia",0,82879,2.169811,9.790062,10.10495
"West Virginia",0,83817,2.066028,8.959778,9.435301
"West Virginia",1,15262,-.5934658,9.947688,9.435301
"Wisconsin",0,75733,1.463544,9.06322,9.464194
"Wisconsin",1,18217,-.4257584,9.638664,9.464194
"Wisconsin",0,77515,.644912,9.763093,10.06801
"Wisconsin",1,23429,-.1218497,10.13378,10.06801
"Wisconsin",1,18300,.5295277,9.622422,9.090554
"Wisconsin",0,65926,-1.251395,8.285005,9.090554
"Wisconsin",1,18671,-1.861303,9.857457,9.479088
"Wisconsin",0,61273,-.9931953,9.069775,9.479088
"Wisconsin",0,44967,-1.273327,8.15825,8.969213
"Wisconsin",1,13227,-1.847269,9.15726,8.969213
"Wisconsin",1,24166,.4452003,9.761417,9.520616
"Wisconsin",0,88143,.6170476,9.123388,9.520616
"Wisconsin",0,35754,-1.398679,8.859321,9.158121
"Wisconsin",1,9074,-.8922994,9.296743,9.158121
"Wisconsin",0,63550,-.9104315,8.617387,9.151884
"Wisconsin",1,14435,-.228249,9.68033,9.151884
"Wisconsin",1,46169,.18538,10.03921,9.881178
"Wisconsin",0,169604,-.1825993,9.527967,9.881178
"Wisconsin",1,44658,1.146889,9.782556,9.685075
"Wisconsin",0,125280,1.442291,9.183321,9.685075
"Wisconsin",1,28950,-.7652585,10.30091,10.11116
"Wisconsin",0,35342,2.277111,9.414037,10.11116
"Wisconsin",1,105234,.0887417,10.14601,10.26434
"Wisconsin",0,298184,-.6633319,9.943361,10.26434
"Wyoming",0,28292,-2.580732,9.671426,10.00051
"Wyoming",1,16424,-.5367206,10.00204,10.00051
"Wyoming",1,9100,3.352516,9.947539,9.596979
"Wyoming",0,20788,-1.047243,9.051331,9.596979
"Wyoming",1,10449,4.450476,10.07322,9.707182
"Wyoming",0,28603,-4.985661,9.291863,9.707182
